#ifndef ABOUT_IMAGE_H
#define ABOUT_IMAGE_H

#include <stdint.h>

#define ABOUT_IMG_WIDTH  320
#define ABOUT_IMG_HEIGHT 240

static const uint16_t ABOUT_IMAGE_DATA[76800] = {
    0xffff, 0xffff, 0xffff, 0xffff, 0xffff, 0xffff, 0xffff, 0xffff, 0xffff, 0xffff, 0xffff, 0xffff, 0xffff, 0xffff, 0xffff, 0xffff,
    0xffff, 0xffff, 0xffff, 0xffff, 0xffff, 0xffff, 0xffff, 0xffff, 0xffff, 0xffff, 0xffff, 0xffff, 0xffff, 0xffff, 0xffff, 0xffff,
    0xffff, 0xffff, 0xffff, 0xffff, 0xffff, 0xffff, 0xffff, 0xffff, 0xffff, 0xffff, 0xffff, 0xffff, 0xffff, 0xffff, 0xffff, 0xffff,
    0xffff, 0xffff, 0xffff, 0xffff, 0xffff, 0xffff, 0xffff, 0xffff, 0xffff, 0xffff, 0xffff, 0xffff, 0xffff, 0xffff, 0xffff, 0xffff,
    0xffff, 0xffff, 0xffff, 0xffff, 0xffff, 0xffff, 0xffff, 0xffff, 0xffff, 0xffff, 0xffff, 0xffff, 0xffff, 0xffff, 0xffff, 0xffff,
    0xffff, 0xffff, 0xffff, 0xffff, 0xffff, 0xffff, 0xffff, 0xffff, 0xffff, 0xffff, 0xffff, 0xffff, 0xffff, 0xffff, 0xffff, 0xffff,
    0xffff, 0xffff, 0xffff, 0xffff, 0xffff, 0xffff, 0xffff, 0xffff, 0xffff, 0xffff, 0xffff, 0xffff, 0xffff, 0xffff, 0xffff, 0xffff,
    0xffff, 0xffff, 0xffff, 0xffff, 0xffff, 0xffff, 0xffff, 0xffff, 0xffff, 0xffff, 0xffff, 0xffff, 0xffff, 0xffff, 0xffff, 0xffff,
    0xffff, 0xffff, 0xffff, 0xffff, 0xffff, 0xffff, 0xffff, 0xffff, 0xffff, 0xffff, 0xffff, 0xffff, 0xffff, 0xffff, 0xffff, 0xffff,
    0xffff, 0xffff, 0xffff, 0xffff, 0xffff, 0xffff, 0xffff, 0xffff, 0xffff, 0xffff, 0xffff, 0xffff, 0xffff, 0xffff, 0xffff, 0xffff,
    0xffff, 0xffff, 0xffff, 0xffff, 0xffff, 0xffff, 0xffff, 0xffff, 0xffff, 0xffff, 0xffff, 0xffff, 0xffff, 0xffff, 0xffff, 0xffff,
    0xffff, 0xffff, 0xffff, 0xffff, 0xffff, 0xffff, 0xffff, 0xffff, 0xffff, 0xffff, 0xffff, 0xffff, 0xffff, 0xffff, 0xffff, 0xffff,
    0xffff, 0xffff, 0xffff, 0xffff, 0xffff, 0xffff, 0xffff, 0xffff, 0xffff, 0xffff, 0xffff, 0xffff, 0xffff, 0xffff, 0xffff, 0xffff,
    0xffff, 0xffff, 0xffff, 0xffff, 0xffff, 0xffff, 0xffff, 0xffff, 0xffff, 0xffff, 0xffff, 0xffff, 0xffff, 0xffff, 0xffff, 0xffff,
    0xffff, 0xffff, 0xffff, 0xffff, 0xffff, 0xffff, 0xffff, 0xffff, 0xffff, 0xffff, 0xffff, 0xffff, 0xffff, 0xffff, 0xffff, 0xffff,
    0xffff, 0xffff, 0xffff, 0xffff, 0xffff, 0xffff, 0xffff, 0xffff, 0xffff, 0xffff, 0xffff, 0xffff, 0xffff, 0xffff, 0xffff, 0xffff,
    0xffff, 0xffff, 0xffff, 0xffff, 0xffff, 0xffff, 0xffff, 0xffff, 0xffff, 0xffff, 0xffff, 0xffff, 0xffff, 0xffff, 0xffff, 0xffff,
    0xffff, 0xffff, 0xffff, 0xffff, 0xffff, 0xffff, 0xffff, 0xffff, 0xffff, 0xffff, 0xffff, 0xffff, 0xffff, 0xffff, 0xffff, 0xffff,
    0xffff, 0xffff, 0xffff, 0xffff, 0xffff, 0xffff, 0xffff, 0xffff, 0xffff, 0xffff, 0xffff, 0xffff, 0xffff, 0xffff, 0xffff, 0xffff,
    0xffff, 0xffff, 0xffff, 0xffff, 0xffff, 0xffff, 0xffff, 0xffff, 0xffff, 0xffff, 0xffff, 0xffff, 0xffff, 0xffff, 0xffff, 0xffff,
    0xffff, 0xffff, 0xffff, 0xffff, 0xffff, 0xffff, 0xffff, 0xffff, 0xffff, 0xffff, 0xffff, 0xffff, 0xffff, 0xffff, 0xffff, 0xffff,
    0xffff, 0xffff, 0xffff, 0xffff, 0xffff, 0xffff, 0xffff, 0xffff, 0xffff, 0xffff, 0xffff, 0xffff, 0xffff, 0xffff, 0xffff, 0xffff,
    0xffff, 0xffff, 0xffff, 0xffff, 0xffff, 0xffff, 0xffff, 0xffff, 0xffff, 0xffff, 0xffff, 0xffff, 0xffff, 0xffff, 0xffff, 0xffff,
    0xffff, 0xffff, 0xffff, 0xffff, 0xffff, 0xffff, 0xffff, 0xffff, 0xffff, 0xffff, 0xffff, 0xffff, 0xffff, 0xffff, 0xffff, 0xffff,
    0xffff, 0xffff, 0xffff, 0xffff, 0xffff, 0xffff, 0xffff, 0xffff, 0xffff, 0xffff, 0xffff, 0xffff, 0xffff, 0xffff, 0xffff, 0xffff,
    0xffff, 0xffff, 0xffff, 0xffff, 0xffff, 0xffff, 0xffff, 0xffff, 0xffff, 0xffff, 0xffff, 0xffff, 0xffff, 0xffff, 0xffff, 0xffff,
    0xffff, 0xffff, 0xffff, 0xffff, 0xffff, 0xffff, 0xffff, 0xffff, 0xffff, 0xffff, 0xffff, 0xffff, 0xffff, 0xffff, 0xffff, 0xffff,
    0xffff, 0xffff, 0xffff, 0xffff, 0xffff, 0xffff, 0xffff, 0xffff, 0xffff, 0xffff, 0xffff, 0xffff, 0xffff, 0xffff, 0xffff, 0xffff,
    0xffff, 0xffff, 0xffff, 0xffff, 0xffff, 0xffff, 0xffff, 0xffff, 0xffff, 0xffff, 0xffff, 0xffff, 0xffff, 0xffff, 0xffff, 0xffff,
    0xffff, 0xffff, 0xffff, 0xffff, 0xffff, 0xffff, 0xffff, 0xffff, 0xffff, 0xffff, 0xffff, 0xffff, 0xffff, 0xffff, 0xffff, 0xffff,
    0xffff, 0xffff, 0xffff, 0xffff, 0xffff, 0xffff, 0xffff, 0xffff, 0xffff, 0xffff, 0xffff, 0xffff, 0xffff, 0xffff, 0xffff, 0xffff,
    0xffff, 0xffff, 0xffff, 0xffff, 0xffff, 0xffff, 0xffff, 0xffff, 0xffff, 0xffff, 0xffff, 0xffff, 0xffff, 0xffff, 0xffff, 0xffff,
    0xffff, 0xffff, 0xffff, 0xffff, 0xffff, 0xffff, 0xffff, 0xffff, 0xffff, 0xffff, 0xffff, 0xffff, 0xffff, 0xffff, 0xffff, 0xffff,
    0xffff, 0xffff, 0xffff, 0xffff, 0xffff, 0xffff, 0xffff, 0xffff, 0xffff, 0xffff, 0xffff, 0xffff, 0xffff, 0xffff, 0xffff, 0xffff,
    0xffff, 0xffff, 0xffff, 0xffff, 0xffff, 0xffff, 0xffff, 0xffff, 0xffff, 0xffff, 0xffff, 0xffff, 0xffff, 0xffff, 0xffff, 0xffff,
    0xffff, 0xffff, 0xffff, 0xffff, 0xffff, 0xffff, 0xffff, 0xffff, 0xffff, 0xffff, 0xffff, 0xffff, 0xffff, 0xffff, 0xffff, 0xffff,
    0xffff, 0xffff, 0xffff, 0xffff, 0xffff, 0xffff, 0xffff, 0xffff, 0xffff, 0xffff, 0xffff, 0xffff, 0xffff, 0xffff, 0xffff, 0xffff,
    0xffff, 0xffff, 0xffff, 0xffff, 0xffff, 0xffff, 0xffff, 0xffff, 0xffff, 0xffff, 0xffff, 0xffff, 0xffff, 0xffff, 0xffff, 0xffff,
    0xffff, 0xffff, 0xffff, 0xffff, 0xffff, 0xffff, 0xffff, 0xffff, 0xffff, 0xffff, 0xffff, 0xffff, 0xffff, 0xffff, 0xffff, 0xffff,
    0xffff, 0xffff, 0xffff, 0xffff, 0xffff, 0xffff, 0xffff, 0xffff, 0xffff, 0xffff, 0xffff, 0xffff, 0xffff, 0xffff, 0xffff, 0xffff,
    0xffff, 0xffff, 0xffff, 0xffff, 0xffff, 0xffff, 0xffff, 0xffff, 0xffff, 0xffff, 0xffff, 0xffff, 0xffff, 0xffff, 0xffff, 0xffff,
    0xffff, 0xffff, 0xffff, 0xffff, 0xffff, 0xffff, 0xffff, 0xffff, 0xffff, 0xffff, 0xffff, 0xffff, 0xffff, 0xffff, 0xffff, 0xffff,
    0xffff, 0xffff, 0xffff, 0xffff, 0xffff, 0xffff, 0xffff, 0xffff, 0xffff, 0xffff, 0xffff, 0xffff, 0xffff, 0xffff, 0xffff, 0xffff,
    0xffff, 0xffff, 0xffff, 0xffff, 0xffff, 0xffff, 0xffff, 0xffff, 0xffff, 0xffff, 0xffff, 0xffff, 0xffff, 0xffff, 0xffff, 0xffff,
    0xffff, 0xffff, 0xffff, 0xffff, 0xffff, 0xffff, 0xffff, 0xffff, 0xffff, 0xffff, 0xffff, 0xffff, 0xffff, 0xffff, 0xffff, 0xffff,
    0xffff, 0xffff, 0xffff, 0xffff, 0xffff, 0xffff, 0xffff, 0xffff, 0xffff, 0xffff, 0xffff, 0xffff, 0xffff, 0xffff, 0xffff, 0xffff,
    0xffff, 0xffff, 0xffff, 0xffff, 0xffff, 0xffff, 0xffff, 0xffff, 0xffff, 0xffff, 0xffff, 0xffff, 0xffff, 0xffff, 0xffff, 0xffff,
    0xffff, 0xffff, 0xffff, 0xffff, 0xffff, 0xffff, 0xffff, 0xffff, 0xffff, 0xffff, 0xffff, 0xffff, 0xffff, 0xffff, 0xffff, 0xffff,
    0xffff, 0xffff, 0xffff, 0xffff, 0xffff, 0xffff, 0xffff, 0xffff, 0xffff, 0xffff, 0xffff, 0xffff, 0xffff, 0xffff, 0xffff, 0xffff,
    0xffff, 0xffff, 0xffff, 0xffff, 0xffff, 0xffff, 0xffff, 0xffff, 0xffff, 0xffff, 0xffff, 0xffff, 0xffff, 0xffff, 0xffff, 0xffff,
    0xffff, 0xffff, 0xffff, 0xffff, 0xffff, 0xffff, 0xffff, 0xffff, 0xffff, 0xffff, 0xffff, 0xffff, 0xffff, 0xffff, 0xffff, 0xffff,
    0xffff, 0xffff, 0xffff, 0xffff, 0xffff, 0xffff, 0xffff, 0xffff, 0xffff, 0xffff, 0xffff, 0xffff, 0xffff, 0xffff, 0xffff, 0xffff,
    0xffff, 0xffff, 0xffff, 0xffff, 0xffff, 0xffff, 0xffff, 0xffff, 0xffff, 0xffff, 0xffff, 0xffff, 0xffff, 0xffff, 0xffff, 0xffff,
    0xffff, 0xffff, 0xffff, 0xffff, 0xffff, 0xffff, 0xffff, 0xffff, 0xffff, 0xffff, 0xffff, 0xffff, 0xffff, 0xffff, 0xffff, 0xffff,
    0xffff, 0xffff, 0xffff, 0xffff, 0xffff, 0xffff, 0xffff, 0xffff, 0xffff, 0xffff, 0xffff, 0xffff, 0xffff, 0xffff, 0xffff, 0xffff,
    0xffff, 0xffff, 0xffff, 0xffff, 0xffff, 0xffff, 0xffff, 0xffff, 0xffff, 0xffff, 0xffff, 0xffff, 0xffff, 0xffff, 0xffff, 0xffff,
    0xffff, 0xffff, 0xffff, 0xffff, 0xffff, 0xffff, 0xffff, 0xffff, 0xffff, 0xffff, 0xffff, 0xffff, 0xffff, 0xffff, 0xffff, 0xffff,
    0xffff, 0xffff, 0xffff, 0xffff, 0xffff, 0xffff, 0xffff, 0xffff, 0xffff, 0xffff, 0xffff, 0xffff, 0xffff, 0xffff, 0xffff, 0xffff,
    0xffff, 0xffff, 0xffff, 0xffff, 0xffff, 0xffff, 0xffff, 0xffff, 0xffff, 0xffff, 0xffff, 0xffff, 0xffff, 0xffff, 0xffff, 0xffff,
    0xffff, 0xffff, 0xffff, 0xffff, 0xffff, 0xffff, 0xffff, 0xffff, 0xffff, 0xffff, 0xffff, 0xffff, 0xffff, 0xffff, 0xffff, 0xffff,
    0xffff, 0xffff, 0xffff, 0xffff, 0xffff, 0xffff, 0xffff, 0xffff, 0xffff, 0xffff, 0xffff, 0xffff, 0xffff, 0xffff, 0xffff, 0xffff,
    0xffff, 0xffff, 0xffff, 0xffff, 0xffff, 0xffff, 0xffff, 0xffff, 0xffff, 0xffff, 0xffff, 0xffff, 0xffff, 0xffff, 0xffff, 0xffff,
    0xffff, 0xffff, 0xffff, 0xffff, 0xffff, 0xffff, 0xffff, 0xffff, 0xffff, 0xffff, 0xffff, 0xffff, 0xffff, 0xffff, 0xffff, 0xffff,
    0xffff, 0xffff, 0xffff, 0xffff, 0xffff, 0xffff, 0xffff, 0xffff, 0xffff, 0xffff, 0xffff, 0xffff, 0xffff, 0xffff, 0xffff, 0xffff,
    0xffff, 0xffff, 0xffff, 0xffff, 0xffff, 0xffff, 0xffff, 0xffff, 0xffff, 0xffff, 0xffff, 0xffff, 0xffff, 0xffff, 0xffff, 0xffff,
    0xffff, 0xffff, 0xffff, 0xffff, 0xffff, 0xffff, 0xffff, 0xffff, 0xffff, 0xffff, 0xffff, 0xffff, 0xffff, 0xffff, 0xffff, 0xffff,
    0xffff, 0xffff, 0xffff, 0xffff, 0xffff, 0xffff, 0xffff, 0xffff, 0xffff, 0xffff, 0xffff, 0xffff, 0xffff, 0xffff, 0xffff, 0xffff,
    0xffff, 0xffff, 0xffff, 0xffff, 0xffff, 0xffff, 0xffff, 0xffff, 0xffff, 0xffff, 0xffff, 0xffff, 0xffff, 0xffff, 0xffff, 0xffff,
    0xffff, 0xffff, 0xffff, 0xffff, 0xffff, 0xffff, 0xffff, 0xffff, 0xffff, 0xffff, 0xffff, 0xffff, 0xffff, 0xffff, 0xffff, 0xffff,
    0xffff, 0xffff, 0xffff, 0xffff, 0xffff, 0xffff, 0xffff, 0xffff, 0xffff, 0xffff, 0xffff, 0xffff, 0xffff, 0xffff, 0xffff, 0xffff,
    0xffff, 0xffff, 0xffff, 0xffff, 0xffff, 0xffff, 0xffff, 0xffff, 0xffff, 0xffff, 0xffff, 0xffff, 0xffff, 0xffff, 0xffff, 0xffff,
    0xffff, 0xffff, 0xffff, 0xffff, 0xffff, 0xffff, 0xffff, 0xffff, 0xffff, 0xffff, 0xffff, 0xffff, 0xffff, 0xffff, 0xffff, 0xffff,
    0xffff, 0xffff, 0xffff, 0xffff, 0xffff, 0xffff, 0xffff, 0xffff, 0xffff, 0xffff, 0xffff, 0xffff, 0xffff, 0xffff, 0xffff, 0xffff,
    0xffff, 0xffff, 0xffff, 0xffff, 0xffff, 0xffff, 0xffff, 0xffff, 0xffff, 0xffff, 0xffff, 0xffff, 0xffff, 0xffff, 0xffff, 0xffff,
    0xffff, 0xffff, 0xffff, 0xffff, 0xffff, 0xffff, 0xffff, 0xffff, 0xffff, 0xffff, 0xffff, 0xffff, 0xffff, 0xffff, 0xffff, 0xffff,
    0xffff, 0xffff, 0xffff, 0xffff, 0xffff, 0xffff, 0xffff, 0xffff, 0xffff, 0xffff, 0xffff, 0xffff, 0xffff, 0xffff, 0xffff, 0xffff,
    0xffff, 0xffff, 0xffff, 0xffff, 0xffff, 0xffff, 0xffff, 0xffff, 0xffff, 0xffff, 0xffff, 0xffff, 0xffff, 0xffff, 0xffff, 0xffff,
    0xffff, 0xffff, 0xffff, 0xffff, 0xffff, 0xffff, 0xffff, 0xffff, 0xffff, 0xffff, 0xffff, 0xffff, 0xffff, 0xffff, 0xffff, 0xffff,
    0xffff, 0xffff, 0xffff, 0xffff, 0xffff, 0xffff, 0xffff, 0xffff, 0xffff, 0xffff, 0xffff, 0xffff, 0xffff, 0xffff, 0xffff, 0xffff,
    0xffff, 0xffff, 0xffff, 0xffff, 0xffff, 0xffff, 0xffff, 0xffff, 0xffff, 0xffff, 0xffff, 0xffff, 0xffff, 0xffff, 0xffff, 0xffff,
    0xffff, 0xffff, 0xffff, 0xffff, 0xffff, 0xffff, 0xffff, 0xffff, 0xffff, 0xffff, 0xffff, 0xffff, 0xffff, 0xffff, 0xffff, 0xffff,
    0xffff, 0xffff, 0xffff, 0xffff, 0xffff, 0xffff, 0xffff, 0xffff, 0xffff, 0xffff, 0xffff, 0xffff, 0xffff, 0xffff, 0xffff, 0xffff,
    0xffff, 0xffff, 0xffff, 0xffff, 0xffff, 0xffff, 0xffff, 0xffff, 0xffff, 0xffff, 0xffff, 0xffff, 0xffff, 0xffff, 0xffff, 0xffff,
    0xffff, 0xffff, 0xffff, 0xffff, 0xffff, 0xffff, 0xffff, 0xffff, 0xffff, 0xffff, 0xffff, 0xffff, 0xffff, 0xffff, 0xffff, 0xffff,
    0xffff, 0xffff, 0xffff, 0xffff, 0xffff, 0xffff, 0xffff, 0xffff, 0xffff, 0xffff, 0xffff, 0xffff, 0xffff, 0xffff, 0xffff, 0xffff,
    0xffff, 0xffff, 0xffff, 0xffff, 0xffff, 0xffff, 0xffff, 0xffff, 0xffff, 0xffff, 0xffff, 0xffff, 0xffff, 0xffff, 0xffff, 0xffff,
    0xffff, 0xffff, 0xffff, 0xffff, 0xffff, 0xffff, 0xffff, 0xffff, 0xffff, 0xffff, 0xffff, 0xffff, 0xffff, 0xffff, 0xffff, 0xffff,
    0xffff, 0xffff, 0xffff, 0xffff, 0xffff, 0xffff, 0xffff, 0xffff, 0xffff, 0xffff, 0xffff, 0xffff, 0xffff, 0xffff, 0xffff, 0xffff,
    0xffff, 0xffff, 0xffff, 0xffff, 0xffff, 0xffff, 0xffff, 0xffff, 0xffff, 0xffff, 0xffff, 0xffff, 0xffff, 0xffff, 0xffff, 0xffff,
    0xffff, 0xffff, 0xffff, 0xffff, 0xffff, 0xffff, 0xffff, 0xffff, 0xffff, 0xffff, 0xffff, 0xffff, 0xffff, 0xffff, 0xffff, 0xffff,
    0xffff, 0xffff, 0xffff, 0xffff, 0xffff, 0xffff, 0xffff, 0xffff, 0xffff, 0xffff, 0xffff, 0xffff, 0xffff, 0xffff, 0xffff, 0xffff,
    0xffff, 0xffff, 0xffff, 0xffff, 0xffff, 0xffff, 0xffff, 0xffff, 0xffff, 0xffff, 0xffff, 0xffff, 0xffff, 0xffff, 0xffff, 0xffff,
    0xffff, 0xffff, 0xffff, 0xffff, 0xffff, 0xffff, 0xffff, 0xffff, 0xffff, 0xffff, 0xffff, 0xffff, 0xffff, 0xffff, 0xffff, 0xffff,
    0xffff, 0xffff, 0xffff, 0xffff, 0xffff, 0xffff, 0xffff, 0xffff, 0xffff, 0xffff, 0xffff, 0xffff, 0xffff, 0xffff, 0xffff, 0xffff,
    0xffff, 0xffff, 0xffff, 0xffff, 0xffff, 0xffff, 0xffff, 0xffff, 0xffff, 0xffff, 0xffff, 0xffff, 0xffff, 0xffff, 0xffff, 0xffff,
    0xffff, 0xffff, 0xffff, 0xffff, 0xffff, 0xffff, 0xffff, 0xffff, 0xffff, 0xffff, 0xffff, 0xffff, 0xffff, 0xffff, 0xffff, 0xffff,
    0xffff, 0xffff, 0xffff, 0xffff, 0xffff, 0xffff, 0xffff, 0xffff, 0xffff, 0xffff, 0xffff, 0xffff, 0xffff, 0xffff, 0xffff, 0xffff,
    0xffff, 0xffff, 0xffff, 0xffff, 0xffff, 0xffff, 0xffff, 0xffff, 0xffff, 0xffff, 0xffff, 0xffff, 0xffff, 0xffff, 0xffff, 0xffff,
    0xffff, 0xffff, 0xffff, 0xffff, 0xffff, 0xffff, 0xffff, 0xffff, 0xffff, 0xffff, 0xffff, 0xffff, 0xffff, 0xffff, 0xffff, 0xffff,
    0xffff, 0xffff, 0xffff, 0xffff, 0xffff, 0xffff, 0xffff, 0xffff, 0xffff, 0xffff, 0xffff, 0xffff, 0xffff, 0xffff, 0xffff, 0xffff,
    0xffff, 0xffff, 0xffff, 0xffff, 0xffff, 0xffff, 0xffff, 0xffff, 0xffff, 0xffff, 0xffff, 0xffff, 0xffff, 0xffff, 0xffff, 0xffff,
    0xffff, 0xffff, 0xffff, 0xffff, 0xffff, 0xffff, 0xffff, 0xffff, 0xffff, 0xffff, 0xffff, 0xffff, 0xffff, 0xffff, 0xffff, 0xffff,
    0xffff, 0xffff, 0xffff, 0xffff, 0xffff, 0xffff, 0xffff, 0xffff, 0xffff, 0xffff, 0xffff, 0xffff, 0xffff, 0xffff, 0xffff, 0xffff,
    0xffff, 0xffff, 0xffff, 0xffff, 0xffff, 0xffff, 0xffff, 0xffff, 0xffff, 0xffff, 0xffff, 0xffff, 0xffff, 0xffff, 0xffff, 0xffff,
    0xffff, 0xffff, 0xffff, 0xffff, 0xffff, 0xffff, 0xffff, 0xffff, 0xffff, 0xffff, 0xffff, 0xffff, 0xffff, 0xffff, 0xffff, 0xffff,
    0xffff, 0xffff, 0xffff, 0xffff, 0xffff, 0xffff, 0xffff, 0xffff, 0xffff, 0xffff, 0xffff, 0xffff, 0xffff, 0xffff, 0xffff, 0xffff,
    0xffff, 0xffff, 0xffff, 0xffff, 0xffff, 0xffff, 0xffff, 0xffff, 0xffff, 0xffff, 0xffff, 0xffff, 0xffff, 0xffff, 0xffff, 0xffff,
    0xffff, 0xffff, 0xffff, 0xffff, 0xffff, 0xffff, 0xffff, 0xffff, 0xffff, 0xffff, 0xffff, 0xffff, 0xffff, 0xffff, 0xffff, 0xffff,
    0xffff, 0xffff, 0xffff, 0xffff, 0xffff, 0xffff, 0xffff, 0xffff, 0xffff, 0xffff, 0xffff, 0xffff, 0xffff, 0xffff, 0xffff, 0xffff,
    0xffff, 0xffff, 0xffff, 0xffff, 0xffff, 0xffff, 0xffff, 0xffff, 0xffff, 0xffff, 0xffff, 0xffff, 0xffff, 0xffff, 0xffff, 0xffff,
    0xffff, 0xffff, 0xffff, 0xffff, 0xffff, 0xffff, 0xffff, 0xffff, 0xffff, 0xffff, 0xffff, 0xffff, 0xffff, 0xffff, 0xffff, 0xffff,
    0xffff, 0xffff, 0xffff, 0xffff, 0xffff, 0xffff, 0xffff, 0xffff, 0xffff, 0xffff, 0xffff, 0xffff, 0xffff, 0xffff, 0xffff, 0xffff,
    0xffff, 0xffff, 0xffff, 0xffff, 0xffff, 0xffff, 0xffff, 0xffff, 0xffff, 0xffff, 0xffff, 0xffff, 0xffff, 0xffff, 0xffff, 0xffff,
    0xffff, 0xffff, 0xffff, 0xffff, 0xffff, 0xffff, 0xffff, 0xffff, 0xffff, 0xffff, 0xffff, 0xffff, 0xffff, 0xffff, 0xffff, 0xffff,
    0xffff, 0xffff, 0xffff, 0xffff, 0xffff, 0xffff, 0xffff, 0xffff, 0xffff, 0xffff, 0xffff, 0xffff, 0xffff, 0xffff, 0xffff, 0xffff,
    0xffff, 0xffff, 0xffff, 0xffff, 0xffff, 0xffff, 0xffff, 0xffff, 0xffff, 0xffff, 0xffff, 0xffff, 0xffff, 0xffff, 0xffff, 0xffff,
    0xffff, 0xffff, 0xffff, 0xffff, 0xffff, 0xffff, 0xffff, 0xffff, 0xffff, 0xffff, 0xffff, 0xffff, 0xffff, 0xffff, 0xffff, 0xffff,
    0xffff, 0xffff, 0xffff, 0xffff, 0xffff, 0xffff, 0xffff, 0xffff, 0xffff, 0xffff, 0xffff, 0xffff, 0xffff, 0xffff, 0xffff, 0xffff,
    0xffff, 0xffff, 0xffff, 0xffff, 0xffff, 0xffff, 0xffff, 0xffff, 0xffff, 0xffff, 0xffff, 0xffff, 0xffff, 0xffff, 0xffff, 0xffff,
    0xffff, 0xffff, 0xffff, 0xffff, 0xffff, 0xffff, 0xffff, 0xffff, 0xffff, 0xffff, 0xffff, 0xffff, 0xffff, 0xffff, 0xffff, 0xffff,
    0xffff, 0xffff, 0xffff, 0xffff, 0xffff, 0xffff, 0xffff, 0xffff, 0xffff, 0xffff, 0xffff, 0xffff, 0xffff, 0xffff, 0xffff, 0xffff,
    0xffff, 0xffff, 0xffff, 0xffff, 0xffff, 0xffff, 0xffff, 0xffff, 0xffff, 0xffff, 0xffff, 0xffff, 0xffff, 0xffff, 0xffff, 0xffff,
    0xffff, 0xffff, 0xffff, 0xffff, 0xffff, 0xffff, 0xffff, 0xffff, 0xffff, 0xffff, 0xffff, 0xffff, 0xffff, 0xffff, 0xffff, 0xffff,
    0xffff, 0xffff, 0xffff, 0xffff, 0xffff, 0xffff, 0xffff, 0xffff, 0xffff, 0xffff, 0xffff, 0xffff, 0xffff, 0xffff, 0xffff, 0xffff,
    0xffff, 0xffff, 0xffff, 0xffff, 0xffff, 0xffff, 0xffff, 0xffff, 0xffff, 0xffff, 0xffff, 0xffff, 0xffff, 0xffff, 0xffff, 0xffff,
    0xffff, 0xffff, 0xffff, 0xffff, 0xffff, 0xffff, 0xffff, 0xffff, 0xffff, 0xffff, 0xffff, 0xffff, 0xffff, 0xffff, 0xffff, 0xffff,
    0xffff, 0xffff, 0xffff, 0xffff, 0xffff, 0xffff, 0xffff, 0xffff, 0xffff, 0xffff, 0xffff, 0xffff, 0xffff, 0xffff, 0xffff, 0xffff,
    0xffff, 0xffff, 0xffff, 0xffff, 0xffff, 0xffff, 0xffff, 0xffff, 0xffff, 0xffff, 0xffff, 0xffff, 0xffff, 0xffff, 0xffff, 0xffff,
    0xffff, 0xffff, 0xffff, 0xffff, 0xffff, 0xffff, 0xffff, 0xffff, 0xffff, 0xffff, 0xffff, 0xffff, 0xffff, 0xffff, 0xffff, 0xffff,
    0xffff, 0xffff, 0xffff, 0xffff, 0xffff, 0xffff, 0xffff, 0xffff, 0xffff, 0xffff, 0xffff, 0xffff, 0xffff, 0xffff, 0xffff, 0xffff,
    0xffff, 0xffff, 0xffff, 0xffff, 0xffff, 0xffff, 0xffff, 0xffff, 0xffff, 0xffff, 0xffff, 0xffff, 0xffff, 0xffff, 0xffff, 0xffff,
    0xffff, 0xffff, 0xffff, 0xffff, 0xffff, 0xffff, 0xffff, 0xffff, 0xffff, 0xffff, 0xffff, 0xffff, 0xffff, 0xffff, 0xffff, 0xffff,
    0xffff, 0xffff, 0xffff, 0xffff, 0xffff, 0xffff, 0xffff, 0xffff, 0xffff, 0xffff, 0xffff, 0xffff, 0xffff, 0xffff, 0xffff, 0xffff,
    0xffff, 0xffff, 0xffff, 0xffff, 0xffff, 0xffff, 0xffff, 0xffff, 0xffff, 0xffff, 0xffff, 0xffff, 0xffff, 0xffff, 0xffff, 0xffff,
    0xffff, 0xffff, 0xffff, 0xffff, 0xffff, 0xffff, 0xffff, 0xffff, 0xffff, 0xffff, 0xffff, 0xffff, 0xffff, 0xffff, 0xffff, 0xffff,
    0xffff, 0xffff, 0xffff, 0xffff, 0xffff, 0xffff, 0xffff, 0xffff, 0xffff, 0xffff, 0xffff, 0xffff, 0xffff, 0xffff, 0xffff, 0xffff,
    0xffff, 0xffff, 0xffff, 0xffff, 0xffff, 0xffff, 0xffff, 0xffff, 0xffff, 0xffff, 0xffff, 0xffff, 0xffff, 0xffff, 0xffff, 0xffff,
    0xffff, 0xffff, 0xffff, 0xffff, 0xffff, 0xffff, 0xffff, 0xffff, 0xffff, 0xffff, 0xffff, 0xffff, 0xffff, 0xffff, 0xffff, 0xffff,
    0xffff, 0xffff, 0xffff, 0xffff, 0xffff, 0xffff, 0xffff, 0xffff, 0xffff, 0xffff, 0xffff, 0xffff, 0xffff, 0xffff, 0xffff, 0xffff,
    0xffff, 0xffff, 0xffff, 0xffff, 0xffff, 0xffff, 0xffff, 0xffff, 0xffff, 0xffff, 0xffff, 0xffff, 0xffff, 0xffff, 0xffff, 0xffff,
    0xffff, 0xffff, 0xffff, 0xffff, 0xffff, 0xffff, 0xffff, 0xffff, 0xffff, 0xffff, 0xffff, 0xffff, 0xffff, 0xffff, 0xffff, 0xffff,
    0xffff, 0xffff, 0xffff, 0xffff, 0xffff, 0xffff, 0xffff, 0xffff, 0xffff, 0xffff, 0xffff, 0xffff, 0xffff, 0xffff, 0xffff, 0xffff,
    0xffff, 0xffff, 0xffff, 0xffff, 0xffff, 0xffff, 0xffff, 0xffff, 0xffff, 0xffff, 0xffff, 0xffff, 0xffff, 0xffff, 0xffff, 0xffff,
    0xffff, 0xffff, 0xffff, 0xffff, 0xffff, 0xffff, 0xffff, 0xffff, 0xffff, 0xffff, 0xffff, 0xffff, 0xffff, 0xffff, 0xffff, 0xffff,
    0xffff, 0xffff, 0xffff, 0xffff, 0xffff, 0xffff, 0xffff, 0xffff, 0xffff, 0xffff, 0xffff, 0xffff, 0xffff, 0xffff, 0xffff, 0xffff,
    0xffff, 0xffff, 0xffff, 0xffff, 0xffff, 0xffff, 0xffff, 0xffff, 0xffff, 0xffff, 0xffff, 0xffff, 0xffff, 0xffff, 0xffff, 0xffff,
    0xffff, 0xffff, 0xffff, 0xffff, 0xffff, 0xffff, 0xffff, 0xffff, 0xffff, 0xffff, 0xffff, 0xffff, 0xffff, 0xffff, 0xffff, 0xffff,
    0xffff, 0xffff, 0xffff, 0xffff, 0xffff, 0xffff, 0xffff, 0xffff, 0xffff, 0xffff, 0xffff, 0xffff, 0xffff, 0xffff, 0xffff, 0xffff,
    0xffff, 0xffff, 0xffff, 0xffff, 0xffff, 0xffff, 0xffff, 0xffff, 0xffff, 0xffff, 0xffff, 0xffff, 0xffff, 0xffff, 0xffff, 0xffff,
    0xffff, 0xffff, 0xffff, 0xffff, 0xffff, 0xffff, 0xffff, 0xffff, 0xffff, 0xffff, 0xffff, 0xffff, 0xffff, 0xffff, 0xffff, 0xffff,
    0xffff, 0xffff, 0xffff, 0xffff, 0xffff, 0xffff, 0xffff, 0xffff, 0xffff, 0xffff, 0xffff, 0xffff, 0xffff, 0xffff, 0xffff, 0xffff,
    0xffff, 0xffff, 0xffff, 0xffff, 0xffff, 0xffff, 0xffff, 0xffff, 0xffff, 0xffff, 0xffff, 0xffff, 0xffff, 0xffff, 0xffff, 0xffff,
    0xffff, 0xffff, 0xffff, 0xffff, 0xffff, 0xffff, 0xffff, 0xffff, 0xffff, 0xffff, 0xffff, 0xffff, 0xffff, 0xffff, 0xffff, 0xffff,
    0xffff, 0xffff, 0xffff, 0xffff, 0xffff, 0xffff, 0xffff, 0xffff, 0xffff, 0xffff, 0xffff, 0xffff, 0xffff, 0xffff, 0xffff, 0xffff,
    0xffff, 0xffff, 0xffff, 0xffff, 0xffff, 0xffff, 0xffff, 0xffff, 0xffff, 0xffff, 0xffff, 0xffff, 0xffff, 0xffff, 0xffff, 0xffff,
    0xffff, 0xffff, 0xffff, 0xffff, 0xffff, 0xffff, 0xffff, 0xffff, 0xffff, 0xffff, 0xffff, 0xffff, 0xffff, 0xffff, 0xffff, 0xffff,
    0xffff, 0xffff, 0xffff, 0xffff, 0xffff, 0xffff, 0xffff, 0xffff, 0xffff, 0xffff, 0xffff, 0xffff, 0xffff, 0xffff, 0xffff, 0xffff,
    0xffff, 0xffff, 0xffff, 0xffff, 0xffff, 0xffff, 0xffff, 0xffff, 0xffff, 0xffff, 0xffff, 0xffff, 0xffff, 0xffff, 0xffff, 0xffff,
    0xffff, 0xffff, 0xffff, 0xffff, 0xffff, 0xffff, 0xffff, 0xffff, 0xffff, 0xffff, 0xffff, 0xffff, 0xffff, 0xffff, 0xffff, 0xffff,
    0xffff, 0xffff, 0xffff, 0xffff, 0xffff, 0xffff, 0xffff, 0xffff, 0xffff, 0xffff, 0xffff, 0xffff, 0xffff, 0xffff, 0xffff, 0xffff,
    0xffff, 0xffff, 0xffff, 0xffff, 0xffff, 0xffff, 0xffff, 0xffff, 0xffff, 0xffff, 0xffff, 0xffff, 0xffff, 0xffff, 0xffff, 0xffff,
    0xffff, 0xffff, 0xffff, 0xffff, 0xffff, 0xffff, 0xffff, 0xffff, 0xffff, 0xffff, 0xffff, 0xffff, 0xffff, 0xffff, 0xffff, 0xffff,
    0xffff, 0xffff, 0xffff, 0xffff, 0xffff, 0xffff, 0xffff, 0xffff, 0xffff, 0xffff, 0xffff, 0xffff, 0xffff, 0xffff, 0xffff, 0xffff,
    0xffff, 0xffff, 0xffff, 0xffff, 0xffff, 0xffff, 0xffff, 0xffff, 0xffff, 0xffff, 0xffff, 0xffff, 0xffff, 0xffff, 0xffff, 0xffff,
    0xffff, 0xffff, 0xffff, 0xffff, 0xffff, 0xffff, 0xffff, 0xffff, 0xffff, 0xffff, 0xffff, 0xffff, 0xffff, 0xffff, 0xffff, 0xffff,
    0xffff, 0xffff, 0xffff, 0xffff, 0xffff, 0xffff, 0xffff, 0xffff, 0xffff, 0xffff, 0xffff, 0xffff, 0xffff, 0xffff, 0xffff, 0xffff,
    0xffff, 0xffff, 0xffff, 0xffff, 0xffff, 0xffff, 0xffff, 0xffff, 0xffff, 0xffff, 0xffff, 0xffff, 0xffff, 0xffff, 0xffff, 0xffff,
    0xffff, 0xffff, 0xffff, 0xffff, 0xffff, 0xffff, 0xffff, 0xffff, 0xffff, 0xffff, 0xffff, 0xffff, 0xffff, 0xffff, 0xffff, 0xffff,
    0xffff, 0xffff, 0xffff, 0xffff, 0xffff, 0xffff, 0xffff, 0xffff, 0xffff, 0xffff, 0xffff, 0xffff, 0xffff, 0xffff, 0xffff, 0xffff,
    0xffff, 0xffff, 0xffff, 0xffff, 0xffff, 0xffff, 0xffff, 0xffff, 0xffff, 0xffff, 0xffff, 0xffff, 0xffff, 0xffff, 0xffff, 0xffff,
    0xffff, 0xffff, 0xffff, 0xffff, 0xffff, 0xffff, 0xffff, 0xffff, 0xffff, 0xffff, 0xffff, 0xffff, 0xffff, 0xffff, 0xffff, 0xffff,
    0xffff, 0xffff, 0xffff, 0xffff, 0xffff, 0xffff, 0xffff, 0xffff, 0xffff, 0xffff, 0xffff, 0xffff, 0xffff, 0xffff, 0xffff, 0xffff,
    0xffff, 0xffff, 0xffff, 0xffff, 0xffff, 0xffff, 0xffff, 0xffff, 0xffff, 0xffff, 0xffff, 0xffff, 0xffff, 0xffff, 0xffff, 0xffff,
    0xffff, 0xffff, 0xffff, 0xffff, 0xffff, 0xffff, 0xffff, 0xffff, 0xffff, 0xffff, 0xffff, 0xffff, 0xffff, 0xffff, 0xffff, 0xffff,
    0xffff, 0xffff, 0xffff, 0xffff, 0xffff, 0xffff, 0xffff, 0xffff, 0xffff, 0xffff, 0xffff, 0xffff, 0xffff, 0xffff, 0xffff, 0xffff,
    0xffff, 0xffff, 0xffff, 0xffff, 0xffff, 0xffff, 0xffff, 0xffff, 0xffff, 0xffff, 0xffff, 0xffff, 0xffff, 0xffff, 0xffff, 0xffff,
    0xffff, 0xffff, 0xffff, 0xffff, 0xffff, 0xffff, 0xffff, 0xffff, 0xffff, 0xffff, 0xffff, 0xffff, 0xffff, 0xffff, 0xffff, 0xffff,
    0xffff, 0xffff, 0xffff, 0xffff, 0xffff, 0xffff, 0xffff, 0xffff, 0xffff, 0xffff, 0xffff, 0xffff, 0xffff, 0xffff, 0xffff, 0xffff,
    0xffff, 0xffff, 0xffff, 0xffff, 0xffff, 0xffff, 0xffff, 0xffff, 0xffff, 0xffff, 0xffff, 0xffff, 0xffff, 0xffff, 0xffff, 0xffff,
    0xffff, 0xffff, 0xffff, 0xffff, 0xffff, 0xffff, 0xffff, 0xffff, 0xffff, 0xffff, 0xffff, 0xffff, 0xffff, 0xffff, 0xffff, 0xffff,
    0xffff, 0xffff, 0xffff, 0xffff, 0xffff, 0xffff, 0xffff, 0xffff, 0xffff, 0xffff, 0xffff, 0xffff, 0xffff, 0xffff, 0xffff, 0xffff,
    0xffff, 0xffff, 0xffff, 0xffff, 0xffff, 0xffff, 0xffff, 0xffff, 0xffff, 0xffff, 0xffff, 0xffff, 0xffff, 0xffff, 0xffff, 0xffff,
    0xffff, 0xffff, 0xffff, 0xffff, 0xffff, 0xffff, 0xffff, 0xffff, 0xffff, 0xffff, 0xffff, 0xffff, 0xffff, 0xffff, 0xffff, 0xffff,
    0xffff, 0xffff, 0xffff, 0xffff, 0xffff, 0xffff, 0xffff, 0xffff, 0xffff, 0xffff, 0xffff, 0xffff, 0xffff, 0xffff, 0xffff, 0xffff,
    0xffff, 0xffff, 0xffff, 0xffff, 0xffff, 0xffff, 0xffff, 0xffff, 0xffff, 0xffff, 0xffff, 0xffff, 0xffff, 0xffff, 0xffff, 0xffff,
    0xffff, 0xffff, 0xffff, 0xffff, 0xffff, 0xffff, 0xffff, 0xffff, 0xffff, 0xffff, 0xffff, 0xffff, 0xffff, 0xffff, 0xffff, 0xffff,
    0xffff, 0xffff, 0xffff, 0xffff, 0xffff, 0xffff, 0xffff, 0xffff, 0xffff, 0xffff, 0xffff, 0xffff, 0xffff, 0xffff, 0xffff, 0xffff,
    0xffff, 0xffff, 0xffff, 0xffff, 0xffff, 0xffff, 0xffff, 0xffff, 0xffff, 0xffff, 0xffff, 0xffff, 0xffff, 0xffff, 0xffff, 0xffff,
    0xffff, 0xffff, 0xffff, 0xffff, 0xffff, 0xffff, 0xffff, 0xffff, 0xffff, 0xffff, 0xffff, 0xffff, 0xffff, 0xffff, 0xffff, 0xffff,
    0xffff, 0xffff, 0xffff, 0xffff, 0xffff, 0xffff, 0xffff, 0xffff, 0xffff, 0xffff, 0xffff, 0xffff, 0xffff, 0xffff, 0xffff, 0xffff,
    0xffff, 0xffff, 0xffff, 0xffff, 0xffff, 0xffff, 0xffff, 0xffff, 0xffff, 0xffff, 0xffff, 0xffff, 0xffff, 0xffff, 0xffff, 0xffff,
    0xffff, 0xffff, 0xffff, 0xffff, 0xffff, 0xffff, 0xffff, 0xffff, 0xffff, 0xffff, 0xffff, 0xffff, 0xffff, 0xffff, 0xffff, 0xffff,
    0xffff, 0xffff, 0xffff, 0xffff, 0xffff, 0xffff, 0xffff, 0xffff, 0xffff, 0xffff, 0xffff, 0xffff, 0xffff, 0xffff, 0xffff, 0xffff,
    0xffff, 0xffff, 0xffff, 0xffff, 0xffff, 0xffff, 0xffff, 0xffff, 0xffff, 0xffff, 0xffff, 0xffff, 0xffff, 0xffff, 0xffff, 0xffff,
    0xffff, 0xffff, 0xffff, 0xffff, 0xffff, 0xffff, 0xffff, 0xffff, 0xffff, 0xffff, 0xffff, 0xffff, 0xffff, 0xffff, 0xffff, 0xffff,
    0xffff, 0xffff, 0xffff, 0xffff, 0xffff, 0xffff, 0xffff, 0xffff, 0xffff, 0xffff, 0xffff, 0xffff, 0xffff, 0xffff, 0xffff, 0xffff,
    0xffff, 0xffff, 0xffff, 0xffff, 0xffff, 0xffff, 0xffff, 0xffff, 0xffff, 0xffff, 0xffff, 0xffff, 0xffff, 0xffff, 0xffff, 0xffff,
    0xffff, 0xffff, 0xffff, 0xffff, 0xffff, 0xffff, 0xffff, 0xffff, 0xffff, 0xffff, 0xffff, 0xffff, 0xffff, 0xffff, 0xffff, 0xffff,
    0xffff, 0xffff, 0xffff, 0xffff, 0xffff, 0xffff, 0xffff, 0xffff, 0xffff, 0xffff, 0xffff, 0xffff, 0xffff, 0xffff, 0xffff, 0xffff,
    0xffff, 0xffff, 0xffff, 0xffff, 0xffff, 0xffff, 0xffff, 0xffff, 0xffff, 0xffff, 0xffff, 0xffff, 0xffff, 0xffff, 0xffff, 0xffff,
    0xffff, 0xffff, 0xffff, 0xffff, 0xffff, 0xffff, 0xffff, 0xffff, 0xffff, 0xffff, 0xffff, 0xffff, 0xffff, 0xffff, 0xffff, 0xffff,
    0xffff, 0xffff, 0xffff, 0xffff, 0xffff, 0xffff, 0xffff, 0xffff, 0xffff, 0xffff, 0xffff, 0xffff, 0xffff, 0xffff, 0xffff, 0xffff,
    0xffff, 0xffff, 0xffff, 0xffff, 0xffff, 0xffff, 0xffff, 0xffff, 0xffff, 0xffff, 0xffff, 0xffff, 0xffff, 0xffff, 0xffff, 0xffff,
    0xffff, 0xffff, 0xffff, 0xffff, 0xffff, 0xffff, 0xffff, 0xffff, 0xffff, 0xffff, 0xffff, 0xffff, 0xffff, 0xffff, 0xffff, 0xffff,
    0xffff, 0xffff, 0xffff, 0xffff, 0xffff, 0xffff, 0xffff, 0xffff, 0xffff, 0xffff, 0xffff, 0xffff, 0xffff, 0xffff, 0xffff, 0xffff,
    0xffff, 0xffff, 0xffff, 0xffff, 0xffff, 0xffff, 0xffff, 0xffff, 0xffff, 0xffff, 0xffff, 0xffff, 0xffff, 0xffff, 0xffff, 0xffff,
    0xffff, 0xffff, 0xffff, 0xffff, 0xffff, 0xffff, 0xffff, 0xffff, 0xffff, 0xffff, 0xffff, 0xffff, 0xffff, 0xffff, 0xffff, 0xffff,
    0xffff, 0xffff, 0xffff, 0xffff, 0xffff, 0xffff, 0xffff, 0xffff, 0xffff, 0xffff, 0xffff, 0xffff, 0xffff, 0xffff, 0xffff, 0xffff,
    0xffff, 0xffff, 0xffff, 0xffff, 0xffff, 0xffff, 0xffff, 0xffff, 0xffff, 0xffff, 0xffff, 0xffff, 0xffff, 0xffff, 0xffff, 0xffff,
    0xffff, 0xffff, 0xffff, 0xffff, 0xffff, 0xffff, 0xffff, 0xffff, 0xffff, 0xffff, 0xffff, 0xffff, 0xffff, 0xffff, 0xffff, 0xf79e,
    0xf7df, 0xe73d, 0x9d58, 0x9517, 0xe75e, 0xe73d, 0xbe5b, 0xc6bc, 0xe77e, 0xf7bf, 0x7475, 0x9517, 0xf7df, 0xa598, 0x5393, 0xd6fd,
    0xef7e, 0xf79e, 0xc67b, 0xc6bb, 0xdf5e, 0xffff, 0xffff, 0xffff, 0xffff, 0xffff, 0xffff, 0xffff, 0xffff, 0xffff, 0xffff, 0xffff,
    0xffff, 0xffff, 0xffff, 0xffff, 0xffff, 0xffff, 0xffff, 0xffff, 0xffff, 0xffff, 0xffff, 0xffff, 0xffff, 0xffff, 0xffff, 0xffff,
    0xffff, 0xffff, 0xffff, 0xffff, 0xffff, 0xffff, 0xffff, 0xffff, 0xffff, 0xffff, 0xffff, 0xffff, 0xffff, 0xffff, 0xffff, 0xffff,
    0xffff, 0xffff, 0xffff, 0xffff, 0xffff, 0xffff, 0xffff, 0xffff, 0xffff, 0xffff, 0xffff, 0xffff, 0xffff, 0xffff, 0xffff, 0xffff,
    0xffff, 0xffff, 0xffff, 0xffff, 0xffff, 0xffff, 0xffff, 0xffff, 0xffff, 0xffff, 0xffff, 0xffff, 0xffff, 0xffff, 0xffff, 0xffff,
    0xffff, 0xffff, 0xffff, 0xffff, 0xffff, 0xffff, 0xffff, 0xffff, 0xffff, 0xffff, 0xffff, 0xffff, 0xffff, 0xffff, 0xffff, 0xffff,
    0xffff, 0xffff, 0xffff, 0xffff, 0xffff, 0xffff, 0xffff, 0xffff, 0xffff, 0xffff, 0xffff, 0xffff, 0xffff, 0xffff, 0xffff, 0xffff,
    0xffff, 0xffff, 0xffff, 0xffff, 0xffff, 0xffff, 0xffff, 0xffff, 0xffff, 0xffff, 0xffff, 0xffff, 0xffff, 0xffff, 0xffff, 0xffff,
    0xffff, 0xffff, 0xffff, 0xffff, 0xffff, 0xffff, 0xffff, 0xffff, 0xffff, 0xffff, 0xffff, 0xffff, 0xffff, 0xffff, 0xffff, 0xffff,
    0xffff, 0xffff, 0xffff, 0xffff, 0xffff, 0xffff, 0xffff, 0xffff, 0xffff, 0xffff, 0xffff, 0xffff, 0xffff, 0xffff, 0xffff, 0xffff,
    0xffff, 0xffff, 0xffff, 0xffff, 0xffff, 0xffff, 0xffff, 0xffff, 0xffff, 0xffff, 0xffff, 0xffff, 0xffff, 0xffff, 0xffff, 0xffff,
    0xffff, 0xffff, 0xffff, 0xffff, 0xffff, 0xffff, 0xffff, 0xffff, 0xffff, 0xffff, 0xffff, 0xffff, 0xffff, 0xffff, 0xffff, 0xffff,
    0xffff, 0xffff, 0xffff, 0xffff, 0xffff, 0xffff, 0xffff, 0xffff, 0xffff, 0xffff, 0xffff, 0xffff, 0xffff, 0xffff, 0xffff, 0xffff,
    0xffff, 0xffff, 0xffff, 0xffff, 0xffff, 0xffff, 0xffff, 0xffff, 0xffff, 0xffff, 0xffff, 0xffff, 0xffff, 0xffff, 0xffff, 0xffff,
    0xffff, 0xffff, 0xffff, 0xffff, 0xffff, 0xffff, 0xffff, 0xffff, 0xffff, 0xffff, 0xffff, 0xffff, 0xffff, 0xffff, 0xffff, 0xffff,
    0xffff, 0xffff, 0xffff, 0xffff, 0xffff, 0xffff, 0xffff, 0xffff, 0xffff, 0xffff, 0xffff, 0xffff, 0xffff, 0xffff, 0xffff, 0xffff,
    0xffff, 0xffff, 0xffff, 0xffff, 0xffff, 0xffff, 0xffff, 0xffff, 0xffff, 0xffff, 0xffff, 0xffff, 0xffff, 0xffff, 0xffff, 0xffff,
    0xffff, 0xffff, 0xffff, 0xffff, 0xffff, 0xffff, 0xffff, 0xffff, 0xffff, 0xffff, 0xffff, 0xffff, 0xffff, 0xffff, 0xffff, 0xffff,
    0xffff, 0xffff, 0xffff, 0xffff, 0xffff, 0xffff, 0xffff, 0xffff, 0xffdf, 0xffff, 0xffff, 0xffff, 0xffff, 0xffff, 0xffff, 0x3aaf,
    0x63d3, 0xbe3a, 0x00cc, 0x012d, 0xc6bc, 0x8d17, 0x00cd, 0x3314, 0x5c98, 0xae5c, 0x098e, 0x4b73, 0x7cb6, 0x0a11, 0x4419, 0x018e,
    0x7434, 0xb63b, 0x010d, 0x018f, 0x7cf8, 0xffdf, 0xffdf, 0xffff, 0xffff, 0xffff, 0xffff, 0xffff, 0xffff, 0xffff, 0xffff, 0xffff,
    0xffff, 0xffff, 0xffff, 0xffff, 0xffff, 0xffff, 0xffff, 0xffff, 0xffff, 0xffff, 0xffff, 0xffff, 0xffff, 0xffff, 0xffff, 0xffff,
    0xffff, 0xffff, 0xffff, 0xffff, 0xffff, 0xffff, 0xffff, 0xffff, 0xffff, 0xffff, 0xffff, 0xffff, 0xffff, 0xffff, 0xffff, 0xffff,
    0xffff, 0xffff, 0xffff, 0xffff, 0xffff, 0xffff, 0xffff, 0xffff, 0xffff, 0xffff, 0xffff, 0xffff, 0xffff, 0xffff, 0xffff, 0xffff,
    0xffff, 0xffff, 0xffff, 0xffff, 0xffff, 0xffff, 0xffff, 0xffff, 0xffff, 0xffff, 0xffff, 0xffff, 0xffff, 0xffff, 0xffff, 0xffff,
    0xffff, 0xffff, 0xffff, 0xffff, 0xffff, 0xffff, 0xffff, 0xffff, 0xffff, 0xffff, 0xffff, 0xffff, 0xffff, 0xffff, 0xffff, 0xffff,
    0xffff, 0xffff, 0xffff, 0xffff, 0xffff, 0xffff, 0xffff, 0xffff, 0xffff, 0xffff, 0xffff, 0xffff, 0xffff, 0xffff, 0xffff, 0xffff,
    0xffff, 0xffff, 0xffff, 0xffff, 0xffff, 0xffff, 0xffff, 0xffff, 0xffff, 0xffff, 0xffff, 0xffff, 0xffff, 0xffff, 0xffff, 0xffff,
    0xffff, 0xffff, 0xffff, 0xffff, 0xffff, 0xffff, 0xffff, 0xffff, 0xffff, 0xffff, 0xffff, 0xffff, 0xffff, 0xffff, 0xffff, 0xffff,
    0xffff, 0xffff, 0xffff, 0xffff, 0xffff, 0xffff, 0xffff, 0xffff, 0xffff, 0xffff, 0xffff, 0xffff, 0xffff, 0xffff, 0xffff, 0xffff,
    0xffff, 0xffff, 0xffff, 0xffff, 0xffff, 0xffff, 0xffff, 0xffff, 0xffff, 0xffff, 0xffff, 0xffff, 0xffff, 0xffff, 0xffff, 0xffff,
    0xffff, 0xffff, 0xffff, 0xffff, 0xffff, 0xffff, 0xffff, 0xffff, 0xffff, 0xffff, 0xffff, 0xffff, 0xffff, 0xffff, 0xffff, 0xffff,
    0xffff, 0xffff, 0xffff, 0xffff, 0xffff, 0xffff, 0xffff, 0xffff, 0xffff, 0xffff, 0xffff, 0xffff, 0xffff, 0xffff, 0xffff, 0xffff,
    0xffff, 0xffff, 0xffff, 0xffff, 0xffff, 0xffff, 0xffff, 0xffff, 0xffff, 0xffff, 0xffff, 0xffff, 0xffff, 0xffff, 0xffff, 0xffff,
    0xffff, 0xffff, 0xffff, 0xffff, 0xffff, 0xffff, 0xffff, 0xffff, 0xffff, 0xffff, 0xffff, 0xffff, 0xffff, 0xffff, 0xffff, 0xffff,
    0xffff, 0xffff, 0xffff, 0xffff, 0xffff, 0xffff, 0xffff, 0xffff, 0xffff, 0xffff, 0xffff, 0xffff, 0xffff, 0xffff, 0xffff, 0xffff,
    0xffff, 0xffff, 0xffff, 0xffff, 0xffff, 0xffff, 0xffff, 0xffff, 0xffff, 0xffff, 0xffff, 0xffff, 0xffff, 0xffff, 0xffff, 0xffff,
    0xffff, 0xffff, 0xffff, 0xffff, 0xffff, 0xffff, 0xffff, 0xffff, 0xffff, 0xffff, 0xffff, 0xffff, 0xffff, 0xffff, 0xffff, 0xffff,
    0xffff, 0xffff, 0xffff, 0xffff, 0xffff, 0xffff, 0xffff, 0xffff, 0xffff, 0x9538, 0x4352, 0x3b12, 0x7c95, 0xdf3d, 0x4b94, 0x7cf9,
    0x53d6, 0x32f1, 0x6cda, 0x5c59, 0x2ad3, 0x5c78, 0x4c59, 0x2335, 0x4439, 0x64da, 0x5c7a, 0x3b54, 0x2af3, 0x2b56, 0x22b3, 0x547a,
    0x6cb9, 0x1a51, 0x2b15, 0x6cfb, 0x8d9b, 0x198d, 0x8d17, 0xcefd, 0x6415, 0x5bd4, 0xef9e, 0xffff, 0xffff, 0xffff, 0xffff, 0xffff,
    0xffff, 0xffff, 0xffff, 0xffff, 0xffff, 0xffff, 0xffff, 0xffff, 0xffff, 0xffff, 0xffff, 0xffff, 0xffff, 0xffff, 0xffff, 0xffff,
    0xffff, 0xffff, 0xffff, 0xffff, 0xffff, 0xffff, 0xffff, 0xffff, 0xffff, 0xffff, 0xffff, 0xffff, 0xffff, 0xffff, 0xffff, 0xffff,
    0xffff, 0xffff, 0xffff, 0xffff, 0xffff, 0xffff, 0xffff, 0xffff, 0xffff, 0xffff, 0xffff, 0xffff, 0xffff, 0xffff, 0xffff, 0xffff,
    0xffff, 0xffff, 0xffff, 0xffff, 0xffff, 0xffff, 0xffff, 0xffff, 0xffff, 0xffff, 0xffff, 0xffff, 0xffff, 0xffff, 0xffff, 0xffff,
    0xffff, 0xffff, 0xffff, 0xffff, 0xffff, 0xffff, 0xffff, 0xffff, 0xffff, 0xffff, 0xffff, 0xffff, 0xffff, 0xffff, 0xffff, 0xffff,
    0xffff, 0xffff, 0xffff, 0xffff, 0xffff, 0xffff, 0xffff, 0xffff, 0xffff, 0xffff, 0xffff, 0xffff, 0xffff, 0xffff, 0xffff, 0xffff,
    0xffff, 0xffff, 0xffff, 0xffff, 0xffff, 0xffff, 0xffff, 0xffff, 0xffff, 0xffff, 0xffff, 0xffff, 0xffff, 0xffff, 0xffff, 0xffff,
    0xffff, 0xffff, 0xffff, 0xffff, 0xffff, 0xffff, 0xffff, 0xffff, 0xffff, 0xffff, 0xffff, 0xffff, 0xffff, 0xffff, 0xffff, 0xffff,
    0xffff, 0xffff, 0xffff, 0xffff, 0xffff, 0xffff, 0xffff, 0xffff, 0xffff, 0xffff, 0xffff, 0xffff, 0xffff, 0xffff, 0xffff, 0xffff,
    0xffff, 0xffff, 0xffff, 0xffff, 0xffff, 0xffff, 0xffff, 0xffff, 0xffff, 0xffff, 0xffff, 0xffff, 0xffff, 0xffff, 0xffff, 0xffff,
    0xffff, 0xffff, 0xffff, 0xffff, 0xffff, 0xffff, 0xffff, 0xffff, 0xffff, 0xffff, 0xffff, 0xffff, 0xffff, 0xffff, 0xffff, 0xffff,
    0xffff, 0xffff, 0xffff, 0xffff, 0xffff, 0xffff, 0xffff, 0xffff, 0xffff, 0xffff, 0xffff, 0xffff, 0xffff, 0xffff, 0xffff, 0xffff,
    0xffff, 0xffff, 0xffff, 0xffff, 0xffff, 0xffff, 0xffff, 0xffff, 0xffff, 0xffff, 0xffff, 0xffff, 0xffff, 0xffff, 0xffff, 0xffff,
    0xffff, 0xffff, 0xffff, 0xffff, 0xffff, 0xffff, 0xffff, 0xffff, 0xffff, 0xffff, 0xffff, 0xffff, 0xffff, 0xffff, 0xffff, 0xffff,
    0xffff, 0xffff, 0xffff, 0xffff, 0xffff, 0xffff, 0xffff, 0xffff, 0xffff, 0xffff, 0xffff, 0xffff, 0xffff, 0xffff, 0xffff, 0xffff,
    0xffff, 0xffff, 0xffff, 0xffff, 0xffff, 0xffff, 0xffff, 0xffff, 0xffff, 0xffff, 0xffff, 0xffff, 0xffff, 0xffff, 0xffff, 0xffff,
    0xffff, 0xffff, 0xffff, 0xffff, 0xffff, 0xffff, 0xffff, 0xffff, 0xffff, 0xffff, 0xffff, 0xffff, 0xffff, 0xffff, 0xffff, 0xffff,
    0xffff, 0xffff, 0xffff, 0xffff, 0xffff, 0xffff, 0xffff, 0xadd9, 0xa598, 0x32b1, 0x2292, 0x3b13, 0x3b34, 0x5458, 0x1af5, 0x5c58,
    0x3b96, 0x1ab4, 0x547a, 0x3396, 0x01d0, 0x22b3, 0x64ba, 0x22f4, 0x1a72, 0x22d4, 0x22f4, 0x0a11, 0x2335, 0x22b3, 0x016e, 0x2af4,
    0x1a72, 0x016f, 0x3396, 0x7d5b, 0x7d3b, 0x3334, 0x4bb6, 0x2b34, 0x2af5, 0x5417, 0x6435, 0x7435, 0x84b6, 0xffff, 0xffff, 0xffff,
    0xffff, 0xffff, 0xffff, 0xffff, 0xffff, 0xffff, 0xffff, 0xffff, 0xffff, 0xffff, 0xffff, 0xffff, 0xffff, 0xffff, 0xffff, 0xffff,
    0xffff, 0xffff, 0xffff, 0xffff, 0xffff, 0xffff, 0xffff, 0xffff, 0xffff, 0xffff, 0xffff, 0xffff, 0xffff, 0xffff, 0xffff, 0xffff,
    0xffff, 0xffff, 0xffff, 0xffff, 0xffff, 0xffff, 0xffff, 0xffff, 0xffff, 0xffff, 0xffff, 0xffff, 0xffff, 0xffff, 0xffff, 0xffff,
    0xffff, 0xffff, 0xffff, 0xffff, 0xffff, 0xffff, 0xffff, 0xffff, 0xffff, 0xffff, 0xffff, 0xffff, 0xffff, 0xffff, 0xffff, 0xffff,
    0xffff, 0xffff, 0xffff, 0xffff, 0xffff, 0xffff, 0xffff, 0xffff, 0xffff, 0xffff, 0xffff, 0xffff, 0xffff, 0xffff, 0xffff, 0xffff,
    0xffff, 0xffff, 0xffff, 0xffff, 0xffff, 0xffff, 0xffff, 0xffff, 0xffff, 0xffff, 0xffff, 0xffff, 0xffff, 0xffff, 0xffff, 0xffff,
    0xffff, 0xffff, 0xffff, 0xffff, 0xffff, 0xffff, 0xffff, 0xffff, 0xffff, 0xffff, 0xffff, 0xffff, 0xffff, 0xffff, 0xffff, 0xffff,
    0xffff, 0xffff, 0xffff, 0xffff, 0xffff, 0xffff, 0xffff, 0xffff, 0xffff, 0xffff, 0xffff, 0xffff, 0xffff, 0xffff, 0xffff, 0xffff,
    0xffff, 0xffff, 0xffff, 0xffff, 0xffff, 0xffff, 0xffff, 0xffff, 0xffff, 0xffff, 0xffff, 0xffff, 0xffff, 0xffff, 0xffff, 0xffff,
    0xffff, 0xffff, 0xffff, 0xffff, 0xffff, 0xffff, 0xffff, 0xffff, 0xffff, 0xffff, 0xffff, 0xffff, 0xffff, 0xffff, 0xffff, 0xffff,
    0xffff, 0xffff, 0xffff, 0xffff, 0xffff, 0xffff, 0xffff, 0xffff, 0xffff, 0xffff, 0xffff, 0xffff, 0xffff, 0xffff, 0xffff, 0xffff,
    0xffff, 0xffff, 0xffff, 0xffff, 0xffff, 0xffff, 0xffff, 0xffff, 0xffff, 0xffff, 0xffff, 0xffff, 0xffff, 0xffff, 0xffff, 0xffff,
    0xffff, 0xffff, 0xffff, 0xffff, 0xffff, 0xffff, 0xffff, 0xffff, 0xffff, 0xffff, 0xffff, 0xffff, 0xffff, 0xffff, 0xffff, 0xffff,
    0xffff, 0xffff, 0xffff, 0xffff, 0xffff, 0xffff, 0xffff, 0xffff, 0xffff, 0xffff, 0xffff, 0xffff, 0xffff, 0xffff, 0xffff, 0xffff,
    0xffff, 0xffff, 0xffff, 0xffff, 0xffff, 0xffff, 0xffff, 0xffff, 0xffff, 0xffff, 0xffff, 0xffff, 0xffff, 0xffff, 0xffff, 0xffff,
    0xffff, 0xffff, 0xffff, 0xffff, 0xffff, 0xffff, 0xffff, 0xffff, 0xffff, 0xffff, 0xffff, 0xffff, 0xffff, 0xffff, 0xffff, 0xffff,
    0xffff, 0xffff, 0xffff, 0xffff, 0xffff, 0xffff, 0xffff, 0xffff, 0xffff, 0xffff, 0xffff, 0xffff, 0xffff, 0xffff, 0xffff, 0xffff,
    0xffff, 0xffff, 0xffff, 0xf7df, 0xef9e, 0xffff, 0xf7df, 0x3ab1, 0x118e, 0x3b34, 0xb6bf, 0xbedf, 0x549a, 0x1336, 0x2376, 0x016e,
    0x1a72, 0x4419, 0x2336, 0x0211, 0x0a52, 0x0a11, 0x3335, 0x1a73, 0x012d, 0x018e, 0x0211, 0x01d0, 0x0a11, 0x014d, 0x018e, 0x012d,
    0x2a92, 0x09d0, 0x3336, 0x6cfb, 0x5438, 0x5c99, 0x3376, 0x018f, 0x4bf7, 0x8dbc, 0x0a52, 0x0211, 0x22b2, 0xa5da, 0xae1a, 0xce9b,
    0xffff, 0xffff, 0xffff, 0xffff, 0xffff, 0xffff, 0xffff, 0xffff, 0xffff, 0xffff, 0xffff, 0xffff, 0xffff, 0xffff, 0xffff, 0xffff,
    0xffff, 0xffff, 0xffff, 0xffff, 0xffff, 0xffff, 0xffff, 0xffff, 0xffff, 0xffff, 0xffff, 0xffff, 0xffff, 0xffff, 0xffff, 0xffff,
    0xffff, 0xffff, 0xffff, 0xffff, 0xffff, 0xffff, 0xffff, 0xffff, 0xffff, 0xffff, 0xffff, 0xffff, 0xffff, 0xffff, 0xffff, 0xffff,
    0xffff, 0xffff, 0xffff, 0xffff, 0xffff, 0xffff, 0xffff, 0xffff, 0xffff, 0xffff, 0xffff, 0xffff, 0xffff, 0xffff, 0xffff, 0xffff,
    0xffff, 0xffff, 0xffff, 0xffff, 0xffff, 0xffff, 0xffff, 0xffff, 0xffff, 0xffff, 0xffff, 0xffff, 0xffff, 0xffff, 0xffff, 0xffff,
    0xffff, 0xffff, 0xffff, 0xffff, 0xffff, 0xffff, 0xffff, 0xffff, 0xffff, 0xffff, 0xffff, 0xffff, 0xffff, 0xffff, 0xffff, 0xffff,
    0xffff, 0xffff, 0xffff, 0xffff, 0xffff, 0xffff, 0xffff, 0xffff, 0xffff, 0xffff, 0xffff, 0xffff, 0xffff, 0xffff, 0xffff, 0xffff,
    0xffff, 0xffff, 0xffff, 0xffff, 0xffff, 0xffff, 0xffff, 0xffff, 0xffff, 0xffff, 0xffff, 0xffff, 0xffff, 0xffff, 0xffff, 0xffff,
    0xffff, 0xffff, 0xffff, 0xffff, 0xffff, 0xffff, 0xffff, 0xffff, 0xffff, 0xffff, 0xffff, 0xffff, 0xffff, 0xffff, 0xffff, 0xffff,
    0xffff, 0xffff, 0xffff, 0xffff, 0xffff, 0xffff, 0xffff, 0xffff, 0xffff, 0xffff, 0xffff, 0xffff, 0xffff, 0xffff, 0xffff, 0xffff,
    0xffff, 0xffff, 0xffff, 0xffff, 0xffff, 0xffff, 0xffff, 0xffff, 0xffff, 0xffff, 0xffff, 0xffff, 0xffff, 0xffff, 0xffff, 0xffff,
    0xffff, 0xffff, 0xffff, 0xffff, 0xffff, 0xffff, 0xffff, 0xffff, 0xffff, 0xffff, 0xffff, 0xffff, 0xffff, 0xffff, 0xffff, 0xffff,
    0xffff, 0xffff, 0xffff, 0xffff, 0xffff, 0xffff, 0xffff, 0xffff, 0xffff, 0xffff, 0xffff, 0xffff, 0xffff, 0xffff, 0xffff, 0xffff,
    0xffff, 0xffff, 0xffff, 0xffff, 0xffff, 0xffff, 0xffff, 0xffff, 0xffff, 0xffff, 0xffff, 0xffff, 0xffff, 0xffff, 0xffff, 0xffff,
    0xffff, 0xffff, 0xffff, 0xffff, 0xffff, 0xffff, 0xffff, 0xffff, 0xffff, 0xffff, 0xffff, 0xffff, 0xffff, 0xffff, 0xffff, 0xffff,
    0xffff, 0xffff, 0xffff, 0xffff, 0xffff, 0xffff, 0xffff, 0xffff, 0xffff, 0xffff, 0xffff, 0xffff, 0xffff, 0xffff, 0xffff, 0xffff,
    0xffff, 0xffff, 0xffff, 0xffff, 0xffff, 0xffff, 0xffff, 0xffff, 0xffff, 0xffff, 0xffff, 0xffff, 0xffff, 0xffff, 0xffff, 0xffdf,
    0xffff, 0xffff, 0xffff, 0xbe5b, 0x096c, 0x53b5, 0x32b1, 0x6cd9, 0x95fd, 0x95fe, 0x4bd6, 0x2af3, 0x12b4, 0x09f1, 0x01d0, 0x1ad4,
    0x0a32, 0x01f1, 0x01d0, 0x01b0, 0x1252, 0x1af5, 0x018e, 0x016e, 0x1a92, 0x0a10, 0x09d0, 0x01af, 0x018e, 0x018e, 0x018e, 0x016e,
    0x2ab2, 0x018e, 0x1231, 0x3b97, 0x09f0, 0x1a72, 0x09cf, 0x3334, 0x3b97, 0x3bd8, 0x4c59, 0x751b, 0x6499, 0x016f, 0x010e, 0x3ad1,
    0xffff, 0xf7df, 0xc65b, 0xffff, 0xffff, 0xffff, 0xffff, 0xffff, 0xffff, 0xffff, 0xffff, 0xffff, 0xffff, 0xffff, 0xffff, 0xffff,
    0xffff, 0xffff, 0xffff, 0xffff, 0xffff, 0xffff, 0xffff, 0xffff, 0xffff, 0xffff, 0xffff, 0xffff, 0xffff, 0xffff, 0xffff, 0xffff,
    0xffff, 0xffff, 0xffff, 0xffff, 0xffff, 0xffff, 0xffff, 0xffff, 0xffff, 0xffff, 0xffff, 0xffff, 0xffff, 0xffff, 0xffff, 0xffff,
    0xffff, 0xffff, 0xffff, 0xffff, 0xffff, 0xffff, 0xffff, 0xffff, 0xffff, 0xffff, 0xffff, 0xffff, 0xffff, 0xffff, 0xffff, 0xffff,
    0xffff, 0xffff, 0xffff, 0xffff, 0xffff, 0xffff, 0xffff, 0xffff, 0xffff, 0xffff, 0xffff, 0xffff, 0xffff, 0xffff, 0xffff, 0xffff,
    0xffff, 0xffff, 0xffff, 0xffff, 0xffff, 0xffff, 0xffff, 0xffff, 0xffff, 0xffff, 0xffff, 0xffff, 0xffff, 0xffff, 0xffff, 0xffff,
    0xffff, 0xffff, 0xffff, 0xffff, 0xffff, 0xffff, 0xffff, 0xffff, 0xffff, 0xffff, 0xffff, 0xffff, 0xffff, 0xffff, 0xffff, 0xffff,
    0xffff, 0xffff, 0xffff, 0xffff, 0xffff, 0xffff, 0xffff, 0xffff, 0xffff, 0xffff, 0xffff, 0xffff, 0xffff, 0xffff, 0xffff, 0xffff,
    0xffff, 0xffff, 0xffff, 0xffff, 0xffff, 0xffff, 0xffff, 0xffff, 0xffff, 0xffff, 0xffff, 0xffff, 0xffff, 0xffff, 0xffff, 0xffff,
    0xffff, 0xffff, 0xffff, 0xffff, 0xffff, 0xffff, 0xffff, 0xffff, 0xffff, 0xffff, 0xffff, 0xffff, 0xffff, 0xffff, 0xffff, 0xffff,
    0xffff, 0xffff, 0xffff, 0xffff, 0xffff, 0xffff, 0xffff, 0xffff, 0xffff, 0xffff, 0xffff, 0xffff, 0xffff, 0xffff, 0xffff, 0xffff,
    0xffff, 0xffff, 0xffff, 0xffff, 0xffff, 0xffff, 0xffff, 0xffff, 0xffff, 0xffff, 0xffff, 0xffff, 0xffff, 0xffff, 0xffff, 0xffff,
    0xffff, 0xffff, 0xffff, 0xffff, 0xffff, 0xffff, 0xffff, 0xffff, 0xffff, 0xffff, 0xffff, 0xffff, 0xffff, 0xffff, 0xffff, 0xffff,
    0xffff, 0xffff, 0xffff, 0xffff, 0xffff, 0xffff, 0xffff, 0xffff, 0xffff, 0xffff, 0xffff, 0xffff, 0xffff, 0xffff, 0xffff, 0xffff,
    0xffff, 0xffff, 0xffff, 0xffff, 0xffff, 0xffff, 0xffff, 0xffff, 0xffff, 0xffff, 0xffff, 0xffff, 0xffff, 0xffff, 0xffff, 0xffff,
    0xffff, 0xffff, 0xffff, 0xffff, 0xffff, 0xffff, 0xffff, 0xffff, 0xffff, 0xffff, 0xffff, 0xffff, 0xffff, 0xffff, 0xffff, 0xffff,
    0xffff, 0xffff, 0xffff, 0xffff, 0xffff, 0xffff, 0xffff, 0xffff, 0xffff, 0xffff, 0xffff, 0xffff, 0xffff, 0xffff, 0xffff, 0xffff,
    0x84b6, 0x42f1, 0x4311, 0x3af1, 0x6437, 0x43f7, 0x3bb7, 0x5458, 0x3334, 0x3b34, 0x22f5, 0x1293, 0x01af, 0x0a31, 0x2315, 0x01f1,
    0x018f, 0x01b0, 0x018f, 0x018f, 0x016e, 0x016e, 0x014d, 0x09af, 0x3bb7, 0x1210, 0x012d, 0x3355, 0x1a51, 0x014d, 0x018e, 0x018e,
    0x014d, 0x018e, 0x016e, 0x016e, 0x016e, 0x0a10, 0x01af, 0x018e, 0x018e, 0x0a31, 0x1232, 0x3b75, 0x43b6, 0x3bb6, 0x6499, 0x5438,
    0x4354, 0x4395, 0x1a30, 0xa598, 0xef9e, 0xffff, 0xffff, 0xffff, 0xffff, 0xffff, 0xffff, 0xffff, 0xffff, 0xffff, 0xffff, 0xffff,
    0xffff, 0xffff, 0xffff, 0xffff, 0xffff, 0xffff, 0xffff, 0xffff, 0xffff, 0xffff, 0xffff, 0xffff, 0xffff, 0xffff, 0xffff, 0xffff,
    0xffff, 0xffff, 0xffff, 0xffff, 0xffff, 0xffff, 0xffff, 0xffff, 0xffff, 0xffff, 0xffff, 0xffff, 0xffff, 0xffff, 0xffff, 0xffff,
    0xffff, 0xffff, 0xffff, 0xffff, 0xffff, 0xffff, 0xffff, 0xffff, 0xffff, 0xffff, 0xffff, 0xffff, 0xffff, 0xffff, 0xffff, 0xffff,
    0xffff, 0xffff, 0xffff, 0xffff, 0xffff, 0xffff, 0xffff, 0xffff, 0xffff, 0xffff, 0xffff, 0xffff, 0xffff, 0xffff, 0xffff, 0xffff,
    0xffff, 0xffff, 0xffff, 0xffff, 0xffff, 0xffff, 0xffff, 0xffff, 0xffff, 0xffff, 0xffff, 0xffff, 0xffff, 0xffff, 0xffff, 0xffff,
    0xffff, 0xffff, 0xffff, 0xffff, 0xffff, 0xffff, 0xffff, 0xffff, 0xffff, 0xffff, 0xffff, 0xffff, 0xffff, 0xffff, 0xffff, 0xffff,
    0xffff, 0xffff, 0xffff, 0xffff, 0xffff, 0xffff, 0xffff, 0xffff, 0xffff, 0xffff, 0xffff, 0xffff, 0xffff, 0xffff, 0xffff, 0xffff,
    0xffff, 0xffff, 0xffff, 0xffff, 0xffff, 0xffff, 0xffff, 0xffff, 0xffff, 0xffff, 0xffff, 0xffff, 0xffff, 0xffff, 0xffff, 0xffff,
    0xffff, 0xffff, 0xffff, 0xffff, 0xffff, 0xffff, 0xffff, 0xffff, 0xffff, 0xffff, 0xffff, 0xffff, 0xffff, 0xffff, 0xffff, 0xffff,
    0xffff, 0xffff, 0xffff, 0xffff, 0xffff, 0xffff, 0xffff, 0xffff, 0xffff, 0xffff, 0xffff, 0xffff, 0xffff, 0xffff, 0xffff, 0xffff,
    0xffff, 0xffff, 0xffff, 0xffff, 0xffff, 0xffff, 0xffff, 0xffff, 0xffff, 0xffff, 0xffff, 0xffff, 0xffff, 0xffff, 0xffff, 0xffff,
    0xffff, 0xffff, 0xffff, 0xffff, 0xffff, 0xffff, 0xffff, 0xffff, 0xffff, 0xffff, 0xffff, 0xffff, 0xffff, 0xffff, 0xffff, 0xffff,
    0xffff, 0xffff, 0xffff, 0xffff, 0xffff, 0xffff, 0xffff, 0xffff, 0xffff, 0xffff, 0xffff, 0xffff, 0xffff, 0xffff, 0xffff, 0xffff,
    0xffff, 0xffff, 0xffff, 0xffff, 0xffff, 0xffff, 0xffff, 0xffff, 0xffff, 0xffff, 0xffff, 0xffff, 0xffff, 0xffff, 0xffff, 0xffff,
    0xffff, 0xffff, 0xffff, 0xffff, 0xffff, 0xffff, 0xffff, 0xffff, 0xffff, 0xffff, 0xffff, 0xffff, 0xffff, 0xffff, 0xffff, 0xffff,
    0xffff, 0xffff, 0xffff, 0xffff, 0xffff, 0xffff, 0xffff, 0xffff, 0xffff, 0xffff, 0xffff, 0xffff, 0xffff, 0xffff, 0xbe3a, 0x9d58,
    0x32d1, 0x010c, 0x43b5, 0x6499, 0x751b, 0x4c39, 0x5c9a, 0x11f0, 0x018e, 0x012c, 0x22f4, 0x22d3, 0x09f0, 0x22b3, 0x016e, 0x018e,
    0x018e, 0x018e, 0x016e, 0x018e, 0x018e, 0x018e, 0x1a31, 0x01ae, 0x016e, 0x018e, 0x018e, 0x09cf, 0x01ae, 0x018e, 0x018e, 0x018e,
    0x018e, 0x018e, 0x018e, 0x018e, 0x018e, 0x016e, 0x016e, 0x018e, 0x016d, 0x016d, 0x014d, 0x016d, 0x014d, 0x6499, 0x6cb9, 0x3355,
    0x4439, 0x2b97, 0x22d4, 0x012d, 0x9db9, 0xb61a, 0xc65b, 0xffff, 0xffff, 0xffff, 0xffff, 0xffff, 0xffff, 0xffff, 0xffff, 0xffff,
    0xffff, 0xffff, 0xffff, 0xffff, 0xffff, 0xffff, 0xffff, 0xffff, 0xffff, 0xffff, 0xffff, 0xffff, 0xffff, 0xffff, 0xffff, 0xffff,
    0xffff, 0xffff, 0xffff, 0xffff, 0xffff, 0xffff, 0xffff, 0xffff, 0xffff, 0xffff, 0xffff, 0xffff, 0xffff, 0xffff, 0xffff, 0xffff,
    0xffff, 0xffff, 0xffff, 0xffff, 0xffff, 0xffff, 0xffff, 0xffff, 0xffff, 0xffff, 0xffff, 0xffff, 0xffff, 0xffff, 0xffff, 0xffff,
    0xffff, 0xffff, 0xffff, 0xffff, 0xffff, 0xffff, 0xffff, 0xffff, 0xffff, 0xffff, 0xffff, 0xffff, 0xffff, 0xffff, 0xffff, 0xffff,
    0xffff, 0xffff, 0xffff, 0xffff, 0xffff, 0xffff, 0xffff, 0xffff, 0xffff, 0xffff, 0xffff, 0xffff, 0xffff, 0xffff, 0xffff, 0xffff,
    0xffff, 0xffff, 0xffff, 0xffff, 0xffff, 0xffff, 0xffff, 0xffff, 0xffff, 0xffff, 0xffff, 0xffff, 0xffff, 0xffff, 0xffff, 0xffff,
    0xffff, 0xffff, 0xffff, 0xffff, 0xffff, 0xffff, 0xffff, 0xffff, 0xffff, 0xffff, 0xffff, 0xffff, 0xffff, 0xffff, 0xffff, 0xffff,
    0xffff, 0xffff, 0xffff, 0xffff, 0xffff, 0xffff, 0xffff, 0xffff, 0xffff, 0xffff, 0xffff, 0xffff, 0xffff, 0xffff, 0xffff, 0xffff,
    0xffff, 0xffff, 0xffff, 0xffff, 0xffff, 0xffff, 0xffff, 0xffff, 0xffff, 0xffff, 0xffff, 0xffff, 0xffff, 0xffff, 0xffff, 0xffff,
    0xffff, 0xffff, 0xffff, 0xffff, 0xffff, 0xffff, 0xffff, 0xffff, 0xffff, 0xffff, 0xffff, 0xffff, 0xffff, 0xffff, 0xffff, 0xffff,
    0xffff, 0xffff, 0xffff, 0xffff, 0xffff, 0xffff, 0xffff, 0xffff, 0xffff, 0xffff, 0xffff, 0xffff, 0xffff, 0xffff, 0xffff, 0xffff,
    0xffff, 0xffff, 0xffff, 0xffff, 0xffff, 0xffff, 0xffff, 0xffff, 0xffff, 0xffff, 0xffff, 0xffff, 0xffff, 0xffff, 0xffff, 0xffff,
    0xffff, 0xffff, 0xffff, 0xffff, 0xffff, 0xffff, 0xffff, 0xffff, 0xffff, 0xffff, 0xffff, 0xffff, 0xffff, 0xffff, 0xffff, 0xffff,
    0xffff, 0xffff, 0xffff, 0xffff, 0xffff, 0xffff, 0xffff, 0xffff, 0xffff, 0xffff, 0xffff, 0xffff, 0xffff, 0xffff, 0xffff, 0xffff,
    0xffff, 0xffff, 0xffff, 0xffff, 0xffff, 0xffff, 0xffff, 0xffff, 0xffff, 0xffff, 0xffff, 0xffff, 0xffff, 0xffff, 0xffff, 0xffff,
    0xffff, 0xffff, 0xffff, 0xffff, 0xffff, 0xffff, 0xffff, 0xffff, 0xffff, 0xffff, 0xffdf, 0xffff, 0xef7e, 0x5372, 0x19ef, 0x11ef,
    0x959b, 0x6499, 0x859c, 0x7d3c, 0x4bf7, 0x09cf, 0x1231, 0x018e, 0x018e, 0x018e, 0x016d, 0x016d, 0x018e, 0x018e, 0x016e, 0x018e,
    0x018e, 0x018e, 0x018e, 0x018e, 0x018e, 0x016e, 0x3b55, 0x09f0, 0x016d, 0x01ae, 0x018e, 0x016d, 0x018e, 0x018f, 0x018e, 0x018e,
    0x018e, 0x018e, 0x018e, 0x018e, 0x016e, 0x018e, 0x018e, 0x018e, 0x016d, 0x018e, 0x018d, 0x018e, 0x016e, 0x09f0, 0x01af, 0x018e,
    0x3334, 0x4418, 0x22f4, 0x4c39, 0x3334, 0x012d, 0x19ef, 0xe73d, 0xffff, 0xffff, 0xffff, 0xffff, 0xffff, 0xffff, 0xffff, 0xffff,
    0xffff, 0xffff, 0xffff, 0xffff, 0xffff, 0xffff, 0xffff, 0xffff, 0xffff, 0xffff, 0xffff, 0xffff, 0xffff, 0xffff, 0xffff, 0xffff,
    0xffff, 0xffff, 0xffff, 0xffff, 0xffff, 0xffff, 0xffff, 0xffff, 0xffff, 0xffff, 0xffff, 0xffff, 0xffff, 0xffff, 0xffff, 0xffff,
    0xffff, 0xffff, 0xffff, 0xffff, 0xffff, 0xffff, 0xffff, 0xffff, 0xffff, 0xffff, 0xffff, 0xffff, 0xffff, 0xffff, 0xffff, 0xffff,
    0xffff, 0xffff, 0xffff, 0xffff, 0xffff, 0xffff, 0xffff, 0xffff, 0xffff, 0xffff, 0xffff, 0xffff, 0xffff, 0xffff, 0xffff, 0xffff,
    0xffff, 0xffff, 0xffff, 0xffff, 0xffff, 0xffff, 0xffff, 0xffff, 0xffff, 0xffff, 0xffff, 0xffff, 0xffff, 0xffff, 0xffff, 0xffff,
    0xffff, 0xffff, 0xffff, 0xffff, 0xffff, 0xffff, 0xffff, 0xffff, 0xffff, 0xffff, 0xffff, 0xffff, 0xffff, 0xffff, 0xffff, 0xffff,
    0xffff, 0xffff, 0xffff, 0xffff, 0xffff, 0xffff, 0xffff, 0xffff, 0xffff, 0xffff, 0xffff, 0xffff, 0xffff, 0xffff, 0xffff, 0xffff,
    0xffff, 0xffff, 0xffff, 0xffff, 0xffff, 0xffff, 0xffff, 0xffff, 0xffff, 0xffff, 0xffff, 0xffff, 0xffff, 0xffff, 0xffff, 0xffff,
    0xffff, 0xffff, 0xffff, 0xffff, 0xffff, 0xffff, 0xffff, 0xffff, 0xffff, 0xffff, 0xffff, 0xffff, 0xffff, 0xffff, 0xffff, 0xffff,
    0xffff, 0xffff, 0xffff, 0xffff, 0xffff, 0xffff, 0xffff, 0xffff, 0xffff, 0xffff, 0xffff, 0xffff, 0xffff, 0xffff, 0xffff, 0xffff,
    0xffff, 0xffff, 0xffff, 0xffff, 0xffff, 0xffff, 0xffff, 0xffff, 0xffff, 0xffff, 0xffff, 0xffff, 0xffff, 0xffff, 0xffff, 0xffff,
    0xffff, 0xffff, 0xffff, 0xffff, 0xffff, 0xffff, 0xffff, 0xffff, 0xffff, 0xffff, 0xffff, 0xffff, 0xffff, 0xffff, 0xffff, 0xffff,
    0xffff, 0xffff, 0xffff, 0xffff, 0xffff, 0xffff, 0xffff, 0xffff, 0xffff, 0xffff, 0xffff, 0xffff, 0xffff, 0xffff, 0xffff, 0xffff,
    0xffff, 0xffff, 0xffff, 0xffff, 0xffff, 0xffff, 0xffff, 0xffff, 0xffff, 0xffff, 0xffff, 0xffff, 0xffff, 0xffff, 0xffff, 0xffff,
    0xffff, 0xffff, 0xffff, 0xffff, 0xffff, 0xffff, 0xffff, 0xffff, 0xffff, 0xffff, 0xffff, 0xffff, 0xffff, 0xffff, 0xffff, 0xffff,
    0xffff, 0xffff, 0xffff, 0xffff, 0xffff, 0xffff, 0xffff, 0xffff, 0xffff, 0xffff, 0xffff, 0xdf3d, 0x42d1, 0x32d1, 0x3b54, 0x4374,
    0xa61d, 0x7d5b, 0x4418, 0x1a92, 0x098d, 0x012c, 0x012d, 0x018e, 0x014d, 0x014d, 0x016d, 0x018d, 0x018e, 0x018e, 0x018e, 0x018e,
    0x018e, 0x018e, 0x018e, 0x018e, 0x018e, 0x018e, 0x012c, 0x1a71, 0x4396, 0x012c, 0x09f0, 0x3355, 0x018e, 0x018e, 0x018e, 0x01cf,
    0x01af, 0x016e, 0x018e, 0x018e, 0x018e, 0x016e, 0x018e, 0x018e, 0x016d, 0x018e, 0x018e, 0x016d, 0x016d, 0x2b35, 0x1211, 0x014d,
    0x018e, 0x09f0, 0x1a72, 0x6d1b, 0x5c79, 0x74fa, 0x5416, 0x2a4f, 0x21ed, 0xc67b, 0xffff, 0xffdf, 0xffff, 0xffff, 0xffff, 0xffff,
    0xffff, 0xffff, 0xffff, 0xffff, 0xffff, 0xffff, 0xffff, 0xffff, 0xffff, 0xffff, 0xffff, 0xffff, 0xffff, 0xffff, 0xffff, 0xffff,
    0xffff, 0xffff, 0xffff, 0xffff, 0xffff, 0xffff, 0xffff, 0xffff, 0xffff, 0xffff, 0xffff, 0xffff, 0xffff, 0xffff, 0xffff, 0xffff,
    0xffff, 0xffff, 0xffff, 0xffff, 0xffff, 0xffff, 0xffff, 0xffff, 0xffff, 0xffff, 0xffff, 0xffff, 0xffff, 0xffff, 0xffff, 0xffff,
    0xffff, 0xffff, 0xffff, 0xffff, 0xffff, 0xffff, 0xffff, 0xffff, 0xffff, 0xffff, 0xffff, 0xffff, 0xffff, 0xffff, 0xffff, 0xffff,
    0xffff, 0xffff, 0xffff, 0xffff, 0xffff, 0xffff, 0xffff, 0xffff, 0xffff, 0xffff, 0xffff, 0xffff, 0xffff, 0xffff, 0xffff, 0xffff,
    0xffff, 0xffff, 0xffff, 0xffff, 0xffff, 0xffff, 0xffff, 0xffff, 0xffff, 0xffff, 0xffff, 0xffff, 0xffff, 0xffff, 0xffff, 0xffff,
    0xffff, 0xffff, 0xffff, 0xffff, 0xffff, 0xffff, 0xffff, 0xffff, 0xffff, 0xffff, 0xffff, 0xffff, 0xffff, 0xffff, 0xffff, 0xffff,
    0xffff, 0xffff, 0xffff, 0xffff, 0xffff, 0xffff, 0xffff, 0xffff, 0xffff, 0xffff, 0xffff, 0xffff, 0xffff, 0xffff, 0xffff, 0xffff,
    0xffff, 0xffff, 0xffff, 0xffff, 0xffff, 0xffff, 0xffff, 0xffff, 0xffff, 0xffff, 0xffff, 0xffff, 0xffff, 0xffff, 0xffff, 0xffff,
    0xffff, 0xffff, 0xffff, 0xffff, 0xffff, 0xffff, 0xffff, 0xffff, 0xffff, 0xffff, 0xffff, 0xffff, 0xffff, 0xffff, 0xffff, 0xffff,
    0xffff, 0xffff, 0xffff, 0xffff, 0xffff, 0xffff, 0xffff, 0xffff, 0xffff, 0xffff, 0xffff, 0xffff, 0xffff, 0xffff, 0xffff, 0xffff,
    0xffff, 0xffff, 0xffff, 0xffff, 0xffff, 0xffff, 0xffff, 0xffff, 0xffff, 0xffff, 0xffff, 0xffff, 0xffff, 0xffff, 0xffff, 0xffff,
    0xffff, 0xffff, 0xffff, 0xffff, 0xffff, 0xffff, 0xffff, 0xffff, 0xffff, 0xffff, 0xffff, 0xffff, 0xffff, 0xffff, 0xffff, 0xffff,
    0xffff, 0xffff, 0xffff, 0xffff, 0xffff, 0xffff, 0xffff, 0xffff, 0xffff, 0xffff, 0xffff, 0xffff, 0xffff, 0xffff, 0xffff, 0xffff,
    0xffff, 0xffff, 0xffff, 0xffff, 0xffff, 0xffff, 0xffff, 0xffff, 0xffff, 0xffff, 0xffff, 0xffff, 0xffff, 0xffff, 0xffff, 0xffff,
    0xffff, 0xffff, 0xffff, 0xffff, 0xffff, 0xffff, 0xffff, 0xffff, 0xffff, 0xffff, 0xadd9, 0x2a70, 0x2a91, 0xb69d, 0xa63d, 0x7d5b,
    0x6479, 0x2292, 0x01af, 0x016e, 0x014d, 0x2af4, 0x1a51, 0x012d, 0x2ab1, 0x2271, 0x016e, 0x016e, 0x016e, 0x018e, 0x016e, 0x016e,
    0x018e, 0x016e, 0x016e, 0x016d, 0x018e, 0x016e, 0x014d, 0x09ae, 0x2271, 0x3334, 0x1231, 0x43d7, 0x018e, 0x018e, 0x018e, 0x01cf,
    0x018f, 0x016e, 0x016e, 0x016d, 0x016e, 0x016e, 0x014d, 0x016d, 0x016d, 0x014d, 0x018d, 0x018e, 0x016e, 0x09ee, 0x018e, 0x018e,
    0x018e, 0x016e, 0x01af, 0x1251, 0x22f4, 0x64ba, 0x6cfa, 0x7d1a, 0x2a91, 0x19ce, 0xb5f9, 0xffff, 0xffff, 0xffff, 0xffff, 0xffff,
    0xffff, 0xffff, 0xffff, 0xffff, 0xffff, 0xffff, 0xffff, 0xffff, 0xffff, 0xffff, 0xffff, 0xffff, 0xffff, 0xffff, 0xffff, 0xffff,
    0xffff, 0xffff, 0xffff, 0xffff, 0xffff, 0xffff, 0xffff, 0xffff, 0xffff, 0xffff, 0xffff, 0xffff, 0xffff, 0xffff, 0xffff, 0xffff,
    0xffff, 0xffff, 0xffff, 0xffff, 0xffff, 0xffff, 0xffff, 0xffff, 0xffff, 0xffff, 0xffff, 0xffff, 0xffff, 0xffff, 0xffff, 0xffff,
    0xffff, 0xffff, 0xffff, 0xffff, 0xffff, 0xffff, 0xffff, 0xffff, 0xffff, 0xffff, 0xffff, 0xffff, 0xffff, 0xffff, 0xffff, 0xffff,
    0xffff, 0xffff, 0xffff, 0xffff, 0xffff, 0xffff, 0xffff, 0xffff, 0xffff, 0xffff, 0xffff, 0xffff, 0xffff, 0xffff, 0xffff, 0xffff,
    0xffff, 0xffff, 0xffff, 0xffff, 0xffff, 0xffff, 0xffff, 0xffff, 0xffff, 0xffff, 0xffff, 0xffff, 0xffff, 0xffff, 0xffff, 0xffff,
    0xffff, 0xffff, 0xffff, 0xffff, 0xffff, 0xffff, 0xffff, 0xffff, 0xffff, 0xffff, 0xffff, 0xffff, 0xffff, 0xffff, 0xffff, 0xffff,
    0xffff, 0xffff, 0xffff, 0xffff, 0xffff, 0xffff, 0xffff, 0xffff, 0xffff, 0xffff, 0xffff, 0xffff, 0xffff, 0xffff, 0xffff, 0xffff,
    0xffff, 0xffff, 0xffff, 0xffff, 0xffff, 0xffff, 0xffff, 0xffff, 0xffff, 0xffff, 0xffff, 0xffff, 0xffff, 0xffff, 0xffff, 0xffff,
    0xffff, 0xffff, 0xffff, 0xffff, 0xffff, 0xffff, 0xffff, 0xffff, 0xffff, 0xffff, 0xffff, 0xffff, 0xffff, 0xffff, 0xffff, 0xffff,
    0xffff, 0xffff, 0xffff, 0xffff, 0xffff, 0xffff, 0xffff, 0xffff, 0xffff, 0xffff, 0xffff, 0xffff, 0xffff, 0xffff, 0xffff, 0xffff,
    0xffff, 0xffff, 0xffff, 0xffff, 0xffff, 0xffff, 0xffff, 0xffff, 0xffff, 0xffff, 0xffff, 0xffff, 0xffff, 0xffff, 0xffff, 0xffff,
    0xffff, 0xffff, 0xffff, 0xffff, 0xffff, 0xffff, 0xffff, 0xffff, 0xffff, 0xffff, 0xffff, 0xffff, 0xffff, 0xffff, 0xffff, 0xffff,
    0xffff, 0xffff, 0xffff, 0xffff, 0xffff, 0xffff, 0xffff, 0xffff, 0xffff, 0xffff, 0xffff, 0xffff, 0xffff, 0xffff, 0xffff, 0xffff,
    0xffff, 0xffff, 0xffff, 0xffff, 0xffff, 0xffff, 0xffff, 0xffff, 0xffff, 0xffff, 0xffff, 0xffff, 0xffff, 0xffff, 0xffff, 0xffff,
    0xffff, 0xffff, 0xffff, 0xffff, 0xffff, 0xffff, 0xffff, 0xffff, 0xef9e, 0xb61a, 0x222f, 0x1a31, 0xae5c, 0xcefe, 0x74fa, 0x4c39,
    0x1a51, 0x014e, 0x016e, 0x09cf, 0x2270, 0x2292, 0x1251, 0x096d, 0x3b33, 0x2ab2, 0x016d, 0x018e, 0x01af, 0x016e, 0x018e, 0x018e,
    0x018e, 0x018e, 0x016d, 0x018e, 0x016d, 0x09cf, 0x1a51, 0x016e, 0x016e, 0x1a72, 0x1250, 0x5c99, 0x43f7, 0x1a92, 0x014d, 0x01af,
    0x1231, 0x018e, 0x018f, 0x1231, 0x018e, 0x014d, 0x1230, 0x09ef, 0x016e, 0x3314, 0x016e, 0x014d, 0x018d, 0x016d, 0x016e, 0x018e,
    0x018e, 0x018e, 0x018e, 0x016e, 0x018f, 0x1293, 0x547a, 0x751a, 0xae5d, 0x09af, 0x098f, 0x42b1, 0xd6dc, 0xffff, 0xffff, 0xffff,
    0xffff, 0xffff, 0xffff, 0xffff, 0xffff, 0xffff, 0xffff, 0xffff, 0xffff, 0xffff, 0xffff, 0xffff, 0xffff, 0xffff, 0xffff, 0xffff,
    0xffff, 0xffff, 0xffff, 0xffff, 0xffff, 0xffff, 0xffff, 0xffff, 0xffff, 0xffff, 0xffff, 0xffff, 0xffff, 0xffff, 0xffff, 0xffff,
    0xffff, 0xffff, 0xffff, 0xffff, 0xffff, 0xffff, 0xffff, 0xffff, 0xffff, 0xffff, 0xffff, 0xffff, 0xffff, 0xffff, 0xffff, 0xffff,
    0xffff, 0xffff, 0xffff, 0xffff, 0xffff, 0xffff, 0xffff, 0xffff, 0xffff, 0xffff, 0xffff, 0xffff, 0xffff, 0xffff, 0xffff, 0xffff,
    0xffff, 0xffff, 0xffff, 0xffff, 0xffff, 0xffff, 0xffff, 0xffff, 0xffff, 0xffff, 0xffff, 0xffff, 0xffff, 0xffff, 0xffff, 0xffff,
    0xffff, 0xffff, 0xffff, 0xffff, 0xffff, 0xffff, 0xffff, 0xffff, 0xffff, 0xffff, 0xffff, 0xffff, 0xffff, 0xffff, 0xffff, 0xffff,
    0xffff, 0xffff, 0xffff, 0xffff, 0xffff, 0xffff, 0xffff, 0xffff, 0xffff, 0xffff, 0xffff, 0xffff, 0xffff, 0xffff, 0xffff, 0xffff,
    0xffff, 0xffff, 0xffff, 0xffff, 0xffff, 0xffff, 0xffff, 0xffff, 0xffff, 0xffff, 0xffff, 0xffff, 0xffff, 0xffff, 0xffff, 0xffff,
    0xffff, 0xffff, 0xffff, 0xffff, 0xffff, 0xffff, 0xffff, 0xffff, 0xffff, 0xffff, 0xffff, 0xffff, 0xffff, 0xffff, 0xffff, 0xffff,
    0xffff, 0xffff, 0xffff, 0xffff, 0xffff, 0xffff, 0xffff, 0xffff, 0xffff, 0xffff, 0xffff, 0xffff, 0xffff, 0xffff, 0xffff, 0xffff,
    0xffff, 0xffff, 0xffff, 0xffff, 0xffff, 0xffff, 0xffff, 0xffff, 0xffff, 0xffff, 0xffff, 0xffff, 0xffff, 0xffff, 0xffff, 0xffff,
    0xffff, 0xffff, 0xffff, 0xffff, 0xffff, 0xffff, 0xffff, 0xffff, 0xffff, 0xffff, 0xffff, 0xffff, 0xffff, 0xffff, 0xffff, 0xffff,
    0xffff, 0xffff, 0xffff, 0xffff, 0xffff, 0xffff, 0xffff, 0xffff, 0xffff, 0xffff, 0xffff, 0xffff, 0xffff, 0xffff, 0xffff, 0xffff,
    0xffff, 0xffff, 0xffff, 0xffff, 0xffff, 0xffff, 0xffff, 0xffff, 0xffff, 0xffff, 0xffff, 0xffff, 0xffff, 0xffff, 0xffff, 0xffff,
    0xffff, 0xffff, 0xffff, 0xffff, 0xffff, 0xffff, 0xffff, 0xffff, 0xffff, 0xffff, 0xffff, 0xffff, 0xffff, 0xffff, 0xffff, 0xffff,
    0xffff, 0xffff, 0xffff, 0xffff, 0xffff, 0xffff, 0xffdf, 0xef7e, 0x63d2, 0x2a70, 0xc6de, 0x9dbb, 0x9dbb, 0x5417, 0x1a92, 0x22d4,
    0x3bb6, 0x01ae, 0x00ec, 0x1210, 0x4bb6, 0x014c, 0x00ec, 0x5c37, 0x2271, 0x010c, 0x016e, 0x016e, 0x1294, 0x1292, 0x014c, 0x016e,
    0x016d, 0x014d, 0x018e, 0x014d, 0x014c, 0x2293, 0x4bf8, 0x018e, 0x1a51, 0x018e, 0x09ae, 0x3314, 0x5cba, 0x3355, 0x098e, 0x1a71,
    0x5c99, 0x016e, 0x09f0, 0x4c18, 0x09af, 0x012c, 0x22b3, 0x1a51, 0x016e, 0x1210, 0x1a92, 0x1a72, 0x014d, 0x018e, 0x018e, 0x018e,
    0x016d, 0x018e, 0x018e, 0x01ae, 0x01f0, 0x01f1, 0x0a52, 0x33b7, 0x751a, 0x22d3, 0x5438, 0x1a10, 0x9d78, 0xef9e, 0xf7bf, 0xffff,
    0xffff, 0xffff, 0xffff, 0xffff, 0xffff, 0xffff, 0xffff, 0xffff, 0xffff, 0xffff, 0xffff, 0xffff, 0xffff, 0xffff, 0xffff, 0xffff,
    0xffff, 0xffff, 0xffff, 0xffff, 0xffff, 0xffff, 0xffff, 0xffff, 0xffff, 0xffff, 0xffff, 0xffff, 0xffff, 0xffff, 0xffff, 0xffff,
    0xffff, 0xffff, 0xffff, 0xffff, 0xffff, 0xffff, 0xffff, 0xffff, 0xffff, 0xffff, 0xffff, 0xffff, 0xffff, 0xffff, 0xffff, 0xffff,
    0xffff, 0xffff, 0xffff, 0xffff, 0xffff, 0xffff, 0xffff, 0xffff, 0xffff, 0xffff, 0xffff, 0xffff, 0xffff, 0xffff, 0xffff, 0xffff,
    0xffff, 0xffff, 0xffff, 0xffff, 0xffff, 0xffff, 0xffff, 0xffff, 0xffff, 0xffff, 0xffff, 0xffff, 0xffff, 0xffff, 0xffff, 0xffff,
    0xffff, 0xffff, 0xffff, 0xffff, 0xffff, 0xffff, 0xffff, 0xffff, 0xffff, 0xffff, 0xffff, 0xffff, 0xffff, 0xffff, 0xffff, 0xffff,
    0xffff, 0xffff, 0xffff, 0xffff, 0xffff, 0xffff, 0xffff, 0xffff, 0xffff, 0xffff, 0xffff, 0xffff, 0xffff, 0xffff, 0xffff, 0xffff,
    0xffff, 0xffff, 0xffff, 0xffff, 0xffff, 0xffff, 0xffff, 0xffff, 0xffff, 0xffff, 0xffff, 0xffff, 0xffff, 0xffff, 0xffff, 0xffff,
    0xffff, 0xffff, 0xffff, 0xffff, 0xffff, 0xffff, 0xffff, 0xffff, 0xffff, 0xffff, 0xffff, 0xffff, 0xffff, 0xffff, 0xffff, 0xffff,
    0xffff, 0xffff, 0xffff, 0xffff, 0xffff, 0xffff, 0xffff, 0xffff, 0xffff, 0xffff, 0xffff, 0xffff, 0xffff, 0xffff, 0xffff, 0xffff,
    0xffff, 0xffff, 0xffff, 0xffff, 0xffff, 0xffff, 0xffff, 0xffff, 0xffff, 0xffff, 0xffff, 0xffff, 0xffff, 0xffff, 0xffff, 0xffff,
    0xffff, 0xffff, 0xffff, 0xffff, 0xffff, 0xffff, 0xffff, 0xffff, 0xffff, 0xffff, 0xffff, 0xffff, 0xffff, 0xffff, 0xffff, 0xffff,
    0xffff, 0xffff, 0xffff, 0xffff, 0xffff, 0xffff, 0xffff, 0xffff, 0xffff, 0xffff, 0xffff, 0xffff, 0xffff, 0xffff, 0xffff, 0xffff,
    0xffff, 0xffff, 0xffff, 0xffff, 0xffff, 0xffff, 0xffff, 0xffff, 0xffff, 0xffff, 0xffff, 0xffff, 0xffff, 0xffff, 0xffff, 0xffff,
    0xffff, 0xffff, 0xffff, 0xffff, 0xffff, 0xffff, 0xffff, 0xffff, 0xffff, 0xffff, 0xffff, 0xffff, 0xffff, 0xffff, 0xffff, 0xffff,
    0xffff, 0xffff, 0xffff, 0xffff, 0xffff, 0xffff, 0xffff, 0x3a6f, 0x220f, 0xa5db, 0xae1c, 0xb65d, 0x6478, 0x33f8, 0x0a11, 0x012d,
    0x018f, 0x01af, 0x43b5, 0x11ef, 0x010c, 0x09ae, 0x6c77, 0x2a91, 0x016e, 0x016e, 0x016e, 0x016d, 0x01f1, 0x01d0, 0x2292, 0x2af4,
    0x11f0, 0x22b3, 0x012c, 0x3314, 0x09cf, 0x1a51, 0x3355, 0x016e, 0x5c59, 0x1231, 0x012e, 0x1273, 0x54ba, 0x5c79, 0x3334, 0x22b2,
    0x5c9a, 0x016d, 0x1a72, 0x4419, 0x018e, 0x09f0, 0x016e, 0x018e, 0x01cf, 0x1231, 0x1a71, 0x2af4, 0x014d, 0x018e, 0x010c, 0x5393,
    0x9d58, 0x010c, 0x018e, 0x016e, 0x0a10, 0x22b3, 0x012d, 0x12b4, 0x0ab4, 0x2b76, 0x8d9c, 0x95bc, 0x4313, 0x114c, 0xce9c, 0xffff,
    0xffdf, 0xffff, 0xffff, 0xffff, 0xffff, 0xffff, 0xffff, 0xffff, 0xffff, 0xffff, 0xffff, 0xffff, 0xffff, 0xffff, 0xffff, 0xffff,
    0xffff, 0xffff, 0xffff, 0xffff, 0xffff, 0xffff, 0xffff, 0xffff, 0xffff, 0xffff, 0xffff, 0xffff, 0xffff, 0xffff, 0xffff, 0xffff,
    0xffff, 0xffff, 0xffff, 0xffff, 0xffff, 0xffff, 0xffff, 0xffff, 0xffff, 0xffff, 0xffff, 0xffff, 0xffff, 0xffff, 0xffff, 0xffff,
    0xffff, 0xffff, 0xffff, 0xffff, 0xffff, 0xffff, 0xffff, 0xffff, 0xffff, 0xffff, 0xffff, 0xffff, 0xffff, 0xffff, 0xffff, 0xffff,
    0xffff, 0xffff, 0xffff, 0xffff, 0xffff, 0xffff, 0xffff, 0xffff, 0xffff, 0xffff, 0xffff, 0xffff, 0xffff, 0xffff, 0xffff, 0xffff,
    0xffff, 0xffff, 0xffff, 0xffff, 0xffff, 0xffff, 0xffff, 0xffff, 0xffff, 0xffff, 0xffff, 0xffff, 0xffff, 0xffff, 0xffff, 0xffff,
    0xffff, 0xffff, 0xffff, 0xffff, 0xffff, 0xffff, 0xffff, 0xffff, 0xffff, 0xffff, 0xffff, 0xffff, 0xffff, 0xffff, 0xffff, 0xffff,
    0xffff, 0xffff, 0xffff, 0xffff, 0xffff, 0xffff, 0xffff, 0xffff, 0xffff, 0xffff, 0xffff, 0xffff, 0xffff, 0xffff, 0xffff, 0xffff,
    0xffff, 0xffff, 0xffff, 0xffff, 0xffff, 0xffff, 0xffff, 0xffff, 0xffff, 0xffff, 0xffff, 0xffff, 0xffff, 0xffff, 0xffff, 0xffff,
    0xffff, 0xffff, 0xffff, 0xffff, 0xffff, 0xffff, 0xffff, 0xffff, 0xffff, 0xffff, 0xffff, 0xffff, 0xffff, 0xffff, 0xffff, 0xffff,
    0xffff, 0xffff, 0xffff, 0xffff, 0xffff, 0xffff, 0xffff, 0xffff, 0xffff, 0xffff, 0xffff, 0xffff, 0xffff, 0xffff, 0xffff, 0xffff,
    0xffff, 0xffff, 0xffff, 0xffff, 0xffff, 0xffff, 0xffff, 0xffff, 0xffff, 0xffff, 0xffff, 0xffff, 0xffff, 0xffff, 0xffff, 0xffff,
    0xffff, 0xffff, 0xffff, 0xffff, 0xffff, 0xffff, 0xffff, 0xffff, 0xffff, 0xffff, 0xffff, 0xffff, 0xffff, 0xffff, 0xffff, 0xffff,
    0xffff, 0xffff, 0xffff, 0xffff, 0xffff, 0xffff, 0xffff, 0xffff, 0xffff, 0xffff, 0xffff, 0xffff, 0xffff, 0xffff, 0xffff, 0xffff,
    0xffff, 0xffff, 0xffff, 0xffff, 0xffff, 0xffff, 0xffff, 0xffff, 0xffff, 0xffff, 0xffff, 0xffff, 0xffff, 0xffff, 0xffff, 0xffff,
    0xffff, 0xffff, 0xffff, 0xffff, 0xffff, 0xffff, 0x9d57, 0x4311, 0x6c56, 0xbebf, 0x6478, 0x3b53, 0x5479, 0x2314, 0x1a51, 0x11cf,
    0x012d, 0x1a71, 0x5c57, 0x09af, 0x016e, 0x5bf6, 0x53f5, 0x09f0, 0x018e, 0x016e, 0x012d, 0x1210, 0x01d0, 0x1a72, 0x1231, 0x09af,
    0x4375, 0x5c58, 0x014d, 0x5459, 0x2ab3, 0x2ab3, 0x43f8, 0x1253, 0x547a, 0x1232, 0x016f, 0x1af5, 0x5cda, 0x64da, 0x2b56, 0x6cb9,
    0x5417, 0x014d, 0x1231, 0x33b8, 0x01f0, 0x3b76, 0x1a72, 0x014e, 0x09cf, 0x3b76, 0x22d3, 0x1a52, 0x11ef, 0x1a31, 0x012d, 0x4b53,
    0x4b52, 0x012d, 0x018e, 0x01ae, 0x0a10, 0x22b3, 0x2ad3, 0x1273, 0x0212, 0x3bd7, 0x43f7, 0x7d5a, 0x6cf9, 0x3b76, 0x19cf, 0xa598,
    0xffff, 0xffdf, 0xffff, 0xffff, 0xffff, 0xffff, 0xffff, 0xffff, 0xffff, 0xffff, 0xffff, 0xffff, 0xffff, 0xffff, 0xffff, 0xffff,
    0xffff, 0xffff, 0xffff, 0xffff, 0xffff, 0xffff, 0xffff, 0xffff, 0xffff, 0xffff, 0xffff, 0xffff, 0xffff, 0xffff, 0xffff, 0xffff,
    0xffff, 0xffff, 0xffff, 0xffff, 0xffff, 0xffff, 0xffff, 0xffff, 0xffff, 0xffff, 0xffff, 0xffff, 0xffff, 0xffff, 0xffff, 0xffff,
    0xffff, 0xffff, 0xffff, 0xffff, 0xffff, 0xffff, 0xffff, 0xffff, 0xffff, 0xffff, 0xffff, 0xffff, 0xffff, 0xffff, 0xffff, 0xffff,
    0xffff, 0xffff, 0xffff, 0xffff, 0xffff, 0xffff, 0xffff, 0xffff, 0xffff, 0xffff, 0xffff, 0xffff, 0xffff, 0xffff, 0xffff, 0xffff,
    0xffff, 0xffff, 0xffff, 0xffff, 0xffff, 0xffff, 0xffff, 0xffff, 0xffff, 0xffff, 0xffff, 0xffff, 0xffff, 0xffff, 0xffff, 0xffff,
    0xffff, 0xffff, 0xffff, 0xffff, 0xffff, 0xffff, 0xffff, 0xffff, 0xffff, 0xffff, 0xffff, 0xffff, 0xffff, 0xffff, 0xffff, 0xffff,
    0xffff, 0xffff, 0xffff, 0xffff, 0xffff, 0xffff, 0xffff, 0xffff, 0xffff, 0xffff, 0xffff, 0xffff, 0xffff, 0xffff, 0xffff, 0xffff,
    0xffff, 0xffff, 0xffff, 0xffff, 0xffff, 0xffff, 0xffff, 0xffff, 0xffff, 0xffff, 0xffff, 0xffff, 0xffff, 0xffff, 0xffff, 0xffff,
    0xffff, 0xffff, 0xffff, 0xffff, 0xffff, 0xffff, 0xffff, 0xffff, 0xffff, 0xffff, 0xffff, 0xffff, 0xffff, 0xffff, 0xffff, 0xffff,
    0xffff, 0xffff, 0xffff, 0xffff, 0xffff, 0xffff, 0xffff, 0xffff, 0xffff, 0xffff, 0xffff, 0xffff, 0xffff, 0xffff, 0xffff, 0xffff,
    0xffff, 0xffff, 0xffff, 0xffff, 0xffff, 0xffff, 0xffff, 0xffff, 0xffff, 0xffff, 0xffff, 0xffff, 0xffff, 0xffff, 0xffff, 0xffff,
    0xffff, 0xffff, 0xffff, 0xffff, 0xffff, 0xffff, 0xffff, 0xffff, 0xffff, 0xffff, 0xffff, 0xffff, 0xffff, 0xffff, 0xffff, 0xffff,
    0xffff, 0xffff, 0xffff, 0xffff, 0xffff, 0xffff, 0xffff, 0xffff, 0xffff, 0xffff, 0xffff, 0xffff, 0xffff, 0xffff, 0xffff, 0xffff,
    0xffff, 0xffff, 0xffff, 0xffff, 0xffff, 0xffff, 0xffff, 0xffff, 0xffff, 0xffff, 0xffff, 0xffff, 0xffff, 0xffff, 0xffff, 0xffff,
    0xffff, 0xffff, 0xffdf, 0xffff, 0xb61a, 0x320e, 0x00ea, 0x74d8, 0xb67d, 0x5c36, 0x01af, 0x01af, 0x4c17, 0x018e, 0x4b74, 0x7cf8,
    0x012c, 0x1210, 0x09cf, 0x012d, 0x01cf, 0x53d5, 0x1a30, 0x22b2, 0x1210, 0x09cf, 0x1a71, 0x1a92, 0x2315, 0x2314, 0x01af, 0x010d,
    0x3b13, 0x7d5a, 0x22f5, 0x4bf9, 0x5459, 0x64da, 0x4c39, 0x43d8, 0x649a, 0x1272, 0x01b0, 0x2336, 0x95bb, 0x6cb9, 0x5c57, 0x9d9a,
    0x4395, 0x1a93, 0x22f5, 0x64da, 0x3313, 0x2292, 0x43f7, 0x01af, 0x09d0, 0x012d, 0x3376, 0x1ad4, 0x3b54, 0x4bd6, 0x012e, 0x3334,
    0x5bd4, 0x016d, 0x1a71, 0x3b34, 0x016e, 0x09af, 0x6498, 0x1a93, 0x0190, 0x64b9, 0x6cda, 0x5c78, 0x751a, 0x7d19, 0x2a70, 0x3ab0,
    0xad98, 0xffff, 0xffff, 0xffff, 0xffff, 0xffff, 0xffff, 0xffff, 0xffff, 0xffff, 0xffff, 0xffff, 0xffff, 0xffff, 0xffff, 0xffff,
    0xffff, 0xffff, 0xffff, 0xffff, 0xffff, 0xffff, 0xffff, 0xffff, 0xffff, 0xffff, 0xffff, 0xffff, 0xffff, 0xffff, 0xffff, 0xffff,
    0xffff, 0xffff, 0xffff, 0xffff, 0xffff, 0xffff, 0xffff, 0xffff, 0xffff, 0xffff, 0xffff, 0xffff, 0xffff, 0xffff, 0xffff, 0xffff,
    0xffff, 0xffff, 0xffff, 0xffff, 0xffff, 0xffff, 0xffff, 0xffff, 0xffff, 0xffff, 0xffff, 0xffff, 0xffff, 0xffff, 0xffff, 0xffff,
    0xffff, 0xffff, 0xffff, 0xffff, 0xffff, 0xffff, 0xffff, 0xffff, 0xffff, 0xffff, 0xffff, 0xffff, 0xffff, 0xffff, 0xffff, 0xffff,
    0xffff, 0xffff, 0xffff, 0xffff, 0xffff, 0xffff, 0xffff, 0xffff, 0xffff, 0xffff, 0xffff, 0xffff, 0xffff, 0xffff, 0xffff, 0xffff,
    0xffff, 0xffff, 0xffff, 0xffff, 0xffff, 0xffff, 0xffff, 0xffff, 0xffff, 0xffff, 0xffff, 0xffff, 0xffff, 0xffff, 0xffff, 0xffff,
    0xffff, 0xffff, 0xffff, 0xffff, 0xffff, 0xffff, 0xffff, 0xffff, 0xffff, 0xffff, 0xffff, 0xffff, 0xffff, 0xffff, 0xffff, 0xffff,
    0xffff, 0xffff, 0xffff, 0xffff, 0xffff, 0xffff, 0xffff, 0xffff, 0xffff, 0xffff, 0xffff, 0xffff, 0xffff, 0xffff, 0xffff, 0xffff,
    0xffff, 0xffff, 0xffff, 0xffff, 0xffff, 0xffff, 0xffff, 0xffff, 0xffff, 0xffff, 0xffff, 0xffff, 0xffff, 0xffff, 0xffff, 0xffff,
    0xffff, 0xffff, 0xffff, 0xffff, 0xffff, 0xffff, 0xffff, 0xffff, 0xffff, 0xffff, 0xffff, 0xffff, 0xffff, 0xffff, 0xffff, 0xffff,
    0xffff, 0xffff, 0xffff, 0xffff, 0xffff, 0xffff, 0xffff, 0xffff, 0xffff, 0xffff, 0xffff, 0xffff, 0xffff, 0xffff, 0xffff, 0xffff,
    0xffff, 0xffff, 0xffff, 0xffff, 0xffff, 0xffff, 0xffff, 0xffff, 0xffff, 0xffff, 0xffff, 0xffff, 0xffff, 0xffff, 0xffff, 0xffff,
    0xffff, 0xffff, 0xffff, 0xffff, 0xffff, 0xffff, 0xffff, 0xffff, 0xffff, 0xffff, 0xffff, 0xffff, 0xffff, 0xffff, 0xffff, 0xffff,
    0xffff, 0xffff, 0xffff, 0xffff, 0xffff, 0xffff, 0xffff, 0xffff, 0xffff, 0xffff, 0xffff, 0xffff, 0xffff, 0xffff, 0xffff, 0xffff,
    0xffff, 0xffdf, 0xffff, 0xbe3a, 0x118d, 0x7414, 0x9dba, 0x5478, 0x3bb6, 0x3b74, 0x5352, 0x012c, 0x01cf, 0x09d0, 0x2230, 0x6415,
    0x09ae, 0x010c, 0x3b74, 0x2292, 0x01af, 0x014d, 0x43b6, 0x2af3, 0x010d, 0x22b3, 0x5c9a, 0x016f, 0x2b35, 0x4458, 0x09b0, 0x018f,
    0x014e, 0x7497, 0x7d1a, 0x5439, 0x7cf9, 0x7cfa, 0x3bb7, 0x74d8, 0xbe5b, 0x2b76, 0x43d6, 0x5416, 0x4375, 0x5c98, 0x8d39, 0x7cd9,
    0x3bd8, 0x547a, 0x3376, 0x95ba, 0x63d4, 0x1a52, 0x43d7, 0x22b3, 0x3b56, 0x012d, 0x1a93, 0x443a, 0x4419, 0x6457, 0x018f, 0x3b33,
    0xef3c, 0x19cd, 0x4395, 0x32f2, 0x012d, 0x7d19, 0x1a51, 0x01d0, 0x3bd7, 0x3376, 0x43f7, 0x74f8, 0xe75e, 0xf7be, 0xffff, 0x42d1,
    0x326f, 0xd6dc, 0xffff, 0xffff, 0xffff, 0xffff, 0xffff, 0xffff, 0xffff, 0xffff, 0xffff, 0xffff, 0xffff, 0xffff, 0xffff, 0xffff,
    0xffff, 0xffff, 0xffff, 0xffff, 0xffff, 0xffff, 0xffff, 0xffff, 0xffff, 0xffff, 0xffff, 0xffff, 0xffff, 0xffff, 0xffff, 0xffff,
    0xffff, 0xffff, 0xffff, 0xffff, 0xffff, 0xffff, 0xffff, 0xffff, 0xffff, 0xffff, 0xffff, 0xffff, 0xffff, 0xffff, 0xffff, 0xffff,
    0xffff, 0xffff, 0xffff, 0xffff, 0xffff, 0xffff, 0xffff, 0xffff, 0xffff, 0xffff, 0xffff, 0xffff, 0xffff, 0xffff, 0xffff, 0xffff,
    0xffff, 0xffff, 0xffff, 0xffff, 0xffff, 0xffff, 0xffff, 0xffff, 0xffff, 0xffff, 0xffff, 0xffff, 0xffff, 0xffff, 0xffff, 0xffff,
    0xffff, 0xffff, 0xffff, 0xffff, 0xffff, 0xffff, 0xffff, 0xffff, 0xffff, 0xffff, 0xffff, 0xffff, 0xffff, 0xffff, 0xffff, 0xffff,
    0xffff, 0xffff, 0xffff, 0xffff, 0xffff, 0xffff, 0xffff, 0xffff, 0xffff, 0xffff, 0xffff, 0xffff, 0xffff, 0xffff, 0xffff, 0xffff,
    0xffff, 0xffff, 0xffff, 0xffff, 0xffff, 0xffff, 0xffff, 0xffff, 0xffff, 0xffff, 0xffff, 0xffff, 0xffff, 0xffff, 0xffff, 0xffff,
    0xffff, 0xffff, 0xffff, 0xffff, 0xffff, 0xffff, 0xffff, 0xffff, 0xffff, 0xffff, 0xffff, 0xffff, 0xffff, 0xffff, 0xffff, 0xffff,
    0xffff, 0xffff, 0xffff, 0xffff, 0xffff, 0xffff, 0xffff, 0xffff, 0xffff, 0xffff, 0xffff, 0xffff, 0xffff, 0xffff, 0xffff, 0xffff,
    0xffff, 0xffff, 0xffff, 0xffff, 0xffff, 0xffff, 0xffff, 0xffff, 0xffff, 0xffff, 0xffff, 0xffff, 0xffff, 0xffff, 0xffff, 0xffff,
    0xffff, 0xffff, 0xffff, 0xffff, 0xffff, 0xffff, 0xffff, 0xffff, 0xffff, 0xffff, 0xffff, 0xffff, 0xffff, 0xffff, 0xffff, 0xffff,
    0xffff, 0xffff, 0xffff, 0xffff, 0xffff, 0xffff, 0xffff, 0xffff, 0xffff, 0xffff, 0xffff, 0xffff, 0xffff, 0xffff, 0xffff, 0xffff,
    0xffff, 0xffff, 0xffff, 0xffff, 0xffff, 0xffff, 0xffff, 0xffff, 0xffff, 0xffff, 0xffff, 0xffff, 0xffff, 0xffff, 0xffff, 0xffff,
    0xffff, 0xffff, 0xffff, 0xffff, 0xffff, 0xffff, 0xffff, 0xffff, 0xffff, 0xffff, 0xffff, 0xffff, 0xffff, 0xffff, 0xffff, 0xffff,
    0xffff, 0xffff, 0x9d77, 0x118c, 0x4b12, 0xc6bd, 0x7cd8, 0x2af3, 0x09cf, 0x8d39, 0x9d78, 0x00eb, 0x09af, 0x43f7, 0x1230, 0x00ec,
    0x014e, 0x2ad2, 0x5c17, 0x1a31, 0x1231, 0x018f, 0x1ab3, 0x3bb7, 0x3396, 0x2b56, 0x33d7, 0x3356, 0x016e, 0x43f7, 0x43f7, 0x4c37,
    0x2292, 0x32b1, 0x9dbb, 0x4c39, 0x8d39, 0xbe3a, 0x4c18, 0x4bf7, 0xa5da, 0x5458, 0x9d78, 0x4bb5, 0x1af5, 0xa5ba, 0x9559, 0x2356,
    0x74b8, 0x5c37, 0x4bb6, 0xae1c, 0x4333, 0x1272, 0x4c59, 0x01d0, 0x1a71, 0x2b56, 0x01af, 0x33b8, 0x5479, 0x8539, 0x01d0, 0x5c57,
    0xef1a, 0x326f, 0x43f7, 0x1a30, 0x3b54, 0x3313, 0x09f0, 0x2b15, 0x2315, 0x53d5, 0xcebc, 0xbe7b, 0x6c56, 0x5c15, 0x6c76, 0xbe5b,
    0x4311, 0x19ac, 0xdf1d, 0xf7bf, 0xffff, 0xffff, 0xffff, 0xffff, 0xffff, 0xffff, 0xffff, 0xffff, 0xffff, 0xffff, 0xffff, 0xffff,
    0xffff, 0xffff, 0xffff, 0xffff, 0xffff, 0xffff, 0xffff, 0xffff, 0xffff, 0xffff, 0xffff, 0xffff, 0xffff, 0xffff, 0xffff, 0xffff,
    0xffff, 0xffff, 0xffff, 0xffff, 0xffff, 0xffff, 0xffff, 0xffff, 0xffff, 0xffff, 0xffff, 0xffff, 0xffff, 0xffff, 0xffff, 0xffff,
    0xffff, 0xffff, 0xffff, 0xffff, 0xffff, 0xffff, 0xffff, 0xffff, 0xffff, 0xffff, 0xffff, 0xffff, 0xffff, 0xffff, 0xffff, 0xffff,
    0xffff, 0xffff, 0xffff, 0xffff, 0xffff, 0xffff, 0xffff, 0xffff, 0xffff, 0xffff, 0xffff, 0xffff, 0xffff, 0xffff, 0xffff, 0xffff,
    0xffff, 0xffff, 0xffff, 0xffff, 0xffff, 0xffff, 0xffff, 0xffff, 0xffff, 0xffff, 0xffff, 0xffff, 0xffff, 0xffff, 0xffff, 0xffff,
    0xffff, 0xffff, 0xffff, 0xffff, 0xffff, 0xffff, 0xffff, 0xffff, 0xffff, 0xffff, 0xffff, 0xffff, 0xffff, 0xffff, 0xffff, 0xffff,
    0xffff, 0xffff, 0xffff, 0xffff, 0xffff, 0xffff, 0xffff, 0xffff, 0xffff, 0xffff, 0xffff, 0xffff, 0xffff, 0xffff, 0xffff, 0xffff,
    0xffff, 0xffff, 0xffff, 0xffff, 0xffff, 0xffff, 0xffff, 0xffff, 0xffff, 0xffff, 0xffff, 0xffff, 0xffff, 0xffff, 0xffff, 0xffff,
    0xffff, 0xffff, 0xffff, 0xffff, 0xffff, 0xffff, 0xffff, 0xffff, 0xffff, 0xffff, 0xffff, 0xffff, 0xffff, 0xffff, 0xffff, 0xffff,
    0xffff, 0xffff, 0xffff, 0xffff, 0xffff, 0xffff, 0xffff, 0xffff, 0xffff, 0xffff, 0xffff, 0xffff, 0xffff, 0xffff, 0xffff, 0xffff,
    0xffff, 0xffff, 0xffff, 0xffff, 0xffff, 0xffff, 0xffff, 0xffff, 0xffff, 0xffff, 0xffff, 0xffff, 0xffff, 0xffff, 0xffff, 0xffff,
    0xffff, 0xffff, 0xffff, 0xffff, 0xffff, 0xffff, 0xffff, 0xffff, 0xffff, 0xffff, 0xffff, 0xffff, 0xffff, 0xffff, 0xffff, 0xffff,
    0xffff, 0xffff, 0xffff, 0xffff, 0xffff, 0xffff, 0xffff, 0xffff, 0xffff, 0xffff, 0xffff, 0xffff, 0xffff, 0xffff, 0xffff, 0xffff,
    0xffff, 0xffff, 0xffff, 0xffff, 0xffff, 0xffff, 0xffff, 0xffff, 0xffff, 0xffff, 0xffff, 0xffff, 0xffff, 0xffff, 0xffff, 0xffff,
    0xef7d, 0x9d58, 0x00eb, 0x7c55, 0xdf5f, 0x6c98, 0x09f0, 0x014d, 0x014d, 0x1a0f, 0x120f, 0x014d, 0x018e, 0x1ab3, 0x2af3, 0x09cf,
    0x010c, 0x3b13, 0x2b15, 0x09f1, 0x22d4, 0x5cb9, 0x3bd8, 0x4c39, 0x64fa, 0x1af5, 0x5459, 0x5458, 0x0a32, 0x2b35, 0xa5da, 0x5458,
    0x3bd7, 0x2b15, 0x4bb6, 0x549a, 0x64b9, 0xa5b9, 0x8519, 0x2b77, 0x74f9, 0x4c37, 0xe6fb, 0x5bf5, 0x6cb8, 0x9579, 0x7cf9, 0x5c99,
    0x851a, 0x43d7, 0x3335, 0x3b13, 0x01d0, 0x12b3, 0x859b, 0x2ad3, 0x09d0, 0x1293, 0x19ee, 0x7d1a, 0x3bd7, 0x2ab2, 0x2356, 0x6cb8,
    0xf719, 0x3b13, 0x3bf8, 0x1210, 0x3355, 0x09af, 0x0a32, 0x1b14, 0x6456, 0xdf3d, 0x7c55, 0x2250, 0x012e, 0x2af3, 0x74d8, 0xb63b,
    0xd6dc, 0x63d4, 0x00eb, 0xe75e, 0xffff, 0xffff, 0xffff, 0xffff, 0xffff, 0xffff, 0xffff, 0xffff, 0xffff, 0xffff, 0xffff, 0xffff,
    0xffff, 0xffff, 0xffff, 0xffff, 0xffff, 0xffff, 0xffff, 0xffff, 0xffff, 0xffff, 0xffff, 0xffff, 0xffff, 0xffff, 0xffff, 0xffff,
    0xffff, 0xffff, 0xffff, 0xffff, 0xffff, 0xffff, 0xffff, 0xffff, 0xffff, 0xffff, 0xffff, 0xffff, 0xffff, 0xffff, 0xffff, 0xffff,
    0xffff, 0xffff, 0xffff, 0xffff, 0xffff, 0xffff, 0xffff, 0xffff, 0xffff, 0xffff, 0xffff, 0xffff, 0xffff, 0xffff, 0xffff, 0xffff,
    0xffff, 0xffff, 0xffff, 0xffff, 0xffff, 0xffff, 0xffff, 0xffff, 0xffff, 0xffff, 0xffff, 0xffff, 0xffff, 0xffff, 0xffff, 0xffff,
    0xffff, 0xffff, 0xffff, 0xffff, 0xffff, 0xffff, 0xffff, 0xffff, 0xffff, 0xffff, 0xffff, 0xffff, 0xffff, 0xffff, 0xffff, 0xffff,
    0xffff, 0xffff, 0xffff, 0xffff, 0xffff, 0xffff, 0xffff, 0xffff, 0xffff, 0xffff, 0xffff, 0xffff, 0xffff, 0xffff, 0xffff, 0xffff,
    0xffff, 0xffff, 0xffff, 0xffff, 0xffff, 0xffff, 0xffff, 0xffff, 0xffff, 0xffff, 0xffff, 0xffff, 0xffff, 0xffff, 0xffff, 0xffff,
    0xffff, 0xffff, 0xffff, 0xffff, 0xffff, 0xffff, 0xffff, 0xffff, 0xffff, 0xffff, 0xffff, 0xffff, 0xffff, 0xffff, 0xffff, 0xffff,
    0xffff, 0xffff, 0xffff, 0xffff, 0xffff, 0xffff, 0xffff, 0xffff, 0xffff, 0xffff, 0xffff, 0xffff, 0xffff, 0xffff, 0xffff, 0xffff,
    0xffff, 0xffff, 0xffff, 0xffff, 0xffff, 0xffff, 0xffff, 0xffff, 0xffff, 0xffff, 0xffff, 0xffff, 0xffff, 0xffff, 0xffff, 0xffff,
    0xffff, 0xffff, 0xffff, 0xffff, 0xffff, 0xffff, 0xffff, 0xffff, 0xffff, 0xffff, 0xffff, 0xffff, 0xffff, 0xffff, 0xffff, 0xffff,
    0xffff, 0xffff, 0xffff, 0xffff, 0xffff, 0xffff, 0xffff, 0xffff, 0xffff, 0xffff, 0xffff, 0xffff, 0xffff, 0xffff, 0xffff, 0xffff,
    0xffff, 0xffff, 0xffff, 0xffff, 0xffff, 0xffff, 0xffff, 0xffff, 0xffff, 0xffff, 0xffff, 0xffff, 0xffff, 0xffff, 0xffff, 0xffff,
    0xffff, 0xffff, 0xffff, 0xffff, 0xffff, 0xffff, 0xffff, 0xffff, 0xffff, 0xffff, 0xffff, 0xffff, 0xffff, 0xffff, 0xffdf, 0xffff,
    0x63d3, 0x11ad, 0x9d58, 0xb63c, 0x5bd5, 0x09f0, 0x018e, 0x01af, 0x1a0f, 0x2250, 0x012d, 0x1250, 0x22d2, 0x014f, 0x3334, 0x3b74,
    0x1a92, 0x01af, 0x2315, 0x43d7, 0x32f4, 0x3bf9, 0x4418, 0x4418, 0x6cfa, 0x2b36, 0x4bf8, 0x9dfc, 0x1af5, 0x2315, 0x9d79, 0x7d19,
    0x5c99, 0x2b76, 0x22b4, 0x74fa, 0x6cb9, 0x8d59, 0x6499, 0x3397, 0x8d5a, 0x5c77, 0xce59, 0x2292, 0xb5f9, 0x9dba, 0x4418, 0x5c78,
    0x2af4, 0x43d6, 0x2b14, 0x014f, 0x01b0, 0x0253, 0x6c78, 0x22d3, 0x0190, 0x016f, 0x2a4f, 0xc69d, 0x43d8, 0x018f, 0x33f9, 0x6cb8,
    0xf718, 0x53f5, 0x3c18, 0x2af4, 0x3bb6, 0x09f1, 0x22d4, 0x9dba, 0xce9b, 0x5372, 0x016f, 0x11ef, 0x9537, 0xe73d, 0xc69c, 0x8539,
    0xae3b, 0x9dba, 0x2a71, 0x63f4, 0xd6dc, 0xffff, 0xffff, 0xffff, 0xffff, 0xffff, 0xffff, 0xffff, 0xffff, 0xffff, 0xffff, 0xffff,
    0xffff, 0xffff, 0xffff, 0xffff, 0xffff, 0xffff, 0xffff, 0xffff, 0xffff, 0xffff, 0xffff, 0xffff, 0xffff, 0xffff, 0xffff, 0xffff,
    0xffff, 0xffff, 0xffff, 0xffff, 0xffff, 0xffff, 0xffff, 0xffff, 0xffff, 0xffff, 0xffff, 0xffff, 0xffff, 0xffff, 0xffff, 0xffff,
    0xffff, 0xffff, 0xffff, 0xffff, 0xffff, 0xffff, 0xffff, 0xffff, 0xffff, 0xffff, 0xffff, 0xffff, 0xffff, 0xffff, 0xffff, 0xffff,
    0xffff, 0xffff, 0xffff, 0xffff, 0xffff, 0xffff, 0xffff, 0xffff, 0xffff, 0xffff, 0xffff, 0xffff, 0xffff, 0xffff, 0xffff, 0xffff,
    0xffff, 0xffff, 0xffff, 0xffff, 0xffff, 0xffff, 0xffff, 0xffff, 0xffff, 0xffff, 0xffff, 0xffff, 0xffff, 0xffff, 0xffff, 0xffff,
    0xffff, 0xffff, 0xffff, 0xffff, 0xffff, 0xffff, 0xffff, 0xffff, 0xffff, 0xffff, 0xffff, 0xffff, 0xffff, 0xffff, 0xffff, 0xffff,
    0xffff, 0xffff, 0xffff, 0xffff, 0xffff, 0xffff, 0xffff, 0xffff, 0xffff, 0xffff, 0xffff, 0xffff, 0xffff, 0xffff, 0xffff, 0xffff,
    0xffff, 0xffff, 0xffff, 0xffff, 0xffff, 0xffff, 0xffff, 0xffff, 0xffff, 0xffff, 0xffff, 0xffff, 0xffff, 0xffff, 0xffff, 0xffff,
    0xffff, 0xffff, 0xffff, 0xffff, 0xffff, 0xffff, 0xffff, 0xffff, 0xffff, 0xffff, 0xffff, 0xffff, 0xffff, 0xffff, 0xffff, 0xffff,
    0xffff, 0xffff, 0xffff, 0xffff, 0xffff, 0xffff, 0xffff, 0xffff, 0xffff, 0xffff, 0xffff, 0xffff, 0xffff, 0xffff, 0xffff, 0xffff,
    0xffff, 0xffff, 0xffff, 0xffff, 0xffff, 0xffff, 0xffff, 0xffff, 0xffff, 0xffff, 0xffff, 0xffff, 0xffff, 0xffff, 0xffff, 0xffff,
    0xffff, 0xffff, 0xffff, 0xffff, 0xffff, 0xffff, 0xffff, 0xffff, 0xffff, 0xffff, 0xffff, 0xffff, 0xffff, 0xffff, 0xffff, 0xffff,
    0xffff, 0xffff, 0xffff, 0xffff, 0xffff, 0xffff, 0xffff, 0xffff, 0xffff, 0xffff, 0xffff, 0xffff, 0xffff, 0xffff, 0xffff, 0xffff,
    0xffff, 0xffff, 0xffff, 0xffff, 0xffff, 0xffff, 0xffff, 0xffff, 0xffff, 0xffff, 0xffff, 0xffff, 0xffff, 0xffff, 0xffff, 0xef5d,
    0x2a4f, 0x5bd4, 0xf7df, 0x6436, 0x014e, 0x0a10, 0x01ae, 0x00ec, 0x5c57, 0x6c77, 0x016d, 0x3b53, 0x22d3, 0x014f, 0x5416, 0x959a,
    0x7d39, 0x3b75, 0x0a94, 0x74b8, 0xa5db, 0x12d6, 0x6cda, 0x5c78, 0x5459, 0x2b77, 0x2b56, 0xa5db, 0x22f4, 0x1af5, 0x43d7, 0xae1b,
    0x855a, 0x2b56, 0x1ab3, 0xadd9, 0x9d78, 0x957a, 0x2b98, 0x43b7, 0xce59, 0x6477, 0x6c36, 0x12b4, 0x74b8, 0x7d19, 0x547a, 0x0a53,
    0x1252, 0x74d8, 0x5c16, 0x018f, 0x2315, 0x3bb6, 0x9d79, 0x74d8, 0x1293, 0x0190, 0x19ef, 0x7cb7, 0x4c18, 0x09cf, 0x33d9, 0x6c98,
    0xeeb8, 0x6499, 0x3c19, 0x4439, 0x3bd8, 0x01d0, 0x4bb5, 0xd6dc, 0x5373, 0x010e, 0x2a70, 0xc65a, 0xffbe, 0x9d57, 0xa5b9, 0xadfb,
    0x6cb9, 0x6cf9, 0x8519, 0x010c, 0x63b3, 0xffff, 0xffdf, 0xffff, 0xffff, 0xffff, 0xffff, 0xffff, 0xffff, 0xffff, 0xffff, 0xffff,
    0xffff, 0xffff, 0xffff, 0xffff, 0xffff, 0xffff, 0xffff, 0xffff, 0xffff, 0xffff, 0xffff, 0xffff, 0xffff, 0xffff, 0xffff, 0xffff,
    0xffff, 0xffff, 0xffff, 0xffff, 0xffff, 0xffff, 0xffff, 0xffff, 0xffff, 0xffff, 0xffff, 0xffff, 0xffff, 0xffff, 0xffff, 0xffff,
    0xffff, 0xffff, 0xffff, 0xffff, 0xffff, 0xffff, 0xffff, 0xffff, 0xffff, 0xffff, 0xffff, 0xffff, 0xffff, 0xffff, 0xffff, 0xffff,
    0xffff, 0xffff, 0xffff, 0xffff, 0xffff, 0xffff, 0xffff, 0xffff, 0xffff, 0xffff, 0xffff, 0xffff, 0xffff, 0xffff, 0xffff, 0xffff,
    0xffff, 0xffff, 0xffff, 0xffff, 0xffff, 0xffff, 0xffff, 0xffff, 0xffff, 0xffff, 0xffff, 0xffff, 0xffff, 0xffff, 0xffff, 0xffff,
    0xffff, 0xffff, 0xffff, 0xffff, 0xffff, 0xffff, 0xffff, 0xffff, 0xffff, 0xffff, 0xffff, 0xffff, 0xffff, 0xffff, 0xffff, 0xffff,
    0xffff, 0xffff, 0xffff, 0xffff, 0xffff, 0xffff, 0xffff, 0xffff, 0xffff, 0xffff, 0xffff, 0xffff, 0xffff, 0xffff, 0xffff, 0xffff,
    0xffff, 0xffff, 0xffff, 0xffff, 0xffff, 0xffff, 0xffff, 0xffff, 0xffff, 0xffff, 0xffff, 0xffff, 0xffff, 0xffff, 0xffff, 0xffff,
    0xffff, 0xffff, 0xffff, 0xffff, 0xffff, 0xffff, 0xffff, 0xffff, 0xffff, 0xffff, 0xffff, 0xffff, 0xffff, 0xffff, 0xffff, 0xffff,
    0xffff, 0xffff, 0xffff, 0xffff, 0xffff, 0xffff, 0xffff, 0xffff, 0xffff, 0xffff, 0xffff, 0xffff, 0xffff, 0xffff, 0xffff, 0xffff,
    0xffff, 0xffff, 0xffff, 0xffff, 0xffff, 0xffff, 0xffff, 0xffff, 0xffff, 0xffff, 0xffff, 0xffff, 0xffff, 0xffff, 0xffff, 0xffff,
    0xffff, 0xffff, 0xffff, 0xffff, 0xffff, 0xffff, 0xffff, 0xffff, 0xffff, 0xffff, 0xffff, 0xffff, 0xffff, 0xffff, 0xffff, 0xffff,
    0xffff, 0xffff, 0xffff, 0xffff, 0xffff, 0xffff, 0xffff, 0xffff, 0xffff, 0xffff, 0xffff, 0xffff, 0xffff, 0xffff, 0xffff, 0xffff,
    0xffff, 0xffff, 0xffff, 0xffff, 0xffff, 0xffff, 0xffff, 0xffff, 0xffff, 0xffff, 0xffff, 0xffff, 0xffff, 0xffff, 0xbe3a, 0x2a4e,
    0x63b3, 0xa5ba, 0x5c16, 0x1272, 0x5459, 0x4396, 0x014d, 0x5394, 0x3334, 0x012d, 0x2a91, 0xbe5b, 0x22d3, 0x01f1, 0x0a12, 0x53d6,
    0xadda, 0x9559, 0x3397, 0x2b55, 0x7cf8, 0x43f8, 0x3bb8, 0x3c18, 0x3bb7, 0x6499, 0x33b8, 0x3b55, 0x6478, 0x2336, 0x3bd8, 0x3396,
    0x9dba, 0x6c77, 0x1a72, 0xc63b, 0x9559, 0x4c38, 0x2336, 0xad77, 0xe6b9, 0x4395, 0x1294, 0x5c58, 0x3397, 0x43b7, 0x4396, 0x09f1,
    0x6478, 0x64b9, 0x3b54, 0x018e, 0x6478, 0x1ab3, 0x7cb7, 0xd67a, 0x6416, 0x0a11, 0x0190, 0x01f1, 0x4418, 0x09af, 0x33b9, 0x8518,
    0xce58, 0x5438, 0x9578, 0x5c79, 0x1af6, 0x1a51, 0xb5d9, 0x5394, 0x014f, 0x2ad1, 0xce9b, 0xd6fc, 0x32f2, 0x0a32, 0x2314, 0x0a52,
    0x6c78, 0xc69b, 0xf77d, 0x63d4, 0x5373, 0xe75e, 0xffff, 0xffff, 0xffff, 0xffff, 0xffff, 0xffff, 0xffff, 0xffff, 0xffff, 0xffff,
    0xffff, 0xffff, 0xffff, 0xffff, 0xffff, 0xffff, 0xffff, 0xffff, 0xffff, 0xffff, 0xffff, 0xffff, 0xffff, 0xffff, 0xffff, 0xffff,
    0xffff, 0xffff, 0xffff, 0xffff, 0xffff, 0xffff, 0xffff, 0xffff, 0xffff, 0xffff, 0xffff, 0xffff, 0xffff, 0xffff, 0xffff, 0xffff,
    0xffff, 0xffff, 0xffff, 0xffff, 0xffff, 0xffff, 0xffff, 0xffff, 0xffff, 0xffff, 0xffff, 0xffff, 0xffff, 0xffff, 0xffff, 0xffff,
    0xffff, 0xffff, 0xffff, 0xffff, 0xffff, 0xffff, 0xffff, 0xffff, 0xffff, 0xffff, 0xffff, 0xffff, 0xffff, 0xffff, 0xffff, 0xffff,
    0xffff, 0xffff, 0xffff, 0xffff, 0xffff, 0xffff, 0xffff, 0xffff, 0xffff, 0xffff, 0xffff, 0xffff, 0xffff, 0xffff, 0xffff, 0xffff,
    0xffff, 0xffff, 0xffff, 0xffff, 0xffff, 0xffff, 0xffff, 0xffff, 0xffff, 0xffff, 0xffff, 0xffff, 0xffff, 0xffff, 0xffff, 0xffff,
    0xffff, 0xffff, 0xffff, 0xffff, 0xffff, 0xffff, 0xffff, 0xffff, 0xffff, 0xffff, 0xffff, 0xffff, 0xffff, 0xffff, 0xffff, 0xffff,
    0xffff, 0xffff, 0xffff, 0xffff, 0xffff, 0xffff, 0xffff, 0xffff, 0xffff, 0xffff, 0xffff, 0xffff, 0xffff, 0xffff, 0xffff, 0xffff,
    0xffff, 0xffff, 0xffff, 0xffff, 0xffff, 0xffff, 0xffff, 0xffff, 0xffff, 0xffff, 0xffff, 0xffff, 0xffff, 0xffff, 0xffff, 0xffff,
    0xffff, 0xffff, 0xffff, 0xffff, 0xffff, 0xffff, 0xffff, 0xffff, 0xffff, 0xffff, 0xffff, 0xffff, 0xffff, 0xffff, 0xffff, 0xffff,
    0xffff, 0xffff, 0xffff, 0xffff, 0xffff, 0xffff, 0xffff, 0xffff, 0xffff, 0xffff, 0xffff, 0xffff, 0xffff, 0xffff, 0xffff, 0xffff,
    0xffff, 0xffff, 0xffff, 0xffff, 0xffff, 0xffff, 0xffff, 0xffff, 0xffff, 0xffff, 0xffff, 0xffff, 0xffff, 0xffff, 0xffff, 0xffff,
    0xffff, 0xffff, 0xffff, 0xffff, 0xffff, 0xffff, 0xffff, 0xffff, 0xffff, 0xffff, 0xffff, 0xffff, 0xffff, 0xffff, 0xffff, 0xffff,
    0xffff, 0xffff, 0xffff, 0xffff, 0xffff, 0xffff, 0xffff, 0xffff, 0xffff, 0xffff, 0xffff, 0xffff, 0xffff, 0xffff, 0x4af0, 0x11ef,
    0xffff, 0xdf1d, 0xa5ba, 0x8539, 0x22d3, 0x010d, 0x326f, 0xae3b, 0x1210, 0x1a51, 0x4bd6, 0x53d6, 0x8d7a, 0x6477, 0x1af5, 0x3bd7,
    0x5c37, 0xd6ba, 0xa5b9, 0x2336, 0x5c58, 0x9579, 0x5417, 0x5c59, 0x3bb6, 0xce7b, 0x3397, 0x12d6, 0x7cd8, 0x9579, 0x43d8, 0x12f6,
    0x9dba, 0x84b7, 0x0a53, 0x6cd9, 0x4c18, 0x3397, 0x9538, 0xc638, 0x8518, 0x3bb7, 0x5c57, 0x6416, 0x1252, 0x9d99, 0x3af2, 0x09f1,
    0x6499, 0x4c38, 0x1ad4, 0x01b0, 0x3355, 0x01d1, 0x1af5, 0x4bb5, 0x9dba, 0x3335, 0x014f, 0x1252, 0x4c38, 0x11cf, 0x4bf8, 0xad98,
    0xc637, 0x7cd7, 0xde78, 0x5459, 0x1a93, 0x9d36, 0x7476, 0x016f, 0x4bb4, 0xe73d, 0x9559, 0x1293, 0x01d1, 0x0232, 0x53d6, 0xa5db,
    0xbe3b, 0xe6db, 0xf79c, 0xdf1c, 0x5bb4, 0x2a70, 0xef7e, 0xffff, 0xffff, 0xffff, 0xffff, 0xffff, 0xffff, 0xffff, 0xffff, 0xffff,
    0xffff, 0xffff, 0xffff, 0xffff, 0xffff, 0xffff, 0xffff, 0xffff, 0xffff, 0xffff, 0xffff, 0xffff, 0xffff, 0xffff, 0xffff, 0xffff,
    0xffff, 0xffff, 0xffff, 0xffff, 0xffff, 0xffff, 0xffff, 0xffff, 0xffff, 0xffff, 0xffff, 0xffff, 0xffff, 0xffff, 0xffff, 0xffff,
    0xffff, 0xffff, 0xffff, 0xffff, 0xffff, 0xffff, 0xffff, 0xffff, 0xffff, 0xffff, 0xffff, 0xffff, 0xffff, 0xffff, 0xffff, 0xffff,
    0xffff, 0xffff, 0xffff, 0xffff, 0xffff, 0xffff, 0xffff, 0xffff, 0xffff, 0xffff, 0xffff, 0xffff, 0xffff, 0xffff, 0xffff, 0xffff,
    0xffff, 0xffff, 0xffff, 0xffff, 0xffff, 0xffff, 0xffff, 0xffff, 0xffff, 0xffff, 0xffff, 0xffff, 0xffff, 0xffff, 0xffff, 0xffff,
    0xffff, 0xffff, 0xffff, 0xffff, 0xffff, 0xffff, 0xffff, 0xffff, 0xffff, 0xffff, 0xffff, 0xffff, 0xffff, 0xffff, 0xffff, 0xffff,
    0xffff, 0xffff, 0xffff, 0xffff, 0xffff, 0xffff, 0xffff, 0xffff, 0xffff, 0xffff, 0xffff, 0xffff, 0xffff, 0xffff, 0xffff, 0xffff,
    0xffff, 0xffff, 0xffff, 0xffff, 0xffff, 0xffff, 0xffff, 0xffff, 0xffff, 0xffff, 0xffff, 0xffff, 0xffff, 0xffff, 0xffff, 0xffff,
    0xffff, 0xffff, 0xffff, 0xffff, 0xffff, 0xffff, 0xffff, 0xffff, 0xffff, 0xffff, 0xffff, 0xffff, 0xffff, 0xffff, 0xffff, 0xffff,
    0xffff, 0xffff, 0xffff, 0xffff, 0xffff, 0xffff, 0xffff, 0xffff, 0xffff, 0xffff, 0xffff, 0xffff, 0xffff, 0xffff, 0xffff, 0xffff,
    0xffff, 0xffff, 0xffff, 0xffff, 0xffff, 0xffff, 0xffff, 0xffff, 0xffff, 0xffff, 0xffff, 0xffff, 0xffff, 0xffff, 0xffff, 0xffff,
    0xffff, 0xffff, 0xffff, 0xffff, 0xffff, 0xffff, 0xffff, 0xffff, 0xffff, 0xffff, 0xffff, 0xffff, 0xffff, 0xffff, 0xffff, 0xffff,
    0xffff, 0xffff, 0xffff, 0xffff, 0xffff, 0xffff, 0xffff, 0xffff, 0xffff, 0xffff, 0xffff, 0xffff, 0xffff, 0xffff, 0xffff, 0xffff,
    0xffff, 0xffff, 0xffff, 0xffff, 0xffff, 0xffff, 0xffff, 0xffff, 0xffff, 0xffff, 0xffff, 0xffff, 0xffdf, 0xffff, 0x42f0, 0x4353,
    0xbe7c, 0x8d59, 0x7cf9, 0x4bd6, 0x22d2, 0x7cb7, 0x11f0, 0x5c36, 0x2292, 0x5416, 0x74d8, 0x014f, 0x6477, 0xa5b9, 0xa5fa, 0x4c38,
    0x33d8, 0x6c77, 0xef1a, 0x9558, 0x3b96, 0x6cb9, 0x6478, 0x5438, 0x5417, 0x5437, 0x43d7, 0x2356, 0x2b56, 0x7cb7, 0xb5f9, 0x4417,
    0x3bf7, 0x22d4, 0x4bb4, 0x7d19, 0x33b8, 0x43f7, 0xa599, 0xadb9, 0x8d39, 0x4bf7, 0x43f8, 0x3355, 0x6c35, 0x4b95, 0x0a53, 0x3b96,
    0x3bb6, 0x5c57, 0x6cb8, 0x01b0, 0x3b75, 0x6c99, 0x12d4, 0x1294, 0x8519, 0x1231, 0x014f, 0x1232, 0x4c38, 0x2230, 0x8d18, 0xcdd5,
    0xd5f3, 0xde56, 0x74b8, 0x5417, 0xbd75, 0x7c34, 0x018f, 0x63f5, 0xadd9, 0x5c16, 0x12d4, 0x0a93, 0x9558, 0xce9a, 0xc63a, 0x6c97,
    0x74f9, 0xa5da, 0xb619, 0x8d59, 0x5c57, 0x00ce, 0x5b93, 0xffff, 0xffdf, 0xffff, 0xffff, 0xffff, 0xffff, 0xffff, 0xffff, 0xffff,
    0xffff, 0xffff, 0xffff, 0xffff, 0xffff, 0xffff, 0xffff, 0xffff, 0xffff, 0xffff, 0xffff, 0xffff, 0xffff, 0xffff, 0xffff, 0xffff,
    0xffff, 0xffff, 0xffff, 0xffff, 0xffff, 0xffff, 0xffff, 0xffff, 0xffff, 0xffff, 0xffff, 0xffff, 0xffff, 0xffff, 0xffff, 0xffff,
    0xffff, 0xffff, 0xffff, 0xffff, 0xffff, 0xffff, 0xffff, 0xffff, 0xffff, 0xffff, 0xffff, 0xffff, 0xffff, 0xffff, 0xffff, 0xffff,
    0xffff, 0xffff, 0xffff, 0xffff, 0xffff, 0xffff, 0xffff, 0xffff, 0xffff, 0xffff, 0xffff, 0xffff, 0xffff, 0xffff, 0xffff, 0xffff,
    0xffff, 0xffff, 0xffff, 0xffff, 0xffff, 0xffff, 0xffff, 0xffff, 0xffff, 0xffff, 0xffff, 0xffff, 0xffff, 0xffff, 0xffff, 0xffff,
    0xffff, 0xffff, 0xffff, 0xffff, 0xffff, 0xffff, 0xffff, 0xffff, 0xffff, 0xffff, 0xffff, 0xffff, 0xffff, 0xffff, 0xffff, 0xffff,
    0xffff, 0xffff, 0xffff, 0xffff, 0xffff, 0xffff, 0xffff, 0xffff, 0xffff, 0xffff, 0xffff, 0xffff, 0xffff, 0xffff, 0xffff, 0xffff,
    0xffff, 0xffff, 0xffff, 0xffff, 0xffff, 0xffff, 0xffff, 0xffff, 0xffff, 0xffff, 0xffff, 0xffff, 0xffff, 0xffff, 0xffff, 0xffff,
    0xffff, 0xffff, 0xffff, 0xffff, 0xffff, 0xffff, 0xffff, 0xffff, 0xffff, 0xffff, 0xffff, 0xffff, 0xffff, 0xffff, 0xffff, 0xffff,
    0xffff, 0xffff, 0xffff, 0xffff, 0xffff, 0xffff, 0xffff, 0xffff, 0xffff, 0xffff, 0xffff, 0xffff, 0xffff, 0xffff, 0xffff, 0xffff,
    0xffff, 0xffff, 0xffff, 0xffff, 0xffff, 0xffff, 0xffff, 0xffff, 0xffff, 0xffff, 0xffff, 0xffff, 0xffff, 0xffff, 0xffff, 0xffff,
    0xffff, 0xffff, 0xffff, 0xffff, 0xffff, 0xffff, 0xffff, 0xffff, 0xffff, 0xffff, 0xffff, 0xffff, 0xffff, 0xffff, 0xffff, 0xffff,
    0xffff, 0xffff, 0xffff, 0xffff, 0xffff, 0xffff, 0xffff, 0xffff, 0xffff, 0xffff, 0xffff, 0xffff, 0xffff, 0xffff, 0xffff, 0xffff,
    0xffff, 0xffff, 0xffff, 0xffff, 0xffff, 0xffff, 0xffff, 0xffff, 0xffff, 0xffff, 0xffff, 0xffff, 0xe75d, 0x3ad0, 0x6c35, 0xd6fc,
    0x955a, 0x3376, 0x3b96, 0x5c38, 0x3355, 0x3313, 0x01d1, 0x7d18, 0x8d18, 0x53f6, 0x8d59, 0x2271, 0x3335, 0x6436, 0xdeb9, 0xa577,
    0x43f7, 0x2b76, 0x9537, 0xef1a, 0x7cd7, 0x2b98, 0x33d8, 0x2357, 0x8cf8, 0x5417, 0x43f7, 0xa5da, 0x2b76, 0x1316, 0x7cd7, 0x6cb8,
    0x4c37, 0x3b55, 0x4374, 0x7cf9, 0x9578, 0xbdf8, 0xd658, 0xc63a, 0x43d6, 0x9558, 0x4bf7, 0x7497, 0xbe1a, 0x0a94, 0x3b75, 0x4bf6,
    0x11f1, 0x4bf6, 0x6478, 0x1a52, 0x3334, 0x4bf7, 0x2315, 0x5416, 0x7cb7, 0x012d, 0x09f0, 0x3b55, 0x6478, 0x6436, 0x9518, 0xcdd5,
    0xf6b3, 0xce17, 0x6c58, 0xc595, 0x8453, 0x1a72, 0x84b6, 0xadda, 0x3355, 0x6c97, 0xa5b9, 0xdefc, 0x9d78, 0x6416, 0x4353, 0x6c97,
    0x3c18, 0x5c78, 0xc67b, 0xb63a, 0x9db9, 0x84d8, 0x3290, 0x8cb6, 0xffff, 0xffff, 0xffff, 0xffff, 0xffff, 0xffff, 0xffff, 0xffff,
    0xffff, 0xffff, 0xffff, 0xffff, 0xffff, 0xffff, 0xffff, 0xffff, 0xffff, 0xffff, 0xffff, 0xffff, 0xffff, 0xffff, 0xffff, 0xffff,
    0xffff, 0xffff, 0xffff, 0xffff, 0xffff, 0xffff, 0xffff, 0xffff, 0xffff, 0xffff, 0xffff, 0xffff, 0xffff, 0xffff, 0xffff, 0xffff,
    0xffff, 0xffff, 0xffff, 0xffff, 0xffff, 0xffff, 0xffff, 0xffff, 0xffff, 0xffff, 0xffff, 0xffff, 0xffff, 0xffff, 0xffff, 0xffff,
    0xffff, 0xffff, 0xffff, 0xffff, 0xffff, 0xffff, 0xffff, 0xffff, 0xffff, 0xffff, 0xffff, 0xffff, 0xffff, 0xffff, 0xffff, 0xffff,
    0xffff, 0xffff, 0xffff, 0xffff, 0xffff, 0xffff, 0xffff, 0xffff, 0xffff, 0xffff, 0xffff, 0xffff, 0xffff, 0xffff, 0xffff, 0xffff,
    0xffff, 0xffff, 0xffff, 0xffff, 0xffff, 0xffff, 0xffff, 0xffff, 0xffff, 0xffff, 0xffff, 0xffff, 0xffff, 0xffff, 0xffff, 0xffff,
    0xffff, 0xffff, 0xffff, 0xffff, 0xffff, 0xffff, 0xffff, 0xffff, 0xffff, 0xffff, 0xffff, 0xffff, 0xffff, 0xffff, 0xffff, 0xffff,
    0xffff, 0xffff, 0xffff, 0xffff, 0xffff, 0xffff, 0xffff, 0xffff, 0xffff, 0xffff, 0xffff, 0xffff, 0xffff, 0xffff, 0xffff, 0xffff,
    0xffff, 0xffff, 0xffff, 0xffff, 0xffff, 0xffff, 0xffff, 0xffff, 0xffff, 0xffff, 0xffff, 0xffff, 0xffff, 0xffff, 0xffff, 0xffff,
    0xffff, 0xffff, 0xffff, 0xffff, 0xffff, 0xffff, 0xffff, 0xffff, 0xffff, 0xffff, 0xffff, 0xffff, 0xffff, 0xffff, 0xffff, 0xffff,
    0xffff, 0xffff, 0xffff, 0xffff, 0xffff, 0xffff, 0xffff, 0xffff, 0xffff, 0xffff, 0xffff, 0xffff, 0xffff, 0xffff, 0xffff, 0xffff,
    0xffff, 0xffff, 0xffff, 0xffff, 0xffff, 0xffff, 0xffff, 0xffff, 0xffff, 0xffff, 0xffff, 0xffff, 0xffff, 0xffff, 0xffff, 0xffff,
    0xffff, 0xffff, 0xffff, 0xffff, 0xffff, 0xffff, 0xffff, 0xffff, 0xffff, 0xffff, 0xffff, 0xffff, 0xffff, 0xffff, 0xffff, 0xffff,
    0xffff, 0xffff, 0xffff, 0xffff, 0xffff, 0xffff, 0xffff, 0xffff, 0xffff, 0xffff, 0xffff, 0xffff, 0xdf3d, 0x014c, 0xc67c, 0xffff,
    0xa5fc, 0x5c58, 0x1a52, 0x098e, 0x2b34, 0x1293, 0x3b53, 0xdebb, 0x7c14, 0x01d1, 0x6cb8, 0x74d8, 0xbdf7, 0x9516, 0x9537, 0xd617,
    0xe676, 0x7456, 0x2315, 0x9578, 0xdeba, 0x6c78, 0x2b78, 0x1b37, 0xa556, 0x6c77, 0x33b8, 0x9d79, 0x8d18, 0x2b96, 0x1b56, 0x33b6,
    0xc65a, 0xa557, 0x3313, 0x5458, 0x6cd9, 0xce38, 0xff58, 0x84d7, 0x3bf7, 0x8d16, 0xa556, 0xce18, 0x6437, 0x0274, 0x9d17, 0x9cf6,
    0x012e, 0x1272, 0x94f5, 0xa537, 0x4bf7, 0x12d4, 0x3376, 0x5437, 0x09ef, 0x1252, 0x33d7, 0x8d16, 0xb595, 0x84b6, 0xde15, 0xf6d3,
    0xe695, 0x8cb8, 0xde34, 0x9cf3, 0x5c15, 0xb5b7, 0x6457, 0x4374, 0x7496, 0xff9c, 0xe71b, 0x7cd7, 0x0211, 0x1a72, 0x84d7, 0xdedc,
    0x7d1a, 0x74fa, 0xd6ba, 0xf73b, 0xf79b, 0xffbd, 0x3ab1, 0x2a51, 0xcebc, 0xffff, 0xffff, 0xffff, 0xffff, 0xffff, 0xffff, 0xffff,
    0xffff, 0xffff, 0xffff, 0xffff, 0xffff, 0xffff, 0xffff, 0xffff, 0xffff, 0xffff, 0xffff, 0xffff, 0xffff, 0xffff, 0xffff, 0xffff,
    0xffff, 0xffff, 0xffff, 0xffff, 0xffff, 0xffff, 0xffff, 0xffff, 0xffff, 0xffff, 0xffff, 0xffff, 0xffff, 0xffff, 0xffff, 0xffff,
    0xffff, 0xffff, 0xffff, 0xffff, 0xffff, 0xffff, 0xffff, 0xffff, 0xffff, 0xffff, 0xffff, 0xffff, 0xffff, 0xffff, 0xffff, 0xffff,
    0xffff, 0xffff, 0xffff, 0xffff, 0xffff, 0xffff, 0xffff, 0xffff, 0xffff, 0xffff, 0xffff, 0xffff, 0xffff, 0xffff, 0xffff, 0xffff,
    0xffff, 0xffff, 0xffff, 0xffff, 0xffff, 0xffff, 0xffff, 0xffff, 0xffff, 0xffff, 0xffff, 0xffff, 0xffff, 0xffff, 0xffff, 0xffff,
    0xffff, 0xffff, 0xffff, 0xffff, 0xffff, 0xffff, 0xffff, 0xffff, 0xffff, 0xffff, 0xffff, 0xffff, 0xffff, 0xffff, 0xffff, 0xffff,
    0xffff, 0xffff, 0xffff, 0xffff, 0xffff, 0xffff, 0xffff, 0xffff, 0xffff, 0xffff, 0xffff, 0xffff, 0xffff, 0xffff, 0xffff, 0xffff,
    0xffff, 0xffff, 0xffff, 0xffff, 0xffff, 0xffff, 0xffff, 0xffff, 0xffff, 0xffff, 0xffff, 0xffff, 0xffff, 0xffff, 0xffff, 0xffff,
    0xffff, 0xffff, 0xffff, 0xffff, 0xffff, 0xffff, 0xffff, 0xffff, 0xffff, 0xffff, 0xffff, 0xffff, 0xffff, 0xffff, 0xffff, 0xffff,
    0xffff, 0xffff, 0xffff, 0xffff, 0xffff, 0xffff, 0xffff, 0xffff, 0xffff, 0xffff, 0xffff, 0xffff, 0xffff, 0xffff, 0xffff, 0xffff,
    0xffff, 0xffff, 0xffff, 0xffff, 0xffff, 0xffff, 0xffff, 0xffff, 0xffff, 0xffff, 0xffff, 0xffff, 0xffff, 0xffff, 0xffff, 0xffff,
    0xffff, 0xffff, 0xffff, 0xffff, 0xffff, 0xffff, 0xffff, 0xffff, 0xffff, 0xffff, 0xffff, 0xffff, 0xffff, 0xffff, 0xffff, 0xffff,
    0xffff, 0xffff, 0xffff, 0xffff, 0xffff, 0xffff, 0xffff, 0xffff, 0xffff, 0xffff, 0xffff, 0xffff, 0xffff, 0xffff, 0xffff, 0xffff,
    0xffff, 0xffff, 0xffff, 0xffff, 0xffff, 0xffff, 0xffff, 0xffff, 0xffff, 0xffff, 0xffff, 0xce9b, 0x3ab0, 0x8cf7, 0xcebc, 0x6cd8,
    0x1ab3, 0x016f, 0x2250, 0x7476, 0x43f7, 0x9d9a, 0xb5f9, 0x9558, 0x4b54, 0x2251, 0xad76, 0x5c37, 0xad96, 0xcdf6, 0x4bf7, 0x8cf7,
    0xee75, 0xc5d7, 0x53f7, 0x2377, 0x8518, 0xa598, 0x3398, 0x2357, 0xad35, 0x9495, 0x5458, 0x74d8, 0xe6ba, 0xce39, 0x3b95, 0x5459,
    0x9578, 0x7496, 0xeeb8, 0xe677, 0x7cf8, 0x4c38, 0x6436, 0x43b6, 0x43d7, 0x8d18, 0xa577, 0x7496, 0x22b4, 0x01f1, 0x6c77, 0x9578,
    0x4bb6, 0x0170, 0x8434, 0x9538, 0x3bb7, 0x43d7, 0xa59a, 0x43d6, 0x1b15, 0x2b97, 0x9d77, 0xd5f5, 0x6415, 0xe675, 0xfef3, 0xff57,
    0xde77, 0xc618, 0xee94, 0xa536, 0xe6b7, 0xb5b7, 0x2b15, 0xb5b6, 0xeef9, 0x8d17, 0x1a72, 0x01d1, 0x7cd7, 0xd6bb, 0x7434, 0x1a30,
    0x3314, 0x4395, 0x9579, 0xadda, 0xc67a, 0xef3b, 0xcebb, 0x3ad2, 0x5352, 0xffff, 0xffff, 0xffff, 0xffff, 0xffff, 0xffff, 0xffff,
    0xffff, 0xffff, 0xffff, 0xffff, 0xffff, 0xffff, 0xffff, 0xffff, 0xffff, 0xffff, 0xffff, 0xffff, 0xffff, 0xffff, 0xffff, 0xffff,
    0xffff, 0xffff, 0xffff, 0xffff, 0xffff, 0xffff, 0xffff, 0xffff, 0xffff, 0xffff, 0xffff, 0xffff, 0xffff, 0xffff, 0xffff, 0xffff,
    0xffff, 0xffff, 0xffff, 0xffff, 0xffff, 0xffff, 0xffff, 0xffff, 0xffff, 0xffff, 0xffff, 0xffff, 0xffff, 0xffff, 0xffff, 0xffff,
    0xffff, 0xffff, 0xffff, 0xffff, 0xffff, 0xffff, 0xffff, 0xffff, 0xffff, 0xffff, 0xffff, 0xffff, 0xffff, 0xffff, 0xffff, 0xffff,
    0xffff, 0xffff, 0xffff, 0xffff, 0xffff, 0xffff, 0xffff, 0xffff, 0xffff, 0xffff, 0xffff, 0xffff, 0xffff, 0xffff, 0xffff, 0xffff,
    0xffff, 0xffff, 0xffff, 0xffff, 0xffff, 0xffff, 0xffff, 0xffff, 0xffff, 0xffff, 0xffff, 0xffff, 0xffff, 0xffff, 0xffff, 0xffff,
    0xffff, 0xffff, 0xffff, 0xffff, 0xffff, 0xffff, 0xffff, 0xffff, 0xffff, 0xffff, 0xffff, 0xffff, 0xffff, 0xffff, 0xffff, 0xffff,
    0xffff, 0xffff, 0xffff, 0xffff, 0xffff, 0xffff, 0xffff, 0xffff, 0xffff, 0xffff, 0xffff, 0xffff, 0xffff, 0xffff, 0xffff, 0xffff,
    0xffff, 0xffff, 0xffff, 0xffff, 0xffff, 0xffff, 0xffff, 0xffff, 0xffff, 0xffff, 0xffff, 0xffff, 0xffff, 0xffff, 0xffff, 0xffff,
    0xffff, 0xffff, 0xffff, 0xffff, 0xffff, 0xffff, 0xffff, 0xffff, 0xffff, 0xffff, 0xffff, 0xffff, 0xffff, 0xffff, 0xffff, 0xffff,
    0xffff, 0xffff, 0xffff, 0xffff, 0xffff, 0xffff, 0xffff, 0xffff, 0xffff, 0xffff, 0xffff, 0xffff, 0xffff, 0xffff, 0xffff, 0xffff,
    0xffff, 0xffff, 0xffff, 0xffff, 0xffff, 0xffff, 0xffff, 0xffff, 0xffff, 0xffff, 0xffff, 0xffff, 0xffff, 0xffff, 0xffff, 0xffff,
    0xffff, 0xffff, 0xffff, 0xffff, 0xffff, 0xffff, 0xffff, 0xffff, 0xffff, 0xffff, 0xffff, 0xffff, 0xffff, 0xffff, 0xffff, 0xffff,
    0xffff, 0xffff, 0xffff, 0xffff, 0xffff, 0xffff, 0xffff, 0xffff, 0xffff, 0xffdf, 0xffff, 0xb5f9, 0x014c, 0xce9b, 0xd6bb, 0xae1a,
    0x84d6, 0x9d37, 0xdeba, 0x74b7, 0x0a73, 0x74d8, 0x7d18, 0x2356, 0x1b16, 0x4b75, 0xbd74, 0x6c76, 0x7c96, 0x7c96, 0x9d15, 0xbd13,
    0x94b5, 0x8cd5, 0xc554, 0x5bf6, 0x43f8, 0x8518, 0x3357, 0x2b77, 0x8cd6, 0xedd2, 0x7cb6, 0x4c79, 0x8d59, 0x9579, 0x6c56, 0x94f5,
    0x8d17, 0x6c98, 0x8d17, 0x9517, 0x6c77, 0x43d7, 0x3b75, 0x53d5, 0x5c37, 0x1af6, 0x1273, 0x0212, 0x0190, 0x0190, 0x01b1, 0x22d4,
    0x6cd9, 0x2315, 0x2b36, 0x1a93, 0x12b3, 0x3376, 0x53f6, 0x3bb7, 0x5457, 0xad55, 0xe613, 0xedf2, 0xde55, 0xff37, 0xff99, 0xff59,
    0xf716, 0xff56, 0xf6f6, 0xfef5, 0xee94, 0x8495, 0xbdf6, 0xad76, 0x5bf6, 0x2b76, 0x2315, 0x4bd6, 0x7cb6, 0x3ad1, 0x014f, 0x0212,
    0x0a73, 0x3b74, 0x8d59, 0x8538, 0xc65a, 0xe6fb, 0xdf1c, 0x3b12, 0x5bb3, 0xffff, 0xffdf, 0xffff, 0xffff, 0xffff, 0xffff, 0xffff,
    0xffff, 0xffff, 0xffff, 0xffff, 0xffff, 0xffff, 0xffff, 0xffff, 0xffff, 0xffff, 0xffff, 0xffff, 0xffff, 0xffff, 0xffff, 0xffff,
    0xffff, 0xffff, 0xffff, 0xffff, 0xffff, 0xffff, 0xffff, 0xffff, 0xffff, 0xffff, 0xffff, 0xffff, 0xffff, 0xffff, 0xffff, 0xffff,
    0xffff, 0xffff, 0xffff, 0xffff, 0xffff, 0xffff, 0xffff, 0xffff, 0xffff, 0xffff, 0xffff, 0xffff, 0xffff, 0xffff, 0xffff, 0xffff,
    0xffff, 0xffff, 0xffff, 0xffff, 0xffff, 0xffff, 0xffff, 0xffff, 0xffff, 0xffff, 0xffff, 0xffff, 0xffff, 0xffff, 0xffff, 0xffff,
    0xffff, 0xffff, 0xffff, 0xffff, 0xffff, 0xffff, 0xffff, 0xffff, 0xffff, 0xffff, 0xffff, 0xffff, 0xffff, 0xffff, 0xffff, 0xffff,
    0xffff, 0xffff, 0xffff, 0xffff, 0xffff, 0xffff, 0xffff, 0xffff, 0xffff, 0xffff, 0xffff, 0xffff, 0xffff, 0xffff, 0xffff, 0xffff,
    0xffff, 0xffff, 0xffff, 0xffff, 0xffff, 0xffff, 0xffff, 0xffff, 0xffff, 0xffff, 0xffff, 0xffff, 0xffff, 0xffff, 0xffff, 0xffff,
    0xffff, 0xffff, 0xffff, 0xffff, 0xffff, 0xffff, 0xffff, 0xffff, 0xffff, 0xffff, 0xffff, 0xffff, 0xffff, 0xffff, 0xffff, 0xffff,
    0xffff, 0xffff, 0xffff, 0xffff, 0xffff, 0xffff, 0xffff, 0xffff, 0xffff, 0xffff, 0xffff, 0xffff, 0xffff, 0xffff, 0xffff, 0xffff,
    0xffff, 0xffff, 0xffff, 0xffff, 0xffff, 0xffff, 0xffff, 0xffff, 0xffff, 0xffff, 0xffff, 0xffff, 0xffff, 0xffff, 0xffff, 0xffff,
    0xffff, 0xffff, 0xffff, 0xffff, 0xffff, 0xffff, 0xffff, 0xffff, 0xffff, 0xffff, 0xffff, 0xffff, 0xffff, 0xffff, 0xffff, 0xffff,
    0xffff, 0xffff, 0xffff, 0xffff, 0xffff, 0xffff, 0xffff, 0xffff, 0xffff, 0xffff, 0xffff, 0xffff, 0xffff, 0xffff, 0xffff, 0xffff,
    0xffff, 0xffff, 0xffff, 0xffff, 0xffff, 0xffff, 0xffff, 0xffff, 0xffff, 0xffff, 0xffff, 0xffff, 0xffff, 0xffff, 0xffff, 0xffff,
    0xffff, 0xffff, 0xffff, 0xffff, 0xffff, 0xffff, 0xffff, 0xffff, 0xffff, 0xffff, 0xffff, 0xadb9, 0x094d, 0xd6bb, 0xfffe, 0xc65a,
    0x7c97, 0x6c76, 0x7cb7, 0x3335, 0x1ad5, 0x1af5, 0x43d7, 0x5438, 0x5c36, 0xb4f3, 0xc553, 0x7434, 0xedd2, 0xd5b4, 0xe5f2, 0xfe93,
    0xee95, 0xe674, 0xfe93, 0xd5f4, 0x94b5, 0x3315, 0x8c95, 0x94f6, 0x7476, 0xf5b0, 0xbd11, 0xa4f5, 0x9d35, 0xa534, 0xcd93, 0xedb1,
    0xb534, 0x7496, 0x6c76, 0x7475, 0xc658, 0x9d57, 0x7cb7, 0x8538, 0x6c97, 0x12b4, 0x1232, 0x1ab4, 0x2314, 0x4374, 0x4b73, 0x53d5,
    0x5c58, 0x33b6, 0x2315, 0x1210, 0x32d2, 0x3b12, 0x4373, 0x74b8, 0xad76, 0xfed4, 0xff35, 0xff56, 0xff99, 0xffdd, 0xffbb, 0xff99,
    0xff9a, 0xff7a, 0xff79, 0xff76, 0xe675, 0xd637, 0xff57, 0xb5b5, 0xadb6, 0xbd95, 0xbdb7, 0x43d6, 0x0212, 0x1232, 0x0a53, 0x22f4,
    0x7cb7, 0x9558, 0xc65a, 0xf75b, 0xffbb, 0xc65a, 0x8d79, 0x1a31, 0x63d4, 0xffff, 0xffff, 0xffff, 0xffff, 0xffff, 0xffff, 0xffff,
    0xffff, 0xffff, 0xffff, 0xffff, 0xffff, 0xffff, 0xffff, 0xffff, 0xffff, 0xffff, 0xffff, 0xffff, 0xffff, 0xffff, 0xffff, 0xffff,
    0xffff, 0xffff, 0xffff, 0xffff, 0xffff, 0xffff, 0xffff, 0xffff, 0xffff, 0xffff, 0xffff, 0xffff, 0xffff, 0xffff, 0xffff, 0xffff,
    0xffff, 0xffff, 0xffff, 0xffff, 0xffff, 0xffff, 0xffff, 0xffff, 0xffff, 0xffff, 0xffff, 0xffff, 0xffff, 0xffff, 0xffff, 0xffff,
    0xffff, 0xffff, 0xffff, 0xffff, 0xffff, 0xffff, 0xffff, 0xffff, 0xffff, 0xffff, 0xffff, 0xffff, 0xffff, 0xffff, 0xffff, 0xffff,
    0xffff, 0xffff, 0xffff, 0xffff, 0xffff, 0xffff, 0xffff, 0xffff, 0xffff, 0xffff, 0xffff, 0xffff, 0xffff, 0xffff, 0xffff, 0xffff,
    0xffff, 0xffff, 0xffff, 0xffff, 0xffff, 0xffff, 0xffff, 0xffff, 0xffff, 0xffff, 0xffff, 0xffff, 0xffff, 0xffff, 0xffff, 0xffff,
    0xffff, 0xffff, 0xffff, 0xffff, 0xffff, 0xffff, 0xffff, 0xffff, 0xffff, 0xffff, 0xffff, 0xffff, 0xffff, 0xffff, 0xffff, 0xffff,
    0xffff, 0xffff, 0xffff, 0xffff, 0xffff, 0xffff, 0xffff, 0xffff, 0xffff, 0xffff, 0xffff, 0xffff, 0xffff, 0xffff, 0xffff, 0xffff,
    0xffff, 0xffff, 0xffff, 0xffff, 0xffff, 0xffff, 0xffff, 0xffff, 0xffff, 0xffff, 0xffff, 0xffff, 0xffff, 0xffff, 0xffff, 0xffff,
    0xffff, 0xffff, 0xffff, 0xffff, 0xffff, 0xffff, 0xffff, 0xffff, 0xffff, 0xffff, 0xffff, 0xffff, 0xffff, 0xffff, 0xffff, 0xffff,
    0xffff, 0xffff, 0xffff, 0xffff, 0xffff, 0xffff, 0xffff, 0xffff, 0xffff, 0xffff, 0xffff, 0xffff, 0xffff, 0xffff, 0xffff, 0xffff,
    0xffff, 0xffff, 0xffff, 0xffff, 0xffff, 0xffff, 0xffff, 0xffff, 0xffff, 0xffff, 0xffff, 0xffff, 0xffff, 0xffff, 0xffff, 0xffff,
    0xffff, 0xffff, 0xffff, 0xffff, 0xffff, 0xffff, 0xffff, 0xffff, 0xffff, 0xffff, 0xffff, 0xffff, 0xffff, 0xffff, 0xffff, 0xffff,
    0xffff, 0xffff, 0xffff, 0xffff, 0xffff, 0xffff, 0xffff, 0xffff, 0xffff, 0xffff, 0x7454, 0x42f1, 0xb5d9, 0xc67b, 0x8518, 0x3374,
    0x43f5, 0x1252, 0x01d2, 0x4c17, 0x5c37, 0x12f6, 0x6c36, 0x84d7, 0x6c57, 0xdd52, 0xe590, 0xa472, 0xf5d1, 0xfef3, 0xfeb4, 0xff57,
    0xff97, 0xfef4, 0xfeb3, 0xff36, 0xee33, 0x94d4, 0x84b6, 0xeeb6, 0xb596, 0xe612, 0xfe10, 0xfe32, 0xfeb3, 0xfe93, 0xfe93, 0xf694,
    0xf694, 0xfeb4, 0xfef5, 0xff15, 0xde56, 0xb575, 0x5c16, 0x43d6, 0x53d6, 0x5b93, 0xa514, 0x84d6, 0x9537, 0xb5b7, 0xbdd7, 0xb5b7,
    0x3b75, 0x1252, 0x3335, 0x5c58, 0x9538, 0xb597, 0xee95, 0xff14, 0xff14, 0xff56, 0xff79, 0xffba, 0xfffe, 0xffff, 0xffdd, 0xfffe,
    0xffff, 0xffff, 0xff9b, 0xff9b, 0xffdd, 0xffd8, 0xff58, 0xff99, 0xff34, 0xfe51, 0xddd3, 0x6c55, 0x4c18, 0x3bf9, 0x1273, 0x09d0,
    0x1a30, 0x1a72, 0x0a73, 0x7498, 0xbe39, 0xf75b, 0xae1a, 0x2291, 0x3291, 0x84d6, 0xef9e, 0xffff, 0xffff, 0xffff, 0xffff, 0xffff,
    0xffff, 0xffff, 0xffff, 0xffff, 0xffff, 0xffff, 0xffff, 0xffff, 0xffff, 0xffff, 0xffff, 0xffff, 0xffff, 0xffff, 0xffff, 0xffff,
    0xffff, 0xffff, 0xffff, 0xffff, 0xffff, 0xffff, 0xffff, 0xffff, 0xffff, 0xffff, 0xffff, 0xffff, 0xffff, 0xffff, 0xffff, 0xffff,
    0xffff, 0xffff, 0xffff, 0xffff, 0xffff, 0xffff, 0xffff, 0xffff, 0xffff, 0xffff, 0xffff, 0xffff, 0xffff, 0xffff, 0xffff, 0xffff,
    0xffff, 0xffff, 0xffff, 0xffff, 0xffff, 0xffff, 0xffff, 0xffff, 0xffff, 0xffff, 0xffff, 0xffff, 0xffff, 0xffff, 0xffff, 0xffff,
    0xffff, 0xffff, 0xffff, 0xffff, 0xffff, 0xffff, 0xffff, 0xffff, 0xffff, 0xffff, 0xffff, 0xffff, 0xffff, 0xffff, 0xffff, 0xffff,
    0xffff, 0xffff, 0xffff, 0xffff, 0xffff, 0xffff, 0xffff, 0xffff, 0xffff, 0xffff, 0xffff, 0xffff, 0xffff, 0xffff, 0xffff, 0xffff,
    0xffff, 0xffff, 0xffff, 0xffff, 0xffff, 0xffff, 0xffff, 0xffff, 0xffff, 0xffff, 0xffff, 0xffff, 0xffff, 0xffff, 0xffff, 0xffff,
    0xffff, 0xffff, 0xffff, 0xffff, 0xffff, 0xffff, 0xffff, 0xffff, 0xffff, 0xffff, 0xffff, 0xffff, 0xffff, 0xffff, 0xffff, 0xffff,
    0xffff, 0xffff, 0xffff, 0xffff, 0xffff, 0xffff, 0xffff, 0xffff, 0xffff, 0xffff, 0xffff, 0xffff, 0xffff, 0xffff, 0xffff, 0xffff,
    0xffff, 0xffff, 0xffff, 0xffff, 0xffff, 0xffff, 0xffff, 0xffff, 0xffff, 0xffff, 0xffff, 0xffff, 0xffff, 0xffff, 0xffff, 0xffff,
    0xffff, 0xffff, 0xffff, 0xffff, 0xffff, 0xffff, 0xffff, 0xffff, 0xffff, 0xffff, 0xffff, 0xffff, 0xffff, 0xffff, 0xffff, 0xffff,
    0xffff, 0xffff, 0xffff, 0xffff, 0xffff, 0xffff, 0xffff, 0xffff, 0xffff, 0xffff, 0xffff, 0xffff, 0xffff, 0xffff, 0xffff, 0xffff,
    0xffff, 0xffff, 0xffff, 0xffff, 0xffff, 0xffff, 0xffff, 0xffff, 0xffff, 0xffff, 0xffff, 0xffff, 0xffff, 0xffff, 0xffff, 0xffff,
    0xffff, 0xffff, 0xffff, 0xffff, 0xffff, 0xffff, 0xffff, 0xffff, 0xffdf, 0xffff, 0x4b51, 0x2a50, 0xdf3d, 0xb619, 0xadfa, 0xadfb,
    0x6457, 0x1252, 0x1273, 0x6c98, 0x5c37, 0x2b77, 0x5c16, 0x8cb6, 0x8c94, 0xed70, 0xfd8e, 0xfe31, 0xfe52, 0xfef5, 0xff78, 0xff57,
    0xff77, 0xfed4, 0xfe93, 0xff78, 0xff35, 0xfef6, 0xce57, 0xff37, 0xff77, 0xff57, 0xff57, 0xff57, 0xff57, 0xff57, 0xff57, 0xff77,
    0xff56, 0xff15, 0xff15, 0xff16, 0xf6d5, 0xf6b4, 0xee94, 0xeeb4, 0xde55, 0xc574, 0xcd93, 0x6435, 0x5c36, 0x5c16, 0x4bd6, 0x5bf5,
    0x6457, 0xa537, 0x94f6, 0x84d6, 0x7cd6, 0x7cb6, 0xd698, 0xff98, 0xff79, 0xffbb, 0xffde, 0xffff, 0xffff, 0xffff, 0xffff, 0xffff,
    0xffff, 0xffff, 0xffff, 0xffff, 0xffff, 0xffdd, 0xffde, 0xff79, 0xf6f5, 0xf6f6, 0xf6d6, 0xff16, 0x94f6, 0x4bf7, 0x22f4, 0x8d38,
    0xdefb, 0xb619, 0x3b55, 0x2af6, 0x6c98, 0xef5b, 0xd6d9, 0xce9a, 0x5bd3, 0x00ec, 0xdf3e, 0xffff, 0xffff, 0xffff, 0xffff, 0xffff,
    0xffff, 0xffff, 0xffff, 0xffff, 0xffff, 0xffff, 0xffff, 0xffff, 0xffff, 0xffff, 0xffff, 0xffff, 0xffff, 0xffff, 0xffff, 0xffff,
    0xffff, 0xffff, 0xffff, 0xffff, 0xffff, 0xffff, 0xffff, 0xffff, 0xffff, 0xffff, 0xffff, 0xffff, 0xffff, 0xffff, 0xffff, 0xffff,
    0xffff, 0xffff, 0xffff, 0xffff, 0xffff, 0xffff, 0xffff, 0xffff, 0xffff, 0xffff, 0xffff, 0xffff, 0xffff, 0xffff, 0xffff, 0xffff,
    0xffff, 0xffff, 0xffff, 0xffff, 0xffff, 0xffff, 0xffff, 0xffff, 0xffff, 0xffff, 0xffff, 0xffff, 0xffff, 0xffff, 0xffff, 0xffff,
    0xffff, 0xffff, 0xffff, 0xffff, 0xffff, 0xffff, 0xffff, 0xffff, 0xffff, 0xffff, 0xffff, 0xffff, 0xffff, 0xffff, 0xffff, 0xffff,
    0xffff, 0xffff, 0xffff, 0xffff, 0xffff, 0xffff, 0xffff, 0xffff, 0xffff, 0xffff, 0xffff, 0xffff, 0xffff, 0xffff, 0xffff, 0xffff,
    0xffff, 0xffff, 0xffff, 0xffff, 0xffff, 0xffff, 0xffff, 0xffff, 0xffff, 0xffff, 0xffff, 0xffff, 0xffff, 0xffff, 0xffff, 0xffff,
    0xffff, 0xffff, 0xffff, 0xffff, 0xffff, 0xffff, 0xffff, 0xffff, 0xffff, 0xffff, 0xffff, 0xffff, 0xffff, 0xffff, 0xffff, 0xffff,
    0xffff, 0xffff, 0xffff, 0xffff, 0xffff, 0xffff, 0xffff, 0xffff, 0xffff, 0xffff, 0xffff, 0xffff, 0xffff, 0xffff, 0xffff, 0xffff,
    0xffff, 0xffff, 0xffff, 0xffff, 0xffff, 0xffff, 0xffff, 0xffff, 0xffff, 0xffff, 0xffff, 0xffff, 0xffff, 0xffff, 0xffff, 0xffff,
    0xffff, 0xffff, 0xffff, 0xffff, 0xffff, 0xffff, 0xffff, 0xffff, 0xffff, 0xffff, 0xffff, 0xffff, 0xffff, 0xffff, 0xffff, 0xffff,
    0xffff, 0xffff, 0xffff, 0xffff, 0xffff, 0xffff, 0xffff, 0xffff, 0xffff, 0xffff, 0xffff, 0xffff, 0xffff, 0xffff, 0xffff, 0xffff,
    0xffff, 0xffff, 0xffff, 0xffff, 0xffff, 0xffff, 0xffff, 0xffff, 0xffff, 0xffff, 0xffff, 0xffff, 0xffff, 0xffff, 0xffff, 0xffff,
    0xffff, 0xffff, 0xffff, 0xffff, 0xffff, 0xffff, 0xffff, 0xffff, 0xf7ff, 0xffff, 0x5b93, 0x2251, 0xdf5d, 0xffde, 0xcebb, 0x2ab2,
    0x014f, 0x2ad3, 0x74d8, 0x8d18, 0x5c37, 0x5418, 0x5417, 0xbd12, 0xfdce, 0xfdef, 0xfeb5, 0xff58, 0xff37, 0xff37, 0xff57, 0xff57,
    0xff58, 0xff57, 0xff57, 0xff57, 0xff56, 0xff57, 0xff15, 0xff57, 0xff37, 0xff57, 0xff57, 0xff57, 0xff57, 0xff57, 0xff57, 0xff57,
    0xff57, 0xff57, 0xff57, 0xff57, 0xff57, 0xff78, 0xff78, 0xff76, 0xd676, 0x7413, 0xc553, 0xef18, 0xeef7, 0xf6f6, 0xad35, 0xddf4,
    0x94f6, 0x8495, 0xee32, 0xff13, 0xff98, 0xffb9, 0xffdd, 0xffff, 0xffff, 0xffff, 0xffff, 0xffff, 0xffff, 0xffff, 0xffff, 0xffff,
    0xffff, 0xffff, 0xffff, 0xffff, 0xffff, 0xffff, 0xffff, 0xff9b, 0xff58, 0xffde, 0xffbc, 0xff56, 0xce35, 0xa577, 0x4b95, 0x32f3,
    0x2a91, 0x9d56, 0xffbb, 0xa598, 0x8d19, 0x8d59, 0xd6bb, 0xce9a, 0x4333, 0x016e, 0xdf1d, 0xffff, 0xffff, 0xffff, 0xffff, 0xffff,
    0xffff, 0xffff, 0xffff, 0xffff, 0xffff, 0xffff, 0xffff, 0xffff, 0xffff, 0xffff, 0xffff, 0xffff, 0xffff, 0xffff, 0xffff, 0xffff,
    0xffff, 0xffff, 0xffff, 0xffff, 0xffff, 0xffff, 0xffff, 0xffff, 0xffff, 0xffff, 0xffff, 0xffff, 0xffff, 0xffff, 0xffff, 0xffff,
    0xffff, 0xffff, 0xffff, 0xffff, 0xffff, 0xffff, 0xffff, 0xffff, 0xffff, 0xffff, 0xffff, 0xffff, 0xffff, 0xffff, 0xffff, 0xffff,
    0xffff, 0xffff, 0xffff, 0xffff, 0xffff, 0xffff, 0xffff, 0xffff, 0xffff, 0xffff, 0xffff, 0xffff, 0xffff, 0xffff, 0xffff, 0xffff,
    0xffff, 0xffff, 0xffff, 0xffff, 0xffff, 0xffff, 0xffff, 0xffff, 0xffff, 0xffff, 0xffff, 0xffff, 0xffff, 0xffff, 0xffff, 0xffff,
    0xffff, 0xffff, 0xffff, 0xffff, 0xffff, 0xffff, 0xffff, 0xffff, 0xffff, 0xffff, 0xffff, 0xffff, 0xffff, 0xffff, 0xffff, 0xffff,
    0xffff, 0xffff, 0xffff, 0xffff, 0xffff, 0xffff, 0xffff, 0xffff, 0xffff, 0xffff, 0xffff, 0xffff, 0xffff, 0xffff, 0xffff, 0xffff,
    0xffff, 0xffff, 0xffff, 0xffff, 0xffff, 0xffff, 0xffff, 0xffff, 0xffff, 0xffff, 0xffff, 0xffff, 0xffff, 0xffff, 0xffff, 0xffff,
    0xffff, 0xffff, 0xffff, 0xffff, 0xffff, 0xffff, 0xffff, 0xffff, 0xffff, 0xffff, 0xffff, 0xffff, 0xffff, 0xffff, 0xffff, 0xffff,
    0xffff, 0xffff, 0xffff, 0xffff, 0xffff, 0xffff, 0xffff, 0xffff, 0xffff, 0xffff, 0xffff, 0xffff, 0xffff, 0xffff, 0xffff, 0xffff,
    0xffff, 0xffff, 0xffff, 0xffff, 0xffff, 0xffff, 0xffff, 0xffff, 0xffff, 0xffff, 0xffff, 0xffff, 0xffff, 0xffff, 0xffff, 0xffff,
    0xffff, 0xffff, 0xffff, 0xffff, 0xffff, 0xffff, 0xffff, 0xffff, 0xffff, 0xffff, 0xffff, 0xffff, 0xffff, 0xffff, 0xffff, 0xffff,
    0xffff, 0xffff, 0xffff, 0xffff, 0xffff, 0xffff, 0xffff, 0xffff, 0xffff, 0xffff, 0xffff, 0xffff, 0xffff, 0xffff, 0xffff, 0xffff,
    0xffff, 0xffff, 0xffff, 0xffff, 0xffff, 0xffff, 0xffff, 0xffff, 0xffff, 0xce9b, 0x3291, 0xb63b, 0xffbe, 0x9599, 0x4bf7, 0x4395,
    0x4bf7, 0x5c37, 0x84f9, 0x6cb8, 0x9d58, 0x3b97, 0xa4d3, 0xf58e, 0xf5ee, 0xfed5, 0xff58, 0xff7a, 0xff79, 0xff57, 0xff78, 0xff58,
    0xff57, 0xff78, 0xff78, 0xff78, 0xff58, 0xff77, 0xff58, 0xff58, 0xff57, 0xff57, 0xff57, 0xff57, 0xff57, 0xff58, 0xff58, 0xff79,
    0xffbc, 0xffbc, 0xffbc, 0xff79, 0xff36, 0xff7a, 0xff9b, 0xff57, 0xff36, 0xeeb6, 0xa4f3, 0xef18, 0xffbb, 0xff9b, 0xff7b, 0xff35,
    0xeef7, 0xeed7, 0xff35, 0xffba, 0xffff, 0xffff, 0xffff, 0xffff, 0xffff, 0xffff, 0xffff, 0xffff, 0xffff, 0xffff, 0xffff, 0xffff,
    0xffff, 0xffff, 0xffff, 0xffff, 0xffff, 0xffff, 0xffff, 0xffde, 0xff59, 0xffdc, 0xff9b, 0xff57, 0x9d14, 0x7c54, 0x42d0, 0x012d,
    0x012e, 0x3291, 0xbe18, 0xffbc, 0xdedb, 0x8519, 0xd6db, 0xe71b, 0x84f8, 0x018d, 0xb63b, 0xffdf, 0xffff, 0xffff, 0xffff, 0xffff,
    0xffff, 0xffff, 0xffff, 0xffff, 0xffff, 0xffff, 0xffff, 0xffff, 0xffff, 0xffff, 0xffff, 0xffff, 0xffff, 0xffff, 0xffff, 0xffff,
    0xffff, 0xffff, 0xffff, 0xffff, 0xffff, 0xffff, 0xffff, 0xffff, 0xffff, 0xffff, 0xffff, 0xffff, 0xffff, 0xffff, 0xffff, 0xffff,
    0xffff, 0xffff, 0xffff, 0xffff, 0xffff, 0xffff, 0xffff, 0xffff, 0xffff, 0xffff, 0xffff, 0xffff, 0xffff, 0xffff, 0xffff, 0xffff,
    0xffff, 0xffff, 0xffff, 0xffff, 0xffff, 0xffff, 0xffff, 0xffff, 0xffff, 0xffff, 0xffff, 0xffff, 0xffff, 0xffff, 0xffff, 0xffff,
    0xffff, 0xffff, 0xffff, 0xffff, 0xffff, 0xffff, 0xffff, 0xffff, 0xffff, 0xffff, 0xffff, 0xffff, 0xffff, 0xffff, 0xffff, 0xffff,
    0xffff, 0xffff, 0xffff, 0xffff, 0xffff, 0xffff, 0xffff, 0xffff, 0xffff, 0xffff, 0xffff, 0xffff, 0xffff, 0xffff, 0xffff, 0xffff,
    0xffff, 0xffff, 0xffff, 0xffff, 0xffff, 0xffff, 0xffff, 0xffff, 0xffff, 0xffff, 0xffff, 0xffff, 0xffff, 0xffff, 0xffff, 0xffff,
    0xffff, 0xffff, 0xffff, 0xffff, 0xffff, 0xffff, 0xffff, 0xffff, 0xffff, 0xffff, 0xffff, 0xffff, 0xffff, 0xffff, 0xffff, 0xffff,
    0xffff, 0xffff, 0xffff, 0xffff, 0xffff, 0xffff, 0xffff, 0xffff, 0xffff, 0xffff, 0xffff, 0xffff, 0xffff, 0xffff, 0xffff, 0xffff,
    0xffff, 0xffff, 0xffff, 0xffff, 0xffff, 0xffff, 0xffff, 0xffff, 0xffff, 0xffff, 0xffff, 0xffff, 0xffff, 0xffff, 0xffff, 0xffff,
    0xffff, 0xffff, 0xffff, 0xffff, 0xffff, 0xffff, 0xffff, 0xffff, 0xffff, 0xffff, 0xffff, 0xffff, 0xffff, 0xffff, 0xffff, 0xffff,
    0xffff, 0xffff, 0xffff, 0xffff, 0xffff, 0xffff, 0xffff, 0xffff, 0xffff, 0xffff, 0xffff, 0xffff, 0xffff, 0xffff, 0xffff, 0xffff,
    0xffff, 0xffff, 0xffff, 0xffff, 0xffff, 0xffff, 0xffff, 0xffff, 0xffff, 0xffff, 0xffff, 0xffff, 0xffff, 0xffff, 0xffff, 0xffff,
    0xffff, 0xffff, 0xffff, 0xffff, 0xffff, 0xffff, 0xffff, 0xffff, 0xef7e, 0x63f3, 0x2a70, 0xef7d, 0xc69b, 0x7d18, 0xa5fa, 0xb61a,
    0x8d59, 0xbe39, 0xa599, 0x5c58, 0xbdd8, 0x7c55, 0xd50f, 0xfe10, 0xff16, 0xff58, 0xff9b, 0xffbc, 0xffbc, 0xff78, 0xff58, 0xff78,
    0xff78, 0xff78, 0xff77, 0xff78, 0xff78, 0xff58, 0xff58, 0xff57, 0xff57, 0xff57, 0xff57, 0xff57, 0xff78, 0xff9a, 0xfffe, 0xfffe,
    0xffff, 0xffff, 0xffff, 0xffde, 0xffbc, 0xfffe, 0xffff, 0xffff, 0xffbb, 0xff98, 0xff9b, 0xf759, 0xff99, 0xffff, 0xffff, 0xfffd,
    0xfffe, 0xffde, 0xfffc, 0xfffe, 0xffff, 0xffff, 0xffff, 0xffff, 0xffff, 0xffff, 0xffff, 0xffff, 0xffff, 0xffff, 0xffff, 0xffff,
    0xffff, 0xffff, 0xffff, 0xffff, 0xffff, 0xffff, 0xffff, 0xffff, 0xffff, 0xffbc, 0xffff, 0xffbd, 0xffba, 0xff97, 0xf693, 0x7c12,
    0x0170, 0x0190, 0x018f, 0x3b53, 0xadb8, 0xd6fb, 0x9d58, 0xdefb, 0xd6bb, 0x8d18, 0x118e, 0x9517, 0xffff, 0xffdf, 0xffff, 0xffff,
    0xffff, 0xffff, 0xffff, 0xffff, 0xffff, 0xffff, 0xffff, 0xffff, 0xffff, 0xffff, 0xffff, 0xffff, 0xffff, 0xffff, 0xffff, 0xffff,
    0xffff, 0xffff, 0xffff, 0xffff, 0xffff, 0xffff, 0xffff, 0xffff, 0xffff, 0xffff, 0xffff, 0xffff, 0xffff, 0xffff, 0xffff, 0xffff,
    0xffff, 0xffff, 0xffff, 0xffff, 0xffff, 0xffff, 0xffff, 0xffff, 0xffff, 0xffff, 0xffff, 0xffff, 0xffff, 0xffff, 0xffff, 0xffff,
    0xffff, 0xffff, 0xffff, 0xffff, 0xffff, 0xffff, 0xffff, 0xffff, 0xffff, 0xffff, 0xffff, 0xffff, 0xffff, 0xffff, 0xffff, 0xffff,
    0xffff, 0xffff, 0xffff, 0xffff, 0xffff, 0xffff, 0xffff, 0xffff, 0xffff, 0xffff, 0xffff, 0xffff, 0xffff, 0xffff, 0xffff, 0xffff,
    0xffff, 0xffff, 0xffff, 0xffff, 0xffff, 0xffff, 0xffff, 0xffff, 0xffff, 0xffff, 0xffff, 0xffff, 0xffff, 0xffff, 0xffff, 0xffff,
    0xffff, 0xffff, 0xffff, 0xffff, 0xffff, 0xffff, 0xffff, 0xffff, 0xffff, 0xffff, 0xffff, 0xffff, 0xffff, 0xffff, 0xffff, 0xffff,
    0xffff, 0xffff, 0xffff, 0xffff, 0xffff, 0xffff, 0xffff, 0xffff, 0xffff, 0xffff, 0xffff, 0xffff, 0xffff, 0xffff, 0xffff, 0xffff,
    0xffff, 0xffff, 0xffff, 0xffff, 0xffff, 0xffff, 0xffff, 0xffff, 0xffff, 0xffff, 0xffff, 0xffff, 0xffff, 0xffff, 0xffff, 0xffff,
    0xffff, 0xffff, 0xffff, 0xffff, 0xffff, 0xffff, 0xffff, 0xffff, 0xffff, 0xffff, 0xffff, 0xffff, 0xffff, 0xffff, 0xffff, 0xffff,
    0xffff, 0xffff, 0xffff, 0xffff, 0xffff, 0xffff, 0xffff, 0xffff, 0xffff, 0xffff, 0xffff, 0xffff, 0xffff, 0xffff, 0xffff, 0xffff,
    0xffff, 0xffff, 0xffff, 0xffff, 0xffff, 0xffff, 0xffff, 0xffff, 0xffff, 0xffff, 0xffff, 0xffff, 0xffff, 0xffff, 0xffff, 0xffff,
    0xffff, 0xffff, 0xffff, 0xffff, 0xffff, 0xffff, 0xffff, 0xffff, 0xffff, 0xffff, 0xffff, 0xffff, 0xffff, 0xffff, 0xffff, 0xffff,
    0xffff, 0xffff, 0xffff, 0xffff, 0xffff, 0xffff, 0xffff, 0xffff, 0x9517, 0x008b, 0x84b5, 0xdf1d, 0x5c37, 0xd6bb, 0xcebb, 0x6478,
    0x7cd8, 0xd67a, 0xa599, 0x5438, 0x9cd4, 0xe570, 0xfe93, 0xff15, 0xff79, 0xffbc, 0xff79, 0xffbc, 0xffde, 0xff78, 0xff77, 0xff78,
    0xff78, 0xff78, 0xff78, 0xff58, 0xff78, 0xff78, 0xff78, 0xff78, 0xff78, 0xff57, 0xff57, 0xff57, 0xffdd, 0xffff, 0xffff, 0xffff,
    0xffff, 0xffff, 0xffff, 0xffff, 0xffff, 0xffff, 0xffff, 0xffff, 0xffff, 0xffbc, 0xffff, 0xfffe, 0xf77a, 0xffff, 0xffff, 0xffff,
    0xffff, 0xffff, 0xffff, 0xffff, 0xffff, 0xffff, 0xffff, 0xffff, 0xffff, 0xffff, 0xffff, 0xffff, 0xffff, 0xffff, 0xffff, 0xffff,
    0xffff, 0xffff, 0xffff, 0xffff, 0xffff, 0xffff, 0xffff, 0xffff, 0xffff, 0xffbc, 0xfffe, 0xffff, 0xffbc, 0xf737, 0xff14, 0xb574,
    0x4375, 0x53d5, 0x6c55, 0xadd9, 0x7c75, 0xadda, 0x6478, 0x9dba, 0xd6db, 0x959a, 0x014d, 0x84d7, 0xffff, 0xffff, 0xffff, 0xffff,
    0xffff, 0xffff, 0xffff, 0xffff, 0xffff, 0xffff, 0xffff, 0xffff, 0xffff, 0xffff, 0xffff, 0xffff, 0xffff, 0xffff, 0xffff, 0xffff,
    0xffff, 0xffff, 0xffff, 0xffff, 0xffff, 0xffff, 0xffff, 0xffff, 0xffff, 0xffff, 0xffff, 0xffff, 0xffff, 0xffff, 0xffff, 0xffff,
    0xffff, 0xffff, 0xffff, 0xffff, 0xffff, 0xffff, 0xffff, 0xffff, 0xffff, 0xffff, 0xffff, 0xffff, 0xffff, 0xffff, 0xffff, 0xffff,
    0xffff, 0xffff, 0xffff, 0xffff, 0xffff, 0xffff, 0xffff, 0xffff, 0xffff, 0xffff, 0xffff, 0xffff, 0xffff, 0xffff, 0xffff, 0xffff,
    0xffff, 0xffff, 0xffff, 0xffff, 0xffff, 0xffff, 0xffff, 0xffff, 0xffff, 0xffff, 0xffff, 0xffff, 0xffff, 0xffff, 0xffff, 0xffff,
    0xffff, 0xffff, 0xffff, 0xffff, 0xffff, 0xffff, 0xffff, 0xffff, 0xffff, 0xffff, 0xffff, 0xffff, 0xffff, 0xffff, 0xffff, 0xffff,
    0xffff, 0xffff, 0xffff, 0xffff, 0xffff, 0xffff, 0xffff, 0xffff, 0xffff, 0xffff, 0xffff, 0xffff, 0xffff, 0xffff, 0xffff, 0xffff,
    0xffff, 0xffff, 0xffff, 0xffff, 0xffff, 0xffff, 0xffff, 0xffff, 0xffff, 0xffff, 0xffff, 0xffff, 0xffff, 0xffff, 0xffff, 0xffff,
    0xffff, 0xffff, 0xffff, 0xffff, 0xffff, 0xffff, 0xffff, 0xffff, 0xffff, 0xffff, 0xffff, 0xffff, 0xffff, 0xffff, 0xffff, 0xffff,
    0xffff, 0xffff, 0xffff, 0xffff, 0xffff, 0xffff, 0xffff, 0xffff, 0xffff, 0xffff, 0xffff, 0xffff, 0xffff, 0xffff, 0xffff, 0xffff,
    0xffff, 0xffff, 0xffff, 0xffff, 0xffff, 0xffff, 0xffff, 0xffff, 0xffff, 0xffff, 0xffff, 0xffff, 0xffff, 0xffff, 0xffff, 0xffff,
    0xffff, 0xffff, 0xffff, 0xffff, 0xffff, 0xffff, 0xffff, 0xffff, 0xffff, 0xffff, 0xffff, 0xffff, 0xffff, 0xffff, 0xffff, 0xffff,
    0xffff, 0xffff, 0xffff, 0xffff, 0xffff, 0xffff, 0xffff, 0xffff, 0xffff, 0xffff, 0xffff, 0xffff, 0xffff, 0xffff, 0xffff, 0xffff,
    0xffff, 0xffff, 0xffff, 0xffff, 0xffff, 0xffff, 0xffff, 0xffff, 0x9517, 0x008b, 0x7c95, 0xef7e, 0x74f9, 0x74d9, 0x8d59, 0x7499,
    0x9d99, 0xa5b9, 0x6479, 0x7cb7, 0xddb1, 0xfe52, 0xff16, 0xff57, 0xff9a, 0xffdd, 0xff9b, 0xffff, 0xfffe, 0xff79, 0xff58, 0xff78,
    0xff78, 0xff78, 0xff78, 0xff78, 0xff58, 0xff58, 0xff57, 0xff58, 0xffde, 0xffdd, 0xff9a, 0xffbb, 0xffff, 0xffff, 0xffff, 0xffff,
    0xffff, 0xffff, 0xffff, 0xffff, 0xffff, 0xffff, 0xffff, 0xffff, 0xffff, 0xffff, 0xffff, 0xffff, 0xffff, 0xffff, 0xffff, 0xffff,
    0xffff, 0xffff, 0xffff, 0xffff, 0xffff, 0xffff, 0xffff, 0xffff, 0xffff, 0xffff, 0xffff, 0xffff, 0xffff, 0xffff, 0xffff, 0xffff,
    0xffff, 0xffff, 0xffff, 0xffff, 0xffff, 0xffff, 0xffff, 0xffff, 0xffff, 0xffff, 0xffff, 0xffff, 0xffff, 0xffdf, 0xffba, 0xcdf3,
    0x6435, 0x3355, 0x4b95, 0xbe5a, 0xfffd, 0x9557, 0x8d39, 0x6c79, 0xadfb, 0xcedc, 0x11ae, 0x84d7, 0xffff, 0xffff, 0xffff, 0xffff,
    0xffff, 0xffff, 0xffff, 0xffff, 0xffff, 0xffff, 0xffff, 0xffff, 0xffff, 0xffff, 0xffff, 0xffff, 0xffff, 0xffff, 0xffff, 0xffff,
    0xffff, 0xffff, 0xffff, 0xffff, 0xffff, 0xffff, 0xffff, 0xffff, 0xffff, 0xffff, 0xffff, 0xffff, 0xffff, 0xffff, 0xffff, 0xffff,
    0xffff, 0xffff, 0xffff, 0xffff, 0xffff, 0xffff, 0xffff, 0xffff, 0xffff, 0xffff, 0xffff, 0xffff, 0xffff, 0xffff, 0xffff, 0xffff,
    0xffff, 0xffff, 0xffff, 0xffff, 0xffff, 0xffff, 0xffff, 0xffff, 0xffff, 0xffff, 0xffff, 0xffff, 0xffff, 0xffff, 0xffff, 0xffff,
    0xffff, 0xffff, 0xffff, 0xffff, 0xffff, 0xffff, 0xffff, 0xffff, 0xffff, 0xffff, 0xffff, 0xffff, 0xffff, 0xffff, 0xffff, 0xffff,
    0xffff, 0xffff, 0xffff, 0xffff, 0xffff, 0xffff, 0xffff, 0xffff, 0xffff, 0xffff, 0xffff, 0xffff, 0xffff, 0xffff, 0xffff, 0xffff,
    0xffff, 0xffff, 0xffff, 0xffff, 0xffff, 0xffff, 0xffff, 0xffff, 0xffff, 0xffff, 0xffff, 0xffff, 0xffff, 0xffff, 0xffff, 0xffff,
    0xffff, 0xffff, 0xffff, 0xffff, 0xffff, 0xffff, 0xffff, 0xffff, 0xffff, 0xffff, 0xffff, 0xffff, 0xffff, 0xffff, 0xffff, 0xffff,
    0xffff, 0xffff, 0xffff, 0xffff, 0xffff, 0xffff, 0xffff, 0xffff, 0xffff, 0xffff, 0xffff, 0xffff, 0xffff, 0xffff, 0xffff, 0xffff,
    0xffff, 0xffff, 0xffff, 0xffff, 0xffff, 0xffff, 0xffff, 0xffff, 0xffff, 0xffff, 0xffff, 0xffff, 0xffff, 0xffff, 0xffff, 0xffff,
    0xffff, 0xffff, 0xffff, 0xffff, 0xffff, 0xffff, 0xffff, 0xffff, 0xffff, 0xffff, 0xffff, 0xffff, 0xffff, 0xffff, 0xffff, 0xffff,
    0xffff, 0xffff, 0xffff, 0xffff, 0xffff, 0xffff, 0xffff, 0xffff, 0xffff, 0xffff, 0xffff, 0xffff, 0xffff, 0xffff, 0xffff, 0xffff,
    0xffff, 0xffff, 0xffff, 0xffff, 0xffff, 0xffff, 0xffff, 0xffff, 0xffff, 0xffff, 0xffff, 0xffff, 0xffff, 0xffff, 0xffff, 0xffff,
    0xffff, 0xffff, 0xffff, 0xffff, 0xffff, 0xffff, 0xffff, 0xffff, 0x8cd6, 0x012d, 0x9599, 0xef9e, 0x9d9a, 0x855a, 0xa5d9, 0xc63a,
    0xbe5a, 0x959a, 0x7477, 0xc5b4, 0xfef4, 0xff17, 0xff36, 0xff79, 0xffbc, 0xff9a, 0xffff, 0xffdd, 0xffbb, 0xff78, 0xff58, 0xff78,
    0xff78, 0xff78, 0xff78, 0xff58, 0xff58, 0xff58, 0xff99, 0xff9a, 0xff9b, 0xfffe, 0xffff, 0xffff, 0xfffe, 0xffff, 0xffff, 0xffff,
    0xffff, 0xffff, 0xffff, 0xffff, 0xffff, 0xffff, 0xffff, 0xffff, 0xffff, 0xffff, 0xffff, 0xffff, 0xffff, 0xffff, 0xffff, 0xffff,
    0xffff, 0xffff, 0xffff, 0xffff, 0xffff, 0xffff, 0xffff, 0xffff, 0xffff, 0xffff, 0xffff, 0xffff, 0xffff, 0xffff, 0xffff, 0xffff,
    0xffff, 0xffff, 0xffff, 0xffff, 0xffff, 0xffff, 0xffff, 0xffff, 0xffff, 0xffff, 0xffff, 0xffff, 0xffff, 0xffde, 0xff7a, 0xff16,
    0xbd73, 0x32b2, 0x01d2, 0x43b5, 0xc67a, 0xff9c, 0xce9a, 0x8d39, 0x5c58, 0xc6bc, 0x096d, 0x84b6, 0xffff, 0xffdf, 0xffff, 0xffff,
    0xffff, 0xffff, 0xffff, 0xffff, 0xffff, 0xffff, 0xffff, 0xffff, 0xffff, 0xffff, 0xffff, 0xffff, 0xffff, 0xffff, 0xffff, 0xffff,
    0xffff, 0xffff, 0xffff, 0xffff, 0xffff, 0xffff, 0xffff, 0xffff, 0xffff, 0xffff, 0xffff, 0xffff, 0xffff, 0xffff, 0xffff, 0xffff,
    0xffff, 0xffff, 0xffff, 0xffff, 0xffff, 0xffff, 0xffff, 0xffff, 0xffff, 0xffff, 0xffff, 0xffff, 0xffff, 0xffff, 0xffff, 0xffff,
    0xffff, 0xffff, 0xffff, 0xffff, 0xffff, 0xffff, 0xffff, 0xffff, 0xffff, 0xffff, 0xffff, 0xffff, 0xffff, 0xffff, 0xffff, 0xffff,
    0xffff, 0xffff, 0xffff, 0xffff, 0xffff, 0xffff, 0xffff, 0xffff, 0xffff, 0xffff, 0xffff, 0xffff, 0xffff, 0xffff, 0xffff, 0xffff,
    0xffff, 0xffff, 0xffff, 0xffff, 0xffff, 0xffff, 0xffff, 0xffff, 0xffff, 0xffff, 0xffff, 0xffff, 0xffff, 0xffff, 0xffff, 0xffff,
    0xffff, 0xffff, 0xffff, 0xffff, 0xffff, 0xffff, 0xffff, 0xffff, 0xffff, 0xffff, 0xffff, 0xffff, 0xffff, 0xffff, 0xffff, 0xffff,
    0xffff, 0xffff, 0xffff, 0xffff, 0xffff, 0xffff, 0xffff, 0xffff, 0xffff, 0xffff, 0xffff, 0xffff, 0xffff, 0xffff, 0xffff, 0xffff,
    0xffff, 0xffff, 0xffff, 0xffff, 0xffff, 0xffff, 0xffff, 0xffff, 0xffff, 0xffff, 0xffff, 0xffff, 0xffff, 0xffff, 0xffff, 0xffff,
    0xffff, 0xffff, 0xffff, 0xffff, 0xffff, 0xffff, 0xffff, 0xffff, 0xffff, 0xffff, 0xffff, 0xffff, 0xffff, 0xffff, 0xffff, 0xffff,
    0xffff, 0xffff, 0xffff, 0xffff, 0xffff, 0xffff, 0xffff, 0xffff, 0xffff, 0xffff, 0xffff, 0xffff, 0xffff, 0xffff, 0xffff, 0xffff,
    0xffff, 0xffff, 0xffff, 0xffff, 0xffff, 0xffff, 0xffff, 0xffff, 0xffff, 0xffff, 0xffff, 0xffff, 0xffff, 0xffff, 0xffff, 0xffff,
    0xffff, 0xffff, 0xffff, 0xffff, 0xffff, 0xffff, 0xffff, 0xffff, 0xffff, 0xffff, 0xffff, 0xffff, 0xffff, 0xffff, 0xffff, 0xffff,
    0xffff, 0xffff, 0xffff, 0xffff, 0xffff, 0xffff, 0xffff, 0xffff, 0x84d6, 0x32d1, 0xe77f, 0x9dba, 0xc67b, 0xef3c, 0x6458, 0xb61b,
    0x9d99, 0x8519, 0xc593, 0xfef3, 0xff37, 0xff16, 0xff79, 0xffdd, 0xffbc, 0xff79, 0xffde, 0xffdd, 0xff57, 0xff78, 0xff78, 0xff78,
    0xff78, 0xff78, 0xff78, 0xff58, 0xff78, 0xff57, 0xff9a, 0xff9a, 0xff79, 0xffdd, 0xfffe, 0xfffe, 0xffdc, 0xffbd, 0xffff, 0xffff,
    0xffff, 0xffff, 0xffff, 0xffff, 0xffff, 0xffff, 0xffff, 0xffff, 0xffff, 0xffff, 0xffff, 0xffff, 0xffff, 0xffff, 0xffff, 0xffff,
    0xffff, 0xffff, 0xffff, 0xffff, 0xffff, 0xffff, 0xffff, 0xffff, 0xffff, 0xffff, 0xffff, 0xffff, 0xffff, 0xffff, 0xffff, 0xffff,
    0xffff, 0xffff, 0xffff, 0xffff, 0xffff, 0xffff, 0xffff, 0xffff, 0xffff, 0xffff, 0xffff, 0xffff, 0xffff, 0xffff, 0xffdf, 0xff79,
    0xf693, 0xddf3, 0x4374, 0x0a73, 0x9d79, 0xf75c, 0xf77b, 0xdefb, 0x9d9a, 0x6457, 0x014d, 0x84b6, 0xffff, 0xffdf, 0xffff, 0xffff,
    0xffff, 0xffff, 0xffff, 0xffff, 0xffff, 0xffff, 0xffff, 0xffff, 0xffff, 0xffff, 0xffff, 0xffff, 0xffff, 0xffff, 0xffff, 0xffff,
    0xffff, 0xffff, 0xffff, 0xffff, 0xffff, 0xffff, 0xffff, 0xffff, 0xffff, 0xffff, 0xffff, 0xffff, 0xffff, 0xffff, 0xffff, 0xffff,
    0xffff, 0xffff, 0xffff, 0xffff, 0xffff, 0xffff, 0xffff, 0xffff, 0xffff, 0xffff, 0xffff, 0xffff, 0xffff, 0xffff, 0xffff, 0xffff,
    0xffff, 0xffff, 0xffff, 0xffff, 0xffff, 0xffff, 0xffff, 0xffff, 0xffff, 0xffff, 0xffff, 0xffff, 0xffff, 0xffff, 0xffff, 0xffff,
    0xffff, 0xffff, 0xffff, 0xffff, 0xffff, 0xffff, 0xffff, 0xffff, 0xffff, 0xffff, 0xffff, 0xffff, 0xffff, 0xffff, 0xffff, 0xffff,
    0xffff, 0xffff, 0xffff, 0xffff, 0xffff, 0xffff, 0xffff, 0xffff, 0xffff, 0xffff, 0xffff, 0xffff, 0xffff, 0xffff, 0xffff, 0xffff,
    0xffff, 0xffff, 0xffff, 0xffff, 0xffff, 0xffff, 0xffff, 0xffff, 0xffff, 0xffff, 0xffff, 0xffff, 0xffff, 0xffff, 0xffff, 0xffff,
    0xffff, 0xffff, 0xffff, 0xffff, 0xffff, 0xffff, 0xffff, 0xffff, 0xffff, 0xffff, 0xffff, 0xffff, 0xffff, 0xffff, 0xffff, 0xffff,
    0xffff, 0xffff, 0xffff, 0xffff, 0xffff, 0xffff, 0xffff, 0xffff, 0xffff, 0xffff, 0xffff, 0xffff, 0xffff, 0xffff, 0xffff, 0xffff,
    0xffff, 0xffff, 0xffff, 0xffff, 0xffff, 0xffff, 0xffff, 0xffff, 0xffff, 0xffff, 0xffff, 0xffff, 0xffff, 0xffff, 0xffff, 0xffff,
    0xffff, 0xffff, 0xffff, 0xffff, 0xffff, 0xffff, 0xffff, 0xffff, 0xffff, 0xffff, 0xffff, 0xffff, 0xffff, 0xffff, 0xffff, 0xffff,
    0xffff, 0xffff, 0xffff, 0xffff, 0xffff, 0xffff, 0xffff, 0xffff, 0xffff, 0xffff, 0xffff, 0xffff, 0xffff, 0xffff, 0xffff, 0xffff,
    0xffff, 0xffff, 0xffff, 0xffff, 0xffff, 0xffff, 0xffff, 0xffff, 0xffff, 0xffff, 0xffff, 0xffff, 0xffff, 0xffff, 0xffff, 0xffff,
    0xffff, 0xffff, 0xffff, 0xffff, 0xffff, 0xffff, 0xffff, 0xffff, 0x9d99, 0x2271, 0x9559, 0xd6db, 0xe71b, 0xb61b, 0x5c59, 0x8519,
    0x8d18, 0xcd93, 0xedb0, 0xff16, 0xff37, 0xff57, 0xff58, 0xff7a, 0xffdc, 0xffdd, 0xffbc, 0xff9a, 0xff58, 0xff58, 0xff78, 0xff78,
    0xff78, 0xff78, 0xff78, 0xff78, 0xff58, 0xff58, 0xff57, 0xff37, 0xff9a, 0xff79, 0xff7a, 0xffde, 0xffbc, 0xffbb, 0xffbc, 0xffbc,
    0xffff, 0xffff, 0xffff, 0xffff, 0xffff, 0xffff, 0xffff, 0xffff, 0xffff, 0xffff, 0xffff, 0xffff, 0xffff, 0xffff, 0xffff, 0xffff,
    0xffff, 0xffff, 0xffff, 0xffff, 0xffff, 0xffff, 0xffff, 0xffff, 0xffff, 0xffff, 0xffff, 0xffff, 0xffff, 0xffff, 0xffff, 0xffff,
    0xffff, 0xffff, 0xffff, 0xffff, 0xffff, 0xffff, 0xffff, 0xffff, 0xffff, 0xffff, 0xffff, 0xffff, 0xffff, 0xffff, 0xffdd, 0xff57,
    0xff99, 0xe676, 0x8474, 0x0a32, 0x5c36, 0xdf1b, 0xf75b, 0x9d57, 0x9579, 0x0a32, 0x010d, 0x8cd7, 0xffff, 0xffdf, 0xffff, 0xffff,
    0xffff, 0xffff, 0xffff, 0xffff, 0xffff, 0xffff, 0xffff, 0xffff, 0xffff, 0xffff, 0xffff, 0xffff, 0xffff, 0xffff, 0xffff, 0xffff,
    0xffff, 0xffff, 0xffff, 0xffff, 0xffff, 0xffff, 0xffff, 0xffff, 0xffff, 0xffff, 0xffff, 0xffff, 0xffff, 0xffff, 0xffff, 0xffff,
    0xffff, 0xffff, 0xffff, 0xffff, 0xffff, 0xffff, 0xffff, 0xffff, 0xffff, 0xffff, 0xffff, 0xffff, 0xffff, 0xffff, 0xffff, 0xffff,
    0xffff, 0xffff, 0xffff, 0xffff, 0xffff, 0xffff, 0xffff, 0xffff, 0xffff, 0xffff, 0xffff, 0xffff, 0xffff, 0xffff, 0xffff, 0xffff,
    0xffff, 0xffff, 0xffff, 0xffff, 0xffff, 0xffff, 0xffff, 0xffff, 0xffff, 0xffff, 0xffff, 0xffff, 0xffff, 0xffff, 0xffff, 0xffff,
    0xffff, 0xffff, 0xffff, 0xffff, 0xffff, 0xffff, 0xffff, 0xffff, 0xffff, 0xffff, 0xffff, 0xffff, 0xffff, 0xffff, 0xffff, 0xffff,
    0xffff, 0xffff, 0xffff, 0xffff, 0xffff, 0xffff, 0xffff, 0xffff, 0xffff, 0xffff, 0xffff, 0xffff, 0xffff, 0xffff, 0xffff, 0xffff,
    0xffff, 0xffff, 0xffff, 0xffff, 0xffff, 0xffff, 0xffff, 0xffff, 0xffff, 0xffff, 0xffff, 0xffff, 0xffff, 0xffff, 0xffff, 0xffff,
    0xffff, 0xffff, 0xffff, 0xffff, 0xffff, 0xffff, 0xffff, 0xffff, 0xffff, 0xffff, 0xffff, 0xffff, 0xffff, 0xffff, 0xffff, 0xffff,
    0xffff, 0xffff, 0xffff, 0xffff, 0xffff, 0xffff, 0xffff, 0xffff, 0xffff, 0xffff, 0xffff, 0xffff, 0xffff, 0xffff, 0xffff, 0xffff,
    0xffff, 0xffff, 0xffff, 0xffff, 0xffff, 0xffff, 0xffff, 0xffff, 0xffff, 0xffff, 0xffff, 0xffff, 0xffff, 0xffff, 0xffff, 0xffff,
    0xffff, 0xffff, 0xffff, 0xffff, 0xffff, 0xffff, 0xffff, 0xffff, 0xffff, 0xffff, 0xffff, 0xffff, 0xffff, 0xffff, 0xffff, 0xffff,
    0xffff, 0xffff, 0xffff, 0xffff, 0xffff, 0xffff, 0xffff, 0xffff, 0xffff, 0xffff, 0xffff, 0xffff, 0xffff, 0xffff, 0xffff, 0xffff,
    0xffff, 0xffff, 0xffff, 0xffff, 0xffff, 0xffff, 0xffff, 0xffff, 0xbe7c, 0x01af, 0x3290, 0xfffe, 0x9d99, 0x43d8, 0x6c98, 0xef3b,
    0xa578, 0xd5d3, 0xfed2, 0xff36, 0xff57, 0xff57, 0xffbc, 0xffdc, 0xffbc, 0xffff, 0xffbc, 0xff57, 0xff78, 0xff78, 0xff78, 0xff78,
    0xff78, 0xff78, 0xff78, 0xff78, 0xff58, 0xff58, 0xff58, 0xffbb, 0xff79, 0xffba, 0xffbc, 0xff9b, 0xff9b, 0xffdc, 0xff9a, 0xff9b,
    0xffff, 0xffff, 0xffff, 0xffbc, 0xffbb, 0xffbc, 0xffbb, 0xffbc, 0xffdd, 0xffff, 0xffff, 0xffff, 0xffff, 0xffff, 0xffff, 0xffff,
    0xffff, 0xffff, 0xffff, 0xffff, 0xffff, 0xffff, 0xffff, 0xffff, 0xffff, 0xffff, 0xffff, 0xffff, 0xffff, 0xffff, 0xffff, 0xffff,
    0xffff, 0xffff, 0xffff, 0xffff, 0xffff, 0xffff, 0xffff, 0xffff, 0xffff, 0xffff, 0xffff, 0xffff, 0xffff, 0xffff, 0xffff, 0xffde,
    0xff58, 0xf6f6, 0xc5d6, 0x4333, 0x0190, 0x7476, 0xffdd, 0x7475, 0x8539, 0x43b6, 0x010d, 0x8cf7, 0xffff, 0xffff, 0xffff, 0xffff,
    0xffff, 0xffff, 0xffff, 0xffff, 0xffff, 0xffff, 0xffff, 0xffff, 0xffff, 0xffff, 0xffff, 0xffff, 0xffff, 0xffff, 0xffff, 0xffff,
    0xffff, 0xffff, 0xffff, 0xffff, 0xffff, 0xffff, 0xffff, 0xffff, 0xffff, 0xffff, 0xffff, 0xffff, 0xffff, 0xffff, 0xffff, 0xffff,
    0xffff, 0xffff, 0xffff, 0xffff, 0xffff, 0xffff, 0xffff, 0xffff, 0xffff, 0xffff, 0xffff, 0xffff, 0xffff, 0xffff, 0xffff, 0xffff,
    0xffff, 0xffff, 0xffff, 0xffff, 0xffff, 0xffff, 0xffff, 0xffff, 0xffff, 0xffff, 0xffff, 0xffff, 0xffff, 0xffff, 0xffff, 0xffff,
    0xffff, 0xffff, 0xffff, 0xffff, 0xffff, 0xffff, 0xffff, 0xffff, 0xffff, 0xffff, 0xffff, 0xffff, 0xffff, 0xffff, 0xffff, 0xffff,
    0xffff, 0xffff, 0xffff, 0xffff, 0xffff, 0xffff, 0xffff, 0xffff, 0xffff, 0xffff, 0xffff, 0xffff, 0xffff, 0xffff, 0xffff, 0xffff,
    0xffff, 0xffff, 0xffff, 0xffff, 0xffff, 0xffff, 0xffff, 0xffff, 0xffff, 0xffff, 0xffff, 0xffff, 0xffff, 0xffff, 0xffff, 0xffff,
    0xffff, 0xffff, 0xffff, 0xffff, 0xffff, 0xffff, 0xffff, 0xffff, 0xffff, 0xffff, 0xffff, 0xffff, 0xffff, 0xffff, 0xffff, 0xffff,
    0xffff, 0xffff, 0xffff, 0xffff, 0xffff, 0xffff, 0xffff, 0xffff, 0xffff, 0xffff, 0xffff, 0xffff, 0xffff, 0xffff, 0xffff, 0xffff,
    0xffff, 0xffff, 0xffff, 0xffff, 0xffff, 0xffff, 0xffff, 0xffff, 0xffff, 0xffff, 0xffff, 0xffff, 0xffff, 0xffff, 0xffff, 0xffff,
    0xffff, 0xffff, 0xffff, 0xffff, 0xffff, 0xffff, 0xffff, 0xffff, 0xffff, 0xffff, 0xffff, 0xffff, 0xffff, 0xffff, 0xffff, 0xffff,
    0xffff, 0xffff, 0xffff, 0xffff, 0xffff, 0xffff, 0xffff, 0xffff, 0xffff, 0xffff, 0xffff, 0xffff, 0xffff, 0xffff, 0xffff, 0xffff,
    0xffff, 0xffff, 0xffff, 0xffff, 0xffff, 0xffff, 0xffff, 0xffff, 0xffff, 0xffff, 0xffff, 0xffff, 0xffff, 0xffff, 0xffff, 0xffff,
    0xffff, 0xffff, 0xffff, 0xffff, 0xffff, 0xffff, 0xffff, 0xffff, 0x8cd6, 0x09af, 0x6c55, 0xdf1d, 0x8519, 0x7d1a, 0xc659, 0xce9a,
    0x9d98, 0xd5d4, 0xfe73, 0xff57, 0xff37, 0xff57, 0xff9c, 0xfffe, 0xffff, 0xffde, 0xffbb, 0xff78, 0xff78, 0xff78, 0xff78, 0xff78,
    0xff78, 0xff78, 0xff78, 0xff78, 0xff58, 0xff58, 0xff58, 0xff9a, 0xff79, 0xff9a, 0xffbb, 0xfffe, 0xffde, 0xff79, 0xfffe, 0xffff,
    0xffff, 0xffff, 0xffff, 0xffbc, 0xffbc, 0xffbb, 0xff9a, 0xff9a, 0xff9a, 0xff9a, 0xff79, 0xff79, 0xff79, 0xffdd, 0xffff, 0xffff,
    0xffff, 0xffff, 0xffff, 0xffff, 0xffff, 0xffff, 0xffff, 0xffff, 0xffff, 0xffff, 0xffff, 0xffff, 0xffff, 0xffff, 0xffff, 0xffff,
    0xffff, 0xffff, 0xffff, 0xffff, 0xffff, 0xffff, 0xffff, 0xffff, 0xffff, 0xffff, 0xffff, 0xffff, 0xffff, 0xffff, 0xffff, 0xfffe,
    0xff79, 0xff56, 0xeed7, 0xb5b7, 0x7c76, 0x4b74, 0xdedb, 0xdedb, 0x5436, 0x6cd9, 0x014e, 0x8cf7, 0xffff, 0xffff, 0xffff, 0xffff,
    0xffff, 0xffff, 0xffff, 0xffff, 0xffff, 0xffff, 0xffff, 0xffff, 0xffff, 0xffff, 0xffff, 0xffff, 0xffff, 0xffff, 0xffff, 0xffff,
    0xffff, 0xffff, 0xffff, 0xffff, 0xffff, 0xffff, 0xffff, 0xffff, 0xffff, 0xffff, 0xffff, 0xffff, 0xffff, 0xffff, 0xffff, 0xffff,
    0xffff, 0xffff, 0xffff, 0xffff, 0xffff, 0xffff, 0xffff, 0xffff, 0xffff, 0xffff, 0xffff, 0xffff, 0xffff, 0xffff, 0xffff, 0xffff,
    0xffff, 0xffff, 0xffff, 0xffff, 0xffff, 0xffff, 0xffff, 0xffff, 0xffff, 0xffff, 0xffff, 0xffff, 0xffff, 0xffff, 0xffff, 0xffff,
    0xffff, 0xffff, 0xffff, 0xffff, 0xffff, 0xffff, 0xffff, 0xffff, 0xffff, 0xffff, 0xffff, 0xffff, 0xffff, 0xffff, 0xffff, 0xffff,
    0xffff, 0xffff, 0xffff, 0xffff, 0xffff, 0xffff, 0xffff, 0xffff, 0xffff, 0xffff, 0xffff, 0xffff, 0xffff, 0xffff, 0xffff, 0xffff,
    0xffff, 0xffff, 0xffff, 0xffff, 0xffff, 0xffff, 0xffff, 0xffff, 0xffff, 0xffff, 0xffff, 0xffff, 0xffff, 0xffff, 0xffff, 0xffff,
    0xffff, 0xffff, 0xffff, 0xffff, 0xffff, 0xffff, 0xffff, 0xffff, 0xffff, 0xffff, 0xffff, 0xffff, 0xffff, 0xffff, 0xffff, 0xffff,
    0xffff, 0xffff, 0xffff, 0xffff, 0xffff, 0xffff, 0xffff, 0xffff, 0xffff, 0xffff, 0xffff, 0xffff, 0xffff, 0xffff, 0xffff, 0xffff,
    0xffff, 0xffff, 0xffff, 0xffff, 0xffff, 0xffff, 0xffff, 0xffff, 0xffff, 0xffff, 0xffff, 0xffff, 0xffff, 0xffff, 0xffff, 0xffff,
    0xffff, 0xffff, 0xffff, 0xffff, 0xffff, 0xffff, 0xffff, 0xffff, 0xffff, 0xffff, 0xffff, 0xffff, 0xffff, 0xffff, 0xffff, 0xffff,
    0xffff, 0xffff, 0xffff, 0xffff, 0xffff, 0xffff, 0xffff, 0xffff, 0xffff, 0xffff, 0xffff, 0xffff, 0xffff, 0xffff, 0xffff, 0xffff,
    0xffff, 0xffff, 0xffff, 0xffff, 0xffff, 0xffff, 0xffff, 0xffff, 0xffff, 0xffff, 0xffff, 0xffff, 0xffff, 0xffff, 0xffff, 0xffff,
    0xffff, 0xffff, 0xffff, 0xffff, 0xffff, 0xffff, 0xffff, 0xffff, 0x7434, 0x5bd3, 0xe79f, 0x7cf8, 0x6cba, 0x9d99, 0xd6ba, 0x9db9,
    0xce79, 0xd593, 0xfe10, 0xff57, 0xff77, 0xff99, 0xff78, 0xff9b, 0xffff, 0xffbc, 0xff77, 0xff78, 0xff78, 0xff78, 0xff78, 0xff78,
    0xff78, 0xff78, 0xff78, 0xff78, 0xff78, 0xff58, 0xff58, 0xff57, 0xff57, 0xff57, 0xff57, 0xff9a, 0xffbc, 0xffbc, 0xfffe, 0xffff,
    0xffff, 0xffff, 0xffff, 0xffff, 0xffff, 0xffff, 0xffff, 0xffff, 0xfffe, 0xffdd, 0xffdc, 0xffdd, 0xff9a, 0xff57, 0xff78, 0xff78,
    0xff79, 0xff79, 0xff79, 0xffbb, 0xffff, 0xffff, 0xffff, 0xffff, 0xffff, 0xffff, 0xffff, 0xffff, 0xffff, 0xffff, 0xffff, 0xffff,
    0xffff, 0xffff, 0xffff, 0xffff, 0xffff, 0xffff, 0xffff, 0xffff, 0xffff, 0xffff, 0xffff, 0xffff, 0xffff, 0xffff, 0xffff, 0xffff,
    0xffdc, 0xff58, 0xff78, 0xbe39, 0xa5b9, 0x1211, 0x8d18, 0xe75c, 0x7cf9, 0x5c58, 0x014d, 0x8cf7, 0xffff, 0xffff, 0xffff, 0xffff,
    0xffff, 0xffff, 0xffff, 0xffff, 0xffff, 0xffff, 0xffff, 0xffff, 0xffff, 0xffff, 0xffff, 0xffff, 0xffff, 0xffff, 0xffff, 0xffff,
    0xffff, 0xffff, 0xffff, 0xffff, 0xffff, 0xffff, 0xffff, 0xffff, 0xffff, 0xffff, 0xffff, 0xffff, 0xffff, 0xffff, 0xffff, 0xffff,
    0xffff, 0xffff, 0xffff, 0xffff, 0xffff, 0xffff, 0xffff, 0xffff, 0xffff, 0xffff, 0xffff, 0xffff, 0xffff, 0xffff, 0xffff, 0xffff,
    0xffff, 0xffff, 0xffff, 0xffff, 0xffff, 0xffff, 0xffff, 0xffff, 0xffff, 0xffff, 0xffff, 0xffff, 0xffff, 0xffff, 0xffff, 0xffff,
    0xffff, 0xffff, 0xffff, 0xffff, 0xffff, 0xffff, 0xffff, 0xffff, 0xffff, 0xffff, 0xffff, 0xffff, 0xffff, 0xffff, 0xffff, 0xffff,
    0xffff, 0xffff, 0xffff, 0xffff, 0xffff, 0xffff, 0xffff, 0xffff, 0xffff, 0xffff, 0xffff, 0xffff, 0xffff, 0xffff, 0xffff, 0xffff,
    0xffff, 0xffff, 0xffff, 0xffff, 0xffff, 0xffff, 0xffff, 0xffff, 0xffff, 0xffff, 0xffff, 0xffff, 0xffff, 0xffff, 0xffff, 0xffff,
    0xffff, 0xffff, 0xffff, 0xffff, 0xffff, 0xffff, 0xffff, 0xffff, 0xffff, 0xffff, 0xffff, 0xffff, 0xffff, 0xffff, 0xffff, 0xffff,
    0xffff, 0xffff, 0xffff, 0xffff, 0xffff, 0xffff, 0xffff, 0xffff, 0xffff, 0xffff, 0xffff, 0xffff, 0xffff, 0xffff, 0xffff, 0xffff,
    0xffff, 0xffff, 0xffff, 0xffff, 0xffff, 0xffff, 0xffff, 0xffff, 0xffff, 0xffff, 0xffff, 0xffff, 0xffff, 0xffff, 0xffff, 0xffff,
    0xffff, 0xffff, 0xffff, 0xffff, 0xffff, 0xffff, 0xffff, 0xffff, 0xffff, 0xffff, 0xffff, 0xffff, 0xffff, 0xffff, 0xffff, 0xffff,
    0xffff, 0xffff, 0xffff, 0xffff, 0xffff, 0xffff, 0xffff, 0xffff, 0xffff, 0xffff, 0xffff, 0xffff, 0xffff, 0xffff, 0xffff, 0xffff,
    0xffff, 0xffff, 0xffff, 0xffff, 0xffff, 0xffff, 0xffff, 0xffff, 0xffff, 0xffff, 0xffff, 0xffff, 0xffff, 0xffff, 0xffff, 0xffff,
    0xffff, 0xffff, 0xffff, 0xffff, 0xffff, 0xffff, 0xffff, 0xffff, 0x7434, 0x094d, 0x84d7, 0xd6fd, 0x8d3a, 0x9d9a, 0xe6f9, 0xe6fa,
    0xb619, 0xcd92, 0xfe92, 0xff78, 0xff78, 0xff57, 0xff9b, 0xffff, 0xffde, 0xff78, 0xff78, 0xff78, 0xff78, 0xff78, 0xff78, 0xff78,
    0xff78, 0xff78, 0xff78, 0xff78, 0xff78, 0xff58, 0xff58, 0xff58, 0xff58, 0xff58, 0xff58, 0xff57, 0xff79, 0xffff, 0xffff, 0xffff,
    0xffff, 0xffff, 0xffff, 0xffff, 0xffff, 0xffff, 0xffff, 0xffff, 0xffff, 0xffff, 0xffff, 0xffff, 0xffff, 0xffdc, 0xffdc, 0xffdc,
    0xffdc, 0xffdd, 0xffdd, 0xffde, 0xffff, 0xffdd, 0xff9a, 0xff9b, 0xffde, 0xffff, 0xffff, 0xffff, 0xffff, 0xffff, 0xffff, 0xffff,
    0xffff, 0xffff, 0xffff, 0xffff, 0xffff, 0xffff, 0xffff, 0xffff, 0xffff, 0xffff, 0xffff, 0xffff, 0xffff, 0xffff, 0xffff, 0xfffe,
    0xff38, 0xff57, 0xf738, 0xe6f9, 0xbe39, 0x3b13, 0x3b76, 0x6cb9, 0x74b8, 0xae5c, 0x016e, 0x84d7, 0xffff, 0xffff, 0xffff, 0xffff,
    0xffff, 0xffff, 0xffff, 0xffff, 0xffff, 0xffff, 0xffff, 0xffff, 0xffff, 0xffff, 0xffff, 0xffff, 0xffff, 0xffff, 0xffff, 0xffff,
    0xffff, 0xffff, 0xffff, 0xffff, 0xffff, 0xffff, 0xffff, 0xffff, 0xffff, 0xffff, 0xffff, 0xffff, 0xffff, 0xffff, 0xffff, 0xffff,
    0xffff, 0xffff, 0xffff, 0xffff, 0xffff, 0xffff, 0xffff, 0xffff, 0xffff, 0xffff, 0xffff, 0xffff, 0xffff, 0xffff, 0xffff, 0xffff,
    0xffff, 0xffff, 0xffff, 0xffff, 0xffff, 0xffff, 0xffff, 0xffff, 0xffff, 0xffff, 0xffff, 0xffff, 0xffff, 0xffff, 0xffff, 0xffff,
    0xffff, 0xffff, 0xffff, 0xffff, 0xffff, 0xffff, 0xffff, 0xffff, 0xffff, 0xffff, 0xffff, 0xffff, 0xffff, 0xffff, 0xffff, 0xffff,
    0xffff, 0xffff, 0xffff, 0xffff, 0xffff, 0xffff, 0xffff, 0xffff, 0xffff, 0xffff, 0xffff, 0xffff, 0xffff, 0xffff, 0xffff, 0xffff,
    0xffff, 0xffff, 0xffff, 0xffff, 0xffff, 0xffff, 0xffff, 0xffff, 0xffff, 0xffff, 0xffff, 0xffff, 0xffff, 0xffff, 0xffff, 0xffff,
    0xffff, 0xffff, 0xffff, 0xffff, 0xffff, 0xffff, 0xffff, 0xffff, 0xffff, 0xffff, 0xffff, 0xffff, 0xffff, 0xffff, 0xffff, 0xffff,
    0xffff, 0xffff, 0xffff, 0xffff, 0xffff, 0xffff, 0xffff, 0xffff, 0xffff, 0xffff, 0xffff, 0xffff, 0xffff, 0xffff, 0xffff, 0xffff,
    0xffff, 0xffff, 0xffff, 0xffff, 0xffff, 0xffff, 0xffff, 0xffff, 0xffff, 0xffff, 0xffff, 0xffff, 0xffff, 0xffff, 0xffff, 0xffff,
    0xffff, 0xffff, 0xffff, 0xffff, 0xffff, 0xffff, 0xffff, 0xffff, 0xffff, 0xffff, 0xffff, 0xffff, 0xffff, 0xffff, 0xffff, 0xffff,
    0xffff, 0xffff, 0xffff, 0xffff, 0xffff, 0xffff, 0xffff, 0xffff, 0xffff, 0xffff, 0xffff, 0xffff, 0xffff, 0xffff, 0xffff, 0xffff,
    0xffff, 0xffff, 0xffff, 0xffff, 0xffff, 0xffff, 0xffff, 0xffff, 0xffff, 0xffff, 0xffff, 0xffff, 0xffff, 0xffff, 0xffff, 0xffff,
    0xffff, 0xffff, 0xffff, 0xffff, 0xffff, 0xffff, 0xffff, 0xffff, 0xe73d, 0x63f5, 0x3b33, 0xdf1d, 0x9579, 0xd6ba, 0xd6ba, 0x74b8,
    0x8d39, 0xd592, 0xfe92, 0xff58, 0xff57, 0xff57, 0xffbc, 0xfffe, 0xff99, 0xff77, 0xff78, 0xff78, 0xff78, 0xff58, 0xff78, 0xff78,
    0xff78, 0xff78, 0xff78, 0xff78, 0xff78, 0xff78, 0xff78, 0xff58, 0xff78, 0xff78, 0xff78, 0xff78, 0xff79, 0xff9a, 0xffbd, 0xffff,
    0xffff, 0xffff, 0xffff, 0xffff, 0xffff, 0xffff, 0xffff, 0xffff, 0xffff, 0xffff, 0xffff, 0xffff, 0xffff, 0xffff, 0xffff, 0xffff,
    0xffff, 0xffff, 0xffff, 0xffff, 0xffff, 0xffff, 0xfffe, 0xfffe, 0xffff, 0xffff, 0xffff, 0xffff, 0xffff, 0xffff, 0xffff, 0xffff,
    0xffff, 0xffff, 0xffff, 0xffff, 0xffff, 0xffff, 0xffff, 0xffff, 0xffff, 0xffff, 0xffff, 0xffff, 0xffff, 0xffff, 0xffff, 0xffff,
    0xfffe, 0xffbc, 0xf73a, 0xadd9, 0xd6db, 0xdeb9, 0x9538, 0x4376, 0x74f9, 0x74d8, 0x014d, 0x8cd7, 0xffff, 0xffdf, 0xffff, 0xffff,
    0xffff, 0xffff, 0xffff, 0xffff, 0xffff, 0xffff, 0xffff, 0xffff, 0xffff, 0xffff, 0xffff, 0xffff, 0xffff, 0xffff, 0xffff, 0xffff,
    0xffff, 0xffff, 0xffff, 0xffff, 0xffff, 0xffff, 0xffff, 0xffff, 0xffff, 0xffff, 0xffff, 0xffff, 0xffff, 0xffff, 0xffff, 0xffff,
    0xffff, 0xffff, 0xffff, 0xffff, 0xffff, 0xffff, 0xffff, 0xffff, 0xffff, 0xffff, 0xffff, 0xffff, 0xffff, 0xffff, 0xffff, 0xffff,
    0xffff, 0xffff, 0xffff, 0xffff, 0xffff, 0xffff, 0xffff, 0xffff, 0xffff, 0xffff, 0xffff, 0xffff, 0xffff, 0xffff, 0xffff, 0xffff,
    0xffff, 0xffff, 0xffff, 0xffff, 0xffff, 0xffff, 0xffff, 0xffff, 0xffff, 0xffff, 0xffff, 0xffff, 0xffff, 0xffff, 0xffff, 0xffff,
    0xffff, 0xffff, 0xffff, 0xffff, 0xffff, 0xffff, 0xffff, 0xffff, 0xffff, 0xffff, 0xffff, 0xffff, 0xffff, 0xffff, 0xffff, 0xffff,
    0xffff, 0xffff, 0xffff, 0xffff, 0xffff, 0xffff, 0xffff, 0xffff, 0xffff, 0xffff, 0xffff, 0xffff, 0xffff, 0xffff, 0xffff, 0xffff,
    0xffff, 0xffff, 0xffff, 0xffff, 0xffff, 0xffff, 0xffff, 0xffff, 0xffff, 0xffff, 0xffff, 0xffff, 0xffff, 0xffff, 0xffff, 0xffff,
    0xffff, 0xffff, 0xffff, 0xffff, 0xffff, 0xffff, 0xffff, 0xffff, 0xffff, 0xffff, 0xffff, 0xffff, 0xffff, 0xffff, 0xffff, 0xffff,
    0xffff, 0xffff, 0xffff, 0xffff, 0xffff, 0xffff, 0xffff, 0xffff, 0xffff, 0xffff, 0xffff, 0xffff, 0xffff, 0xffff, 0xffff, 0xffff,
    0xffff, 0xffff, 0xffff, 0xffff, 0xffff, 0xffff, 0xffff, 0xffff, 0xffff, 0xffff, 0xffff, 0xffff, 0xffff, 0xffff, 0xffff, 0xffff,
    0xffff, 0xffff, 0xffff, 0xffff, 0xffff, 0xffff, 0xffff, 0xffff, 0xffff, 0xffff, 0xffff, 0xffff, 0xffff, 0xffff, 0xffff, 0xffff,
    0xffff, 0xffff, 0xffff, 0xffff, 0xffff, 0xffff, 0xffff, 0xffff, 0xffff, 0xffff, 0xffff, 0xffff, 0xffff, 0xffff, 0xffff, 0xffff,
    0xffff, 0xffff, 0xffff, 0xffff, 0xffff, 0xffff, 0xffff, 0xffff, 0xce7b, 0x5394, 0x3b14, 0x8539, 0xdefb, 0xce9a, 0xbdf9, 0xdefa,
    0xce58, 0xa556, 0xbdb5, 0xff57, 0xff57, 0xff57, 0xff78, 0xff9a, 0xffbc, 0xff58, 0xff78, 0xff78, 0xff78, 0xff78, 0xff78, 0xff78,
    0xff78, 0xff78, 0xff78, 0xff78, 0xff78, 0xff78, 0xff78, 0xff58, 0xff78, 0xff58, 0xff58, 0xff57, 0xff78, 0xff58, 0xffbc, 0xffff,
    0xffff, 0xffff, 0xffff, 0xffff, 0xffff, 0xffff, 0xffff, 0xffff, 0xffff, 0xffff, 0xffff, 0xffff, 0xffff, 0xffff, 0xffff, 0xffff,
    0xffff, 0xffff, 0xffff, 0xffff, 0xffff, 0xffff, 0xffff, 0xffff, 0xffff, 0xffff, 0xffff, 0xffff, 0xffff, 0xffff, 0xffff, 0xffff,
    0xffff, 0xffff, 0xffff, 0xffff, 0xffff, 0xffff, 0xffff, 0xffff, 0xffff, 0xffff, 0xffff, 0xffff, 0xffff, 0xffff, 0xffff, 0xffff,
    0xffbb, 0xff79, 0xf739, 0xd6da, 0x9d59, 0xc659, 0xff5a, 0x7496, 0x4bf7, 0x3b74, 0x012e, 0x8cf7, 0xffff, 0xffff, 0xffff, 0xffff,
    0xffff, 0xffff, 0xffff, 0xffff, 0xffff, 0xffff, 0xffff, 0xffff, 0xffff, 0xffff, 0xffff, 0xffff, 0xffff, 0xffff, 0xffff, 0xffff,
    0xffff, 0xffff, 0xffff, 0xffff, 0xffff, 0xffff, 0xffff, 0xffff, 0xffff, 0xffff, 0xffff, 0xffff, 0xffff, 0xffff, 0xffff, 0xffff,
    0xffff, 0xffff, 0xffff, 0xffff, 0xffff, 0xffff, 0xffff, 0xffff, 0xffff, 0xffff, 0xffff, 0xffff, 0xffff, 0xffff, 0xffff, 0xffff,
    0xffff, 0xffff, 0xffff, 0xffff, 0xffff, 0xffff, 0xffff, 0xffff, 0xffff, 0xffff, 0xffff, 0xffff, 0xffff, 0xffff, 0xffff, 0xffff,
    0xffff, 0xffff, 0xffff, 0xffff, 0xffff, 0xffff, 0xffff, 0xffff, 0xffff, 0xffff, 0xffff, 0xffff, 0xffff, 0xffff, 0xffff, 0xffff,
    0xffff, 0xffff, 0xffff, 0xffff, 0xffff, 0xffff, 0xffff, 0xffff, 0xffff, 0xffff, 0xffff, 0xffff, 0xffff, 0xffff, 0xffff, 0xffff,
    0xffff, 0xffff, 0xffff, 0xffff, 0xffff, 0xffff, 0xffff, 0xffff, 0xffff, 0xffff, 0xffff, 0xffff, 0xffff, 0xffff, 0xffff, 0xffff,
    0xffff, 0xffff, 0xffff, 0xffff, 0xffff, 0xffff, 0xffff, 0xffff, 0xffff, 0xffff, 0xffff, 0xffff, 0xffff, 0xffff, 0xffff, 0xffff,
    0xffff, 0xffff, 0xffff, 0xffff, 0xffff, 0xffff, 0xffff, 0xffff, 0xffff, 0xffff, 0xffff, 0xffff, 0xffff, 0xffff, 0xffff, 0xffff,
    0xffff, 0xffff, 0xffff, 0xffff, 0xffff, 0xffff, 0xffff, 0xffff, 0xffff, 0xffff, 0xffff, 0xffff, 0xffff, 0xffff, 0xffff, 0xffff,
    0xffff, 0xffff, 0xffff, 0xffff, 0xffff, 0xffff, 0xffff, 0xffff, 0xffff, 0xffff, 0xffff, 0xffff, 0xffff, 0xffff, 0xffff, 0xffff,
    0xffff, 0xffff, 0xffff, 0xffff, 0xffff, 0xffff, 0xffff, 0xffff, 0xffff, 0xffff, 0xffff, 0xffff, 0xffff, 0xffff, 0xffff, 0xffff,
    0xffff, 0xffff, 0xffff, 0xffff, 0xffff, 0xffff, 0xffff, 0xffff, 0xffff, 0xffff, 0xffff, 0xffff, 0xffff, 0xffff, 0xffff, 0xffff,
    0xffff, 0xffff, 0xffff, 0xffff, 0xffff, 0xffff, 0xffff, 0xffff, 0x8475, 0x006a, 0x3af2, 0xbe5b, 0xbe5a, 0x8d59, 0xf75a, 0xce79,
    0x74b8, 0x8cd6, 0xd5f5, 0xff57, 0xff57, 0xff58, 0xff57, 0xff78, 0xff9a, 0xff58, 0xff78, 0xff78, 0xff78, 0xff78, 0xff78, 0xff78,
    0xff78, 0xff78, 0xff78, 0xff78, 0xff78, 0xff78, 0xff78, 0xff58, 0xff58, 0xff58, 0xff78, 0xff57, 0xffbb, 0xffff, 0xffff, 0xffff,
    0xffff, 0xffff, 0xffff, 0xffff, 0xff9b, 0xff7a, 0xff9a, 0xff9a, 0xff9a, 0xff9b, 0xff9a, 0xffbc, 0xffff, 0xffff, 0xffff, 0xffff,
    0xffff, 0xffff, 0xffff, 0xffff, 0xffff, 0xffff, 0xffff, 0xffff, 0xffff, 0xffff, 0xffff, 0xffff, 0xffff, 0xffff, 0xffff, 0xffff,
    0xffff, 0xffff, 0xffff, 0xffff, 0xffff, 0xffff, 0xffff, 0xffff, 0xffff, 0xffff, 0xffff, 0xffff, 0xffff, 0xffff, 0xffff, 0xffff,
    0xffdc, 0xff79, 0xef19, 0xdeda, 0xd6ba, 0x7cf8, 0xd67a, 0xbe18, 0x3b96, 0x43b6, 0x00ac, 0x84b6, 0xffff, 0xffff, 0xffff, 0xffff,
    0xffff, 0xffff, 0xffff, 0xffff, 0xffff, 0xffff, 0xffff, 0xffff, 0xffff, 0xffff, 0xffff, 0xffff, 0xffff, 0xffff, 0xffff, 0xffff,
    0xffff, 0xffff, 0xffff, 0xffff, 0xffff, 0xffff, 0xffff, 0xffff, 0xffff, 0xffff, 0xffff, 0xffff, 0xffff, 0xffff, 0xffff, 0xffff,
    0xffff, 0xffff, 0xffff, 0xffff, 0xffff, 0xffff, 0xffff, 0xffff, 0xffff, 0xffff, 0xffff, 0xffff, 0xffff, 0xffff, 0xffff, 0xffff,
    0xffff, 0xffff, 0xffff, 0xffff, 0xffff, 0xffff, 0xffff, 0xffff, 0xffff, 0xffff, 0xffff, 0xffff, 0xffff, 0xffff, 0xffff, 0xffff,
    0xffff, 0xffff, 0xffff, 0xffff, 0xffff, 0xffff, 0xffff, 0xffff, 0xffff, 0xffff, 0xffff, 0xffff, 0xffff, 0xffff, 0xffff, 0xffff,
    0xffff, 0xffff, 0xffff, 0xffff, 0xffff, 0xffff, 0xffff, 0xffff, 0xffff, 0xffff, 0xffff, 0xffff, 0xffff, 0xffff, 0xffff, 0xffff,
    0xffff, 0xffff, 0xffff, 0xffff, 0xffff, 0xffff, 0xffff, 0xffff, 0xffff, 0xffff, 0xffff, 0xffff, 0xffff, 0xffff, 0xffff, 0xffff,
    0xffff, 0xffff, 0xffff, 0xffff, 0xffff, 0xffff, 0xffff, 0xffff, 0xffff, 0xffff, 0xffff, 0xffff, 0xffff, 0xffff, 0xffff, 0xffff,
    0xffff, 0xffff, 0xffff, 0xffff, 0xffff, 0xffff, 0xffff, 0xffff, 0xffff, 0xffff, 0xffff, 0xffff, 0xffff, 0xffff, 0xffff, 0xffff,
    0xffff, 0xffff, 0xffff, 0xffff, 0xffff, 0xffff, 0xffff, 0xffff, 0xffff, 0xffff, 0xffff, 0xffff, 0xffff, 0xffff, 0xffff, 0xffff,
    0xffff, 0xffff, 0xffff, 0xffff, 0xffff, 0xffff, 0xffff, 0xffff, 0xffff, 0xffff, 0xffff, 0xffff, 0xffff, 0xffff, 0xffff, 0xffff,
    0xffff, 0xffff, 0xffff, 0xffff, 0xffff, 0xffff, 0xffff, 0xffff, 0xffff, 0xffff, 0xffff, 0xffff, 0xffff, 0xffff, 0xffff, 0xffff,
    0xffff, 0xffff, 0xffff, 0xffff, 0xffff, 0xffff, 0xffff, 0xffff, 0xffff, 0xffff, 0xffff, 0xffff, 0xffff, 0xffff, 0xffff, 0xffff,
    0xffff, 0xffff, 0xffff, 0xffff, 0xffff, 0xffff, 0xffff, 0xffff, 0xffdf, 0x63d3, 0x2210, 0xc67b, 0xd69a, 0xef5a, 0x9d79, 0x7cb9,
    0x8d59, 0xb534, 0xfe10, 0xff36, 0xff58, 0xff57, 0xff77, 0xff58, 0xff57, 0xff58, 0xff78, 0xff78, 0xff78, 0xff78, 0xff78, 0xff78,
    0xff78, 0xff78, 0xff78, 0xff78, 0xff78, 0xff78, 0xff78, 0xff58, 0xff58, 0xff57, 0xff9a, 0xffbb, 0xff58, 0xff79, 0xffbc, 0xff9a,
    0xff9a, 0xff99, 0xff58, 0xff37, 0xff15, 0xfef5, 0xff15, 0xff15, 0xff15, 0xff15, 0xff15, 0xff37, 0xffbc, 0xff59, 0xffbc, 0xffdd,
    0xffdd, 0xfffe, 0xffff, 0xffff, 0xffff, 0xffff, 0xffff, 0xffff, 0xffff, 0xffff, 0xffff, 0xffff, 0xffff, 0xffff, 0xffff, 0xffff,
    0xffff, 0xffff, 0xffff, 0xffff, 0xffff, 0xffff, 0xffff, 0xffff, 0xffff, 0xffff, 0xffff, 0xffff, 0xffff, 0xffff, 0xffff, 0xffff,
    0xffff, 0xff79, 0xff59, 0xbe3a, 0xb619, 0xbe1a, 0x9d99, 0xc67a, 0x6478, 0x09f0, 0x4b52, 0xbe3a, 0xffff, 0xffff, 0xffff, 0xffff,
    0xffff, 0xffff, 0xffff, 0xffff, 0xffff, 0xffff, 0xffff, 0xffff, 0xffff, 0xffff, 0xffff, 0xffff, 0xffff, 0xffff, 0xffff, 0xffff,
    0xffff, 0xffff, 0xffff, 0xffff, 0xffff, 0xffff, 0xffff, 0xffff, 0xffff, 0xffff, 0xffff, 0xffff, 0xffff, 0xffff, 0xffff, 0xffff,
    0xffff, 0xffff, 0xffff, 0xffff, 0xffff, 0xffff, 0xffff, 0xffff, 0xffff, 0xffff, 0xffff, 0xffff, 0xffff, 0xffff, 0xffff, 0xffff,
    0xffff, 0xffff, 0xffff, 0xffff, 0xffff, 0xffff, 0xffff, 0xffff, 0xffff, 0xffff, 0xffff, 0xffff, 0xffff, 0xffff, 0xffff, 0xffff,
    0xffff, 0xffff, 0xffff, 0xffff, 0xffff, 0xffff, 0xffff, 0xffff, 0xffff, 0xffff, 0xffff, 0xffff, 0xffff, 0xffff, 0xffff, 0xffff,
    0xffff, 0xffff, 0xffff, 0xffff, 0xffff, 0xffff, 0xffff, 0xffff, 0xffff, 0xffff, 0xffff, 0xffff, 0xffff, 0xffff, 0xffff, 0xffff,
    0xffff, 0xffff, 0xffff, 0xffff, 0xffff, 0xffff, 0xffff, 0xffff, 0xffff, 0xffff, 0xffff, 0xffff, 0xffff, 0xffff, 0xffff, 0xffff,
    0xffff, 0xffff, 0xffff, 0xffff, 0xffff, 0xffff, 0xffff, 0xffff, 0xffff, 0xffff, 0xffff, 0xffff, 0xffff, 0xffff, 0xffff, 0xffff,
    0xffff, 0xffff, 0xffff, 0xffff, 0xffff, 0xffff, 0xffff, 0xffff, 0xffff, 0xffff, 0xffff, 0xffff, 0xffff, 0xffff, 0xffff, 0xffff,
    0xffff, 0xffff, 0xffff, 0xffff, 0xffff, 0xffff, 0xffff, 0xffff, 0xffff, 0xffff, 0xffff, 0xffff, 0xffff, 0xffff, 0xffff, 0xffff,
    0xffff, 0xffff, 0xffff, 0xffff, 0xffff, 0xffff, 0xffff, 0xffff, 0xffff, 0xffff, 0xffff, 0xffff, 0xffff, 0xffff, 0xffff, 0xffff,
    0xffff, 0xffff, 0xffff, 0xffff, 0xffff, 0xffff, 0xffff, 0xffff, 0xffff, 0xffff, 0xffff, 0xffff, 0xffff, 0xffff, 0xffff, 0xffff,
    0xffff, 0xffff, 0xffff, 0xffff, 0xffff, 0xffff, 0xffff, 0xffff, 0xffff, 0xffff, 0xffff, 0xffff, 0xffff, 0xffff, 0xffff, 0xffff,
    0xffff, 0xffff, 0xffff, 0xffff, 0xffff, 0xffff, 0xffff, 0xffff, 0xffff, 0x7434, 0x19ef, 0xf79b, 0xeefa, 0xadd9, 0x8519, 0xc639,
    0xfe73, 0xedf2, 0xfe94, 0xfef5, 0xff36, 0xff57, 0xff58, 0xff57, 0xff58, 0xff78, 0xff78, 0xff78, 0xff78, 0xff78, 0xff78, 0xff78,
    0xff78, 0xff78, 0xff98, 0xff78, 0xff57, 0xff57, 0xff57, 0xff57, 0xff57, 0xff57, 0xff79, 0xff9a, 0xff59, 0xff58, 0xff9a, 0xff79,
    0xff7a, 0xff99, 0xff79, 0xff79, 0xff79, 0xff79, 0xff79, 0xff78, 0xff58, 0xff37, 0xff37, 0xff17, 0xff17, 0xff17, 0xff17, 0xff17,
    0xff38, 0xff58, 0xff7a, 0xffbd, 0xffdd, 0xffbd, 0xffdd, 0xffdd, 0xffbd, 0xffdd, 0xffdd, 0xffde, 0xffff, 0xffff, 0xffff, 0xffff,
    0xffff, 0xffff, 0xffff, 0xffff, 0xffff, 0xffff, 0xffff, 0xffff, 0xffff, 0xffff, 0xffff, 0xffff, 0xffff, 0xffff, 0xffff, 0xffff,
    0xff79, 0xff57, 0xff79, 0xfffc, 0x9d79, 0xb61a, 0xa5b9, 0x7cf8, 0x74d9, 0x016e, 0xd6dc, 0xffff, 0xffff, 0xffff, 0xffff, 0xffff,
    0xffff, 0xffff, 0xffff, 0xffff, 0xffff, 0xffff, 0xffff, 0xffff, 0xffff, 0xffff, 0xffff, 0xffff, 0xffff, 0xffff, 0xffff, 0xffff,
    0xffff, 0xffff, 0xffff, 0xffff, 0xffff, 0xffff, 0xffff, 0xffff, 0xffff, 0xffff, 0xffff, 0xffff, 0xffff, 0xffff, 0xffff, 0xffff,
    0xffff, 0xffff, 0xffff, 0xffff, 0xffff, 0xffff, 0xffff, 0xffff, 0xffff, 0xffff, 0xffff, 0xffff, 0xffff, 0xffff, 0xffff, 0xffff,
    0xffff, 0xffff, 0xffff, 0xffff, 0xffff, 0xffff, 0xffff, 0xffff, 0xffff, 0xffff, 0xffff, 0xffff, 0xffff, 0xffff, 0xffff, 0xffff,
    0xffff, 0xffff, 0xffff, 0xffff, 0xffff, 0xffff, 0xffff, 0xffff, 0xffff, 0xffff, 0xffff, 0xffff, 0xffff, 0xffff, 0xffff, 0xffff,
    0xffff, 0xffff, 0xffff, 0xffff, 0xffff, 0xffff, 0xffff, 0xffff, 0xffff, 0xffff, 0xffff, 0xffff, 0xffff, 0xffff, 0xffff, 0xffff,
    0xffff, 0xffff, 0xffff, 0xffff, 0xffff, 0xffff, 0xffff, 0xffff, 0xffff, 0xffff, 0xffff, 0xffff, 0xffff, 0xffff, 0xffff, 0xffff,
    0xffff, 0xffff, 0xffff, 0xffff, 0xffff, 0xffff, 0xffff, 0xffff, 0xffff, 0xffff, 0xffff, 0xffff, 0xffff, 0xffff, 0xffff, 0xffff,
    0xffff, 0xffff, 0xffff, 0xffff, 0xffff, 0xffff, 0xffff, 0xffff, 0xffff, 0xffff, 0xffff, 0xffff, 0xffff, 0xffff, 0xffff, 0xffff,
    0xffff, 0xffff, 0xffff, 0xffff, 0xffff, 0xffff, 0xffff, 0xffff, 0xffff, 0xffff, 0xffff, 0xffff, 0xffff, 0xffff, 0xffff, 0xffff,
    0xffff, 0xffff, 0xffff, 0xffff, 0xffff, 0xffff, 0xffff, 0xffff, 0xffff, 0xffff, 0xffff, 0xffff, 0xffff, 0xffff, 0xffff, 0xffff,
    0xffff, 0xffff, 0xffff, 0xffff, 0xffff, 0xffff, 0xffff, 0xffff, 0xffff, 0xffff, 0xffff, 0xffff, 0xffff, 0xffff, 0xffff, 0xffff,
    0xffff, 0xffff, 0xffff, 0xffff, 0xffff, 0xffff, 0xffff, 0xffff, 0xffff, 0xffff, 0xffff, 0xffff, 0xffff, 0xffff, 0xffff, 0xffff,
    0xffff, 0xffff, 0xffff, 0xffff, 0xffff, 0xffff, 0xffff, 0xffff, 0xffff, 0x6bf4, 0x2a4f, 0xef3b, 0xce9a, 0xa579, 0xeefa, 0xef3a,
    0xcdb5, 0xd5f5, 0xf6b5, 0xfe92, 0xfe93, 0xff57, 0xff77, 0xff57, 0xff58, 0xff78, 0xff78, 0xff78, 0xff78, 0xff58, 0xff58, 0xff58,
    0xff78, 0xff36, 0xfef5, 0xff37, 0xff99, 0xff79, 0xff9a, 0xff9a, 0xffbc, 0xffdd, 0xffde, 0xffff, 0xffff, 0xffff, 0xffff, 0xffff,
    0xffff, 0xffff, 0xffff, 0xffff, 0xffff, 0xffff, 0xffff, 0xffff, 0xffff, 0xffff, 0xfffe, 0xffff, 0xfffe, 0xffff, 0xffff, 0xffff,
    0xffdd, 0xff78, 0xff78, 0xff37, 0xff37, 0xff37, 0xff37, 0xff37, 0xff37, 0xff37, 0xff16, 0xff7a, 0xffff, 0xfffe, 0xffde, 0xfffe,
    0xfffe, 0xfffe, 0xffff, 0xffff, 0xffff, 0xffff, 0xffff, 0xffff, 0xffff, 0xffff, 0xffff, 0xffff, 0xffff, 0xffff, 0xffff, 0xfffe,
    0xff79, 0xff77, 0xfef5, 0xd698, 0xf77c, 0xa5d9, 0xbe39, 0x9d98, 0x3b96, 0x018e, 0xc65b, 0xffff, 0xffff, 0xffff, 0xffff, 0xffff,
    0xffff, 0xffff, 0xffff, 0xffff, 0xffff, 0xffff, 0xffff, 0xffff, 0xffff, 0xffff, 0xffff, 0xffff, 0xffff, 0xffff, 0xffff, 0xffff,
    0xffff, 0xffff, 0xffff, 0xffff, 0xffff, 0xffff, 0xffff, 0xffff, 0xffff, 0xffff, 0xffff, 0xffff, 0xffff, 0xffff, 0xffff, 0xffff,
    0xffff, 0xffff, 0xffff, 0xffff, 0xffff, 0xffff, 0xffff, 0xffff, 0xffff, 0xffff, 0xffff, 0xffff, 0xffff, 0xffff, 0xffff, 0xffff,
    0xffff, 0xffff, 0xffff, 0xffff, 0xffff, 0xffff, 0xffff, 0xffff, 0xffff, 0xffff, 0xffff, 0xffff, 0xffff, 0xffff, 0xffff, 0xffff,
    0xffff, 0xffff, 0xffff, 0xffff, 0xffff, 0xffff, 0xffff, 0xffff, 0xffff, 0xffff, 0xffff, 0xffff, 0xffff, 0xffff, 0xffff, 0xffff,
    0xffff, 0xffff, 0xffff, 0xffff, 0xffff, 0xffff, 0xffff, 0xffff, 0xffff, 0xffff, 0xffff, 0xffff, 0xffff, 0xffff, 0xffff, 0xffff,
    0xffff, 0xffff, 0xffff, 0xffff, 0xffff, 0xffff, 0xffff, 0xffff, 0xffff, 0xffff, 0xffff, 0xffff, 0xffff, 0xffff, 0xffff, 0xffff,
    0xffff, 0xffff, 0xffff, 0xffff, 0xffff, 0xffff, 0xffff, 0xffff, 0xffff, 0xffff, 0xffff, 0xffff, 0xffff, 0xffff, 0xffff, 0xffff,
    0xffff, 0xffff, 0xffff, 0xffff, 0xffff, 0xffff, 0xffff, 0xffff, 0xffff, 0xffff, 0xffff, 0xffff, 0xffff, 0xffff, 0xffff, 0xffff,
    0xffff, 0xffff, 0xffff, 0xffff, 0xffff, 0xffff, 0xffff, 0xffff, 0xffff, 0xffff, 0xffff, 0xffff, 0xffff, 0xffff, 0xffff, 0xffff,
    0xffff, 0xffff, 0xffff, 0xffff, 0xffff, 0xffff, 0xffff, 0xffff, 0xffff, 0xffff, 0xffff, 0xffff, 0xffff, 0xffff, 0xffff, 0xffff,
    0xffff, 0xffff, 0xffff, 0xffff, 0xffff, 0xffff, 0xffff, 0xffff, 0xffff, 0xffff, 0xffff, 0xffff, 0xffff, 0xffff, 0xffff, 0xffff,
    0xffff, 0xffff, 0xffff, 0xffff, 0xffff, 0xffff, 0xffff, 0xffff, 0xffff, 0xffff, 0xffff, 0xffff, 0xffff, 0xffff, 0xffff, 0xffff,
    0xffff, 0xffff, 0xffff, 0xffff, 0xffff, 0xffff, 0xffff, 0xffff, 0xffff, 0x6c14, 0x2a71, 0x64b9, 0x5417, 0xf77b, 0xce58, 0xc617,
    0xc638, 0x84d8, 0xc5b6, 0xfeb3, 0xff57, 0xff78, 0xff57, 0xff58, 0xff58, 0xff58, 0xff78, 0xff78, 0xff78, 0xff58, 0xff58, 0xff58,
    0xff78, 0xff16, 0xfef5, 0xff7a, 0xfffd, 0xfffe, 0xffff, 0xffff, 0xffff, 0xffff, 0xffff, 0xffff, 0xffff, 0xffff, 0xffff, 0xffff,
    0xffff, 0xffff, 0xffff, 0xffff, 0xffff, 0xffff, 0xffff, 0xffff, 0xffff, 0xffde, 0xffff, 0xffff, 0xffff, 0xffff, 0xffff, 0xffff,
    0xffff, 0xffff, 0xffff, 0xffff, 0xffff, 0xffff, 0xffff, 0xffff, 0xffff, 0xffff, 0xffff, 0xffff, 0xffff, 0xff9b, 0xff78, 0xff79,
    0xff79, 0xff9a, 0xfffe, 0xffff, 0xffff, 0xffff, 0xffff, 0xffff, 0xffff, 0xffff, 0xffff, 0xffff, 0xffff, 0xffff, 0xffff, 0xffff,
    0xff79, 0xff78, 0xff59, 0xe6f9, 0xd678, 0xef1a, 0xb5fa, 0x8519, 0x74d8, 0x014d, 0xbe5a, 0xffff, 0xffff, 0xffff, 0xffff, 0xffff,
    0xffff, 0xffff, 0xffff, 0xffff, 0xffff, 0xffff, 0xffff, 0xffff, 0xffff, 0xffff, 0xffff, 0xffff, 0xffff, 0xffff, 0xffff, 0xffff,
    0xffff, 0xffff, 0xffff, 0xffff, 0xffff, 0xffff, 0xffff, 0xffff, 0xffff, 0xffff, 0xffff, 0xffff, 0xffff, 0xffff, 0xffff, 0xffff,
    0xffff, 0xffff, 0xffff, 0xffff, 0xffff, 0xffff, 0xffff, 0xffff, 0xffff, 0xffff, 0xffff, 0xffff, 0xffff, 0xffff, 0xffff, 0xffff,
    0xffff, 0xffff, 0xffff, 0xffff, 0xffff, 0xffff, 0xffff, 0xffff, 0xffff, 0xffff, 0xffff, 0xffff, 0xffff, 0xffff, 0xffff, 0xffff,
    0xffff, 0xffff, 0xffff, 0xffff, 0xffff, 0xffff, 0xffff, 0xffff, 0xffff, 0xffff, 0xffff, 0xffff, 0xffff, 0xffff, 0xffff, 0xffff,
    0xffff, 0xffff, 0xffff, 0xffff, 0xffff, 0xffff, 0xffff, 0xffff, 0xffff, 0xffff, 0xffff, 0xffff, 0xffff, 0xffff, 0xffff, 0xffff,
    0xffff, 0xffff, 0xffff, 0xffff, 0xffff, 0xffff, 0xffff, 0xffff, 0xffff, 0xffff, 0xffff, 0xffff, 0xffff, 0xffff, 0xffff, 0xffff,
    0xffff, 0xffff, 0xffff, 0xffff, 0xffff, 0xffff, 0xffff, 0xffff, 0xffff, 0xffff, 0xffff, 0xffff, 0xffff, 0xffff, 0xffff, 0xffff,
    0xffff, 0xffff, 0xffff, 0xffff, 0xffff, 0xffff, 0xffff, 0xffff, 0xffff, 0xffff, 0xffff, 0xffff, 0xffff, 0xffff, 0xffff, 0xffff,
    0xffff, 0xffff, 0xffff, 0xffff, 0xffff, 0xffff, 0xffff, 0xffff, 0xffff, 0xffff, 0xffff, 0xffff, 0xffff, 0xffff, 0xffff, 0xffff,
    0xffff, 0xffff, 0xffff, 0xffff, 0xffff, 0xffff, 0xffff, 0xffff, 0xffff, 0xffff, 0xffff, 0xffff, 0xffff, 0xffff, 0xffff, 0xffff,
    0xffff, 0xffff, 0xffff, 0xffff, 0xffff, 0xffff, 0xffff, 0xffff, 0xffff, 0xffff, 0xffff, 0xffff, 0xffff, 0xffff, 0xffff, 0xffff,
    0xffff, 0xffff, 0xffff, 0xffff, 0xffff, 0xffff, 0xffff, 0xffff, 0xffff, 0xffff, 0xffff, 0xffff, 0xffff, 0xffff, 0xffff, 0xffff,
    0xffff, 0xffff, 0xffff, 0xffff, 0xffff, 0xffff, 0xffff, 0xffff, 0xffff, 0x7474, 0x090c, 0x9557, 0xd6b8, 0xef19, 0x9d99, 0x8d7a,
    0x8d18, 0xad77, 0xd5f5, 0xfe51, 0xff16, 0xff78, 0xff58, 0xff58, 0xff78, 0xff78, 0xff78, 0xff78, 0xff78, 0xff58, 0xff58, 0xff78,
    0xff58, 0xff58, 0xff78, 0xff78, 0xff58, 0xffdc, 0xffff, 0xffff, 0xffff, 0xffff, 0xffff, 0xffff, 0xffff, 0xffff, 0xffff, 0xffff,
    0xffff, 0xffff, 0xffff, 0xffff, 0xffff, 0xffff, 0xffff, 0xffff, 0xffff, 0xffbc, 0xffbc, 0xffff, 0xffff, 0xffff, 0xffff, 0xffff,
    0xffff, 0xffff, 0xffff, 0xffff, 0xffff, 0xffff, 0xffff, 0xffff, 0xffff, 0xffff, 0xffff, 0xffff, 0xffff, 0xffff, 0xffff, 0xffff,
    0xffff, 0xffff, 0xffff, 0xffff, 0xffff, 0xffff, 0xffff, 0xffff, 0xffff, 0xffff, 0xffff, 0xffff, 0xffff, 0xffff, 0xffff, 0xfffe,
    0xff78, 0xff57, 0xff79, 0xff9a, 0xffdb, 0xf75b, 0x8d59, 0xb65b, 0xa5d9, 0x012d, 0xc65b, 0xffff, 0xffff, 0xffff, 0xffff, 0xffff,
    0xffff, 0xffff, 0xffff, 0xffff, 0xffff, 0xffff, 0xffff, 0xffff, 0xffff, 0xffff, 0xffff, 0xffff, 0xffff, 0xffff, 0xffff, 0xffff,
    0xffff, 0xffff, 0xffff, 0xffff, 0xffff, 0xffff, 0xffff, 0xffff, 0xffff, 0xffff, 0xffff, 0xffff, 0xffff, 0xffff, 0xffff, 0xffff,
    0xffff, 0xffff, 0xffff, 0xffff, 0xffff, 0xffff, 0xffff, 0xffff, 0xffff, 0xffff, 0xffff, 0xffff, 0xffff, 0xffff, 0xffff, 0xffff,
    0xffff, 0xffff, 0xffff, 0xffff, 0xffff, 0xffff, 0xffff, 0xffff, 0xffff, 0xffff, 0xffff, 0xffff, 0xffff, 0xffff, 0xffff, 0xffff,
    0xffff, 0xffff, 0xffff, 0xffff, 0xffff, 0xffff, 0xffff, 0xffff, 0xffff, 0xffff, 0xffff, 0xffff, 0xffff, 0xffff, 0xffff, 0xffff,
    0xffff, 0xffff, 0xffff, 0xffff, 0xffff, 0xffff, 0xffff, 0xffff, 0xffff, 0xffff, 0xffff, 0xffff, 0xffff, 0xffff, 0xffff, 0xffff,
    0xffff, 0xffff, 0xffff, 0xffff, 0xffff, 0xffff, 0xffff, 0xffff, 0xffff, 0xffff, 0xffff, 0xffff, 0xffff, 0xffff, 0xffff, 0xffff,
    0xffff, 0xffff, 0xffff, 0xffff, 0xffff, 0xffff, 0xffff, 0xffff, 0xffff, 0xffff, 0xffff, 0xffff, 0xffff, 0xffff, 0xffff, 0xffff,
    0xffff, 0xffff, 0xffff, 0xffff, 0xffff, 0xffff, 0xffff, 0xffff, 0xffff, 0xffff, 0xffff, 0xffff, 0xffff, 0xffff, 0xffff, 0xffff,
    0xffff, 0xffff, 0xffff, 0xffff, 0xffff, 0xffff, 0xffff, 0xffff, 0xffff, 0xffff, 0xffff, 0xffff, 0xffff, 0xffff, 0xffff, 0xffff,
    0xffff, 0xffff, 0xffff, 0xffff, 0xffff, 0xffff, 0xffff, 0xffff, 0xffff, 0xffff, 0xffff, 0xffff, 0xffff, 0xffff, 0xffff, 0xffff,
    0xffff, 0xffff, 0xffff, 0xffff, 0xffff, 0xffff, 0xffff, 0xffff, 0xffff, 0xffff, 0xffff, 0xffff, 0xffff, 0xffff, 0xffff, 0xffff,
    0xffff, 0xffff, 0xffff, 0xffff, 0xffff, 0xffff, 0xffff, 0xffff, 0xffff, 0xffff, 0xffff, 0xffff, 0xffff, 0xffff, 0xffff, 0xffff,
    0xffff, 0xffff, 0xffff, 0xffff, 0xffff, 0xffff, 0xffff, 0xffff, 0xffff, 0x7c95, 0x008a, 0xbdb6, 0xff79, 0x9d58, 0xa5ba, 0x8d39,
    0xe6f8, 0xde35, 0xce37, 0xf6f7, 0xff58, 0xff57, 0xff58, 0xff58, 0xff78, 0xff78, 0xff78, 0xff78, 0xff78, 0xff58, 0xff58, 0xff58,
    0xff58, 0xff57, 0xff57, 0xff57, 0xff58, 0xff79, 0xff79, 0xffde, 0xffff, 0xffff, 0xffff, 0xffff, 0xffff, 0xffff, 0xffff, 0xffff,
    0xffff, 0xffff, 0xfffe, 0xfffe, 0xfffe, 0xfffe, 0xffff, 0xffff, 0xffff, 0xffff, 0xffbb, 0xffdd, 0xffff, 0xffff, 0xffff, 0xffff,
    0xffff, 0xffff, 0xffff, 0xffff, 0xffff, 0xffff, 0xffff, 0xffff, 0xffff, 0xffff, 0xffff, 0xffff, 0xffff, 0xffff, 0xffff, 0xffff,
    0xffff, 0xffff, 0xffff, 0xffff, 0xffff, 0xffff, 0xffff, 0xffff, 0xffff, 0xffff, 0xffff, 0xffff, 0xffff, 0xffff, 0xffff, 0xffff,
    0xffbb, 0xff37, 0xff36, 0xef1b, 0xbe5b, 0xef3a, 0xe6b9, 0xa5da, 0x6478, 0x014d, 0xc65b, 0xffff, 0xffff, 0xffff, 0xffff, 0xffff,
    0xffff, 0xffff, 0xffff, 0xffff, 0xffff, 0xffff, 0xffff, 0xffff, 0xffff, 0xffff, 0xffff, 0xffff, 0xffff, 0xffff, 0xffff, 0xffff,
    0xffff, 0xffff, 0xffff, 0xffff, 0xffff, 0xffff, 0xffff, 0xffff, 0xffff, 0xffff, 0xffff, 0xffff, 0xffff, 0xffff, 0xffff, 0xffff,
    0xffff, 0xffff, 0xffff, 0xffff, 0xffff, 0xffff, 0xffff, 0xffff, 0xffff, 0xffff, 0xffff, 0xffff, 0xffff, 0xffff, 0xffff, 0xffff,
    0xffff, 0xffff, 0xffff, 0xffff, 0xffff, 0xffff, 0xffff, 0xffff, 0xffff, 0xffff, 0xffff, 0xffff, 0xffff, 0xffff, 0xffff, 0xffff,
    0xffff, 0xffff, 0xffff, 0xffff, 0xffff, 0xffff, 0xffff, 0xffff, 0xffff, 0xffff, 0xffff, 0xffff, 0xffff, 0xffff, 0xffff, 0xffff,
    0xffff, 0xffff, 0xffff, 0xffff, 0xffff, 0xffff, 0xffff, 0xffff, 0xffff, 0xffff, 0xffff, 0xffff, 0xffff, 0xffff, 0xffff, 0xffff,
    0xffff, 0xffff, 0xffff, 0xffff, 0xffff, 0xffff, 0xffff, 0xffff, 0xffff, 0xffff, 0xffff, 0xffff, 0xffff, 0xffff, 0xffff, 0xffff,
    0xffff, 0xffff, 0xffff, 0xffff, 0xffff, 0xffff, 0xffff, 0xffff, 0xffff, 0xffff, 0xffff, 0xffff, 0xffff, 0xffff, 0xffff, 0xffff,
    0xffff, 0xffff, 0xffff, 0xffff, 0xffff, 0xffff, 0xffff, 0xffff, 0xffff, 0xffff, 0xffff, 0xffff, 0xffff, 0xffff, 0xffff, 0xffff,
    0xffff, 0xffff, 0xffff, 0xffff, 0xffff, 0xffff, 0xffff, 0xffff, 0xffff, 0xffff, 0xffff, 0xffff, 0xffff, 0xffff, 0xffff, 0xffff,
    0xffff, 0xffff, 0xffff, 0xffff, 0xffff, 0xffff, 0xffff, 0xffff, 0xffff, 0xffff, 0xffff, 0xffff, 0xffff, 0xffff, 0xffff, 0xffff,
    0xffff, 0xffff, 0xffff, 0xffff, 0xffff, 0xffff, 0xffff, 0xffff, 0xffff, 0xffff, 0xffff, 0xffff, 0xffff, 0xffff, 0xffff, 0xffff,
    0xffff, 0xffff, 0xffff, 0xffff, 0xffff, 0xffff, 0xffff, 0xffff, 0xffff, 0xffff, 0xffff, 0xffff, 0xffff, 0xffff, 0xffff, 0xffff,
    0xffff, 0xffff, 0xffff, 0xffff, 0xffff, 0xffff, 0xffff, 0xffff, 0xffff, 0x7435, 0x098e, 0xc65b, 0xa5ba, 0xadb9, 0xeef9, 0xe6f9,
    0xce57, 0xde35, 0xeed6, 0xff36, 0xff58, 0xff57, 0xff58, 0xff58, 0xff58, 0xff78, 0xff78, 0xff78, 0xff58, 0xff78, 0xff78, 0xff58,
    0xff58, 0xff78, 0xff58, 0xff58, 0xff58, 0xff57, 0xff58, 0xff79, 0xfffe, 0xffff, 0xffff, 0xffff, 0xffff, 0xffff, 0xffff, 0xffff,
    0xffff, 0xffdd, 0xff79, 0xff9a, 0xff9a, 0xff9a, 0xff9a, 0xff9a, 0xffbc, 0xfffe, 0xff78, 0xff79, 0xfffe, 0xffff, 0xffff, 0xffff,
    0xffff, 0xffff, 0xffff, 0xffff, 0xffff, 0xffff, 0xffff, 0xffff, 0xffff, 0xffff, 0xffff, 0xffff, 0xffff, 0xffff, 0xffff, 0xffff,
    0xffff, 0xffff, 0xffff, 0xffff, 0xffff, 0xffff, 0xffff, 0xffff, 0xffff, 0xffff, 0xffff, 0xffff, 0xffff, 0xffff, 0xffff, 0xffff,
    0xffdc, 0xff7a, 0xff57, 0xce38, 0x9559, 0xde99, 0xff59, 0xdefa, 0x6cb8, 0x014d, 0xc65b, 0xffff, 0xffff, 0xffff, 0xffff, 0xffff,
    0xffff, 0xffff, 0xffff, 0xffff, 0xffff, 0xffff, 0xffff, 0xffff, 0xffff, 0xffff, 0xffff, 0xffff, 0xffff, 0xffff, 0xffff, 0xffff,
    0xffff, 0xffff, 0xffff, 0xffff, 0xffff, 0xffff, 0xffff, 0xffff, 0xffff, 0xffff, 0xffff, 0xffff, 0xffff, 0xffff, 0xffff, 0xffff,
    0xffff, 0xffff, 0xffff, 0xffff, 0xffff, 0xffff, 0xffff, 0xffff, 0xffff, 0xffff, 0xffff, 0xffff, 0xffff, 0xffff, 0xffff, 0xffff,
    0xffff, 0xffff, 0xffff, 0xffff, 0xffff, 0xffff, 0xffff, 0xffff, 0xffff, 0xffff, 0xffff, 0xffff, 0xffff, 0xffff, 0xffff, 0xffff,
    0xffff, 0xffff, 0xffff, 0xffff, 0xffff, 0xffff, 0xffff, 0xffff, 0xffff, 0xffff, 0xffff, 0xffff, 0xffff, 0xffff, 0xffff, 0xffff,
    0xffff, 0xffff, 0xffff, 0xffff, 0xffff, 0xffff, 0xffff, 0xffff, 0xffff, 0xffff, 0xffff, 0xffff, 0xffff, 0xffff, 0xffff, 0xffff,
    0xffff, 0xffff, 0xffff, 0xffff, 0xffff, 0xffff, 0xffff, 0xffff, 0xffff, 0xffff, 0xffff, 0xffff, 0xffff, 0xffff, 0xffff, 0xffff,
    0xffff, 0xffff, 0xffff, 0xffff, 0xffff, 0xffff, 0xffff, 0xffff, 0xffff, 0xffff, 0xffff, 0xffff, 0xffff, 0xffff, 0xffff, 0xffff,
    0xffff, 0xffff, 0xffff, 0xffff, 0xffff, 0xffff, 0xffff, 0xffff, 0xffff, 0xffff, 0xffff, 0xffff, 0xffff, 0xffff, 0xffff, 0xffff,
    0xffff, 0xffff, 0xffff, 0xffff, 0xffff, 0xffff, 0xffff, 0xffff, 0xffff, 0xffff, 0xffff, 0xffff, 0xffff, 0xffff, 0xffff, 0xffff,
    0xffff, 0xffff, 0xffff, 0xffff, 0xffff, 0xffff, 0xffff, 0xffff, 0xffff, 0xffff, 0xffff, 0xffff, 0xffff, 0xffff, 0xffff, 0xffff,
    0xffff, 0xffff, 0xffff, 0xffff, 0xffff, 0xffff, 0xffff, 0xffff, 0xffff, 0xffff, 0xffff, 0xffff, 0xffff, 0xffff, 0xffff, 0xffff,
    0xffff, 0xffff, 0xffff, 0xffff, 0xffff, 0xffff, 0xffff, 0xffff, 0xffff, 0xffff, 0xffff, 0xffff, 0xffff, 0xffff, 0xffff, 0xffff,
    0xffff, 0xffff, 0xffff, 0xffff, 0xffff, 0xffff, 0xffff, 0xffff, 0xffff, 0x63f3, 0x22b2, 0xb65c, 0xce9b, 0xf77a, 0xdeb8, 0x8d38,
    0x7cd9, 0xddf3, 0xfed3, 0xff16, 0xff57, 0xff58, 0xff58, 0xff58, 0xff78, 0xff78, 0xff58, 0xff58, 0xff58, 0xff78, 0xff78, 0xff78,
    0xff78, 0xff78, 0xff58, 0xff58, 0xff58, 0xff58, 0xff58, 0xff58, 0xff99, 0xffde, 0xffff, 0xffff, 0xffff, 0xffff, 0xffff, 0xffff,
    0xffff, 0xffff, 0xfffe, 0xffff, 0xffff, 0xffff, 0xfffe, 0xffff, 0xffff, 0xffbc, 0xffbb, 0xffbb, 0xff79, 0xff79, 0xff78, 0xff79,
    0xffbc, 0xffff, 0xffff, 0xffff, 0xffff, 0xffff, 0xffff, 0xffff, 0xffff, 0xffff, 0xffff, 0xffff, 0xffff, 0xffff, 0xffff, 0xffff,
    0xffff, 0xffff, 0xffff, 0xffff, 0xffff, 0xffff, 0xffff, 0xffff, 0xffff, 0xffff, 0xffff, 0xffff, 0xffff, 0xffff, 0xffff, 0xfffe,
    0xff79, 0xff98, 0xff79, 0xff56, 0xfed5, 0x8cf8, 0x8539, 0xe6fa, 0xa5b9, 0x098d, 0xbe3a, 0xffff, 0xffff, 0xffff, 0xffff, 0xffff,
    0xffff, 0xffff, 0xffff, 0xffff, 0xffff, 0xffff, 0xffff, 0xffff, 0xffff, 0xffff, 0xffff, 0xffff, 0xffff, 0xffff, 0xffff, 0xffff,
    0xffff, 0xffff, 0xffff, 0xffff, 0xffff, 0xffff, 0xffff, 0xffff, 0xffff, 0xffff, 0xffff, 0xffff, 0xffff, 0xffff, 0xffff, 0xffff,
    0xffff, 0xffff, 0xffff, 0xffff, 0xffff, 0xffff, 0xffff, 0xffff, 0xffff, 0xffff, 0xffff, 0xffff, 0xffff, 0xffff, 0xffff, 0xffff,
    0xffff, 0xffff, 0xffff, 0xffff, 0xffff, 0xffff, 0xffff, 0xffff, 0xffff, 0xffff, 0xffff, 0xffff, 0xffff, 0xffff, 0xffff, 0xffff,
    0xffff, 0xffff, 0xffff, 0xffff, 0xffff, 0xffff, 0xffff, 0xffff, 0xffff, 0xffff, 0xffff, 0xffff, 0xffff, 0xffff, 0xffff, 0xffff,
    0xffff, 0xffff, 0xffff, 0xffff, 0xffff, 0xffff, 0xffff, 0xffff, 0xffff, 0xffff, 0xffff, 0xffff, 0xffff, 0xffff, 0xffff, 0xffff,
    0xffff, 0xffff, 0xffff, 0xffff, 0xffff, 0xffff, 0xffff, 0xffff, 0xffff, 0xffff, 0xffff, 0xffff, 0xffff, 0xffff, 0xffff, 0xffff,
    0xffff, 0xffff, 0xffff, 0xffff, 0xffff, 0xffff, 0xffff, 0xffff, 0xffff, 0xffff, 0xffff, 0xffff, 0xffff, 0xffff, 0xffff, 0xffff,
    0xffff, 0xffff, 0xffff, 0xffff, 0xffff, 0xffff, 0xffff, 0xffff, 0xffff, 0xffff, 0xffff, 0xffff, 0xffff, 0xffff, 0xffff, 0xffff,
    0xffff, 0xffff, 0xffff, 0xffff, 0xffff, 0xffff, 0xffff, 0xffff, 0xffff, 0xffff, 0xffff, 0xffff, 0xffff, 0xffff, 0xffff, 0xffff,
    0xffff, 0xffff, 0xffff, 0xffff, 0xffff, 0xffff, 0xffff, 0xffff, 0xffff, 0xffff, 0xffff, 0xffff, 0xffff, 0xffff, 0xffff, 0xffff,
    0xffff, 0xffff, 0xffff, 0xffff, 0xffff, 0xffff, 0xffff, 0xffff, 0xffff, 0xffff, 0xffff, 0xffff, 0xffff, 0xffff, 0xffff, 0xffff,
    0xffff, 0xffff, 0xffff, 0xffff, 0xffff, 0xffff, 0xffff, 0xffff, 0xffff, 0xffff, 0xffff, 0xffff, 0xffff, 0xffff, 0xffff, 0xffff,
    0xffff, 0xffff, 0xffff, 0xffff, 0xffff, 0xffff, 0xffff, 0xffff, 0xffff, 0x6c14, 0x2a71, 0x9d9a, 0xef3b, 0xef3a, 0x8d39, 0xa5b9,
    0xde56, 0xfeb4, 0xff36, 0xff78, 0xff58, 0xff58, 0xff78, 0xff78, 0xff78, 0xff58, 0xff58, 0xff78, 0xff79, 0xff79, 0xff7a, 0xff79,
    0xff78, 0xff78, 0xff58, 0xff58, 0xff58, 0xff58, 0xff58, 0xff58, 0xff77, 0xff78, 0xffbc, 0xffde, 0xffff, 0xffff, 0xffff, 0xffff,
    0xffff, 0xffff, 0xffff, 0xffff, 0xffff, 0xffff, 0xffff, 0xffff, 0xffff, 0xffff, 0xffff, 0xffff, 0xffde, 0xffdd, 0xffdd, 0xffdd,
    0xfffe, 0xffff, 0xffff, 0xffff, 0xffff, 0xffff, 0xffde, 0xffdd, 0xffdd, 0xffde, 0xffdd, 0xffdd, 0xfffe, 0xffff, 0xffff, 0xffff,
    0xffff, 0xffff, 0xffff, 0xffff, 0xffff, 0xffff, 0xffff, 0xffff, 0xffff, 0xffff, 0xffff, 0xffff, 0xffff, 0xffff, 0xffff, 0xffff,
    0xffbb, 0xff79, 0xff79, 0xff36, 0xff16, 0xbe59, 0x8d38, 0xd6db, 0x5bf4, 0x010c, 0xbe5b, 0xffff, 0xffff, 0xffff, 0xffff, 0xffff,
    0xffff, 0xffff, 0xffff, 0xffff, 0xffff, 0xffff, 0xffff, 0xffff, 0xffff, 0xffff, 0xffff, 0xffff, 0xffff, 0xffff, 0xffff, 0xffff,
    0xffff, 0xffff, 0xffff, 0xffff, 0xffff, 0xffff, 0xffff, 0xffff, 0xffff, 0xffff, 0xffff, 0xffff, 0xffff, 0xffff, 0xffff, 0xffff,
    0xffff, 0xffff, 0xffff, 0xffff, 0xffff, 0xffff, 0xffff, 0xffff, 0xffff, 0xffff, 0xffff, 0xffff, 0xffff, 0xffff, 0xffff, 0xffff,
    0xffff, 0xffff, 0xffff, 0xffff, 0xffff, 0xffff, 0xffff, 0xffff, 0xffff, 0xffff, 0xffff, 0xffff, 0xffff, 0xffff, 0xffff, 0xffff,
    0xffff, 0xffff, 0xffff, 0xffff, 0xffff, 0xffff, 0xffff, 0xffff, 0xffff, 0xffff, 0xffff, 0xffff, 0xffff, 0xffff, 0xffff, 0xffff,
    0xffff, 0xffff, 0xffff, 0xffff, 0xffff, 0xffff, 0xffff, 0xffff, 0xffff, 0xffff, 0xffff, 0xffff, 0xffff, 0xffff, 0xffff, 0xffff,
    0xffff, 0xffff, 0xffff, 0xffff, 0xffff, 0xffff, 0xffff, 0xffff, 0xffff, 0xffff, 0xffff, 0xffff, 0xffff, 0xffff, 0xffff, 0xffff,
    0xffff, 0xffff, 0xffff, 0xffff, 0xffff, 0xffff, 0xffff, 0xffff, 0xffff, 0xffff, 0xffff, 0xffff, 0xffff, 0xffff, 0xffff, 0xffff,
    0xffff, 0xffff, 0xffff, 0xffff, 0xffff, 0xffff, 0xffff, 0xffff, 0xffff, 0xffff, 0xffff, 0xffff, 0xffff, 0xffff, 0xffff, 0xffff,
    0xffff, 0xffff, 0xffff, 0xffff, 0xffff, 0xffff, 0xffff, 0xffff, 0xffff, 0xffff, 0xffff, 0xffff, 0xffff, 0xffff, 0xffff, 0xffff,
    0xffff, 0xffff, 0xffff, 0xffff, 0xffff, 0xffff, 0xffff, 0xffff, 0xffff, 0xffff, 0xffff, 0xffff, 0xffff, 0xffff, 0xffff, 0xffff,
    0xffff, 0xffff, 0xffff, 0xffff, 0xffff, 0xffff, 0xffff, 0xffff, 0xffff, 0xffff, 0xffff, 0xffff, 0xffff, 0xffff, 0xffff, 0xffff,
    0xffff, 0xffff, 0xffff, 0xffff, 0xffff, 0xffff, 0xffff, 0xffff, 0xffff, 0xffff, 0xffff, 0xffff, 0xffff, 0xffff, 0xffff, 0xffff,
    0xffff, 0xffff, 0xffff, 0xffff, 0xffff, 0xffff, 0xffff, 0xffff, 0xffff, 0x6c13, 0x00cb, 0x1a72, 0xc6bb, 0xe6fb, 0xad98, 0xfe93,
    0xfe91, 0xff36, 0xff58, 0xff78, 0xff78, 0xff78, 0xff78, 0xff78, 0xff78, 0xff99, 0xffdd, 0xffff, 0xfffe, 0xffff, 0xffff, 0xffbb,
    0xff78, 0xff78, 0xff78, 0xff58, 0xff58, 0xff58, 0xff58, 0xff58, 0xff58, 0xff57, 0xff57, 0xff79, 0xfffe, 0xffde, 0xffff, 0xffff,
    0xffff, 0xffff, 0xffff, 0xffff, 0xffff, 0xffff, 0xffff, 0xffff, 0xffff, 0xffff, 0xffff, 0xffff, 0xffff, 0xffff, 0xffff, 0xffff,
    0xffff, 0xffff, 0xffff, 0xffff, 0xffff, 0xffff, 0xff7a, 0xff78, 0xff79, 0xff79, 0xff79, 0xff79, 0xffdd, 0xffff, 0xffff, 0xffff,
    0xffff, 0xffff, 0xffff, 0xffff, 0xffff, 0xffff, 0xffff, 0xffff, 0xffff, 0xffff, 0xffff, 0xffff, 0xffff, 0xffff, 0xffff, 0xffff,
    0xffdd, 0xff9a, 0xff99, 0xff78, 0xff57, 0xffd8, 0xeed8, 0x9579, 0x2ad2, 0x00cb, 0xc65b, 0xffff, 0xffff, 0xffff, 0xffff, 0xffff,
    0xffff, 0xffff, 0xffff, 0xffff, 0xffff, 0xffff, 0xffff, 0xffff, 0xffff, 0xffff, 0xffff, 0xffff, 0xffff, 0xffff, 0xffff, 0xffff,
    0xffff, 0xffff, 0xffff, 0xffff, 0xffff, 0xffff, 0xffff, 0xffff, 0xffff, 0xffff, 0xffff, 0xffff, 0xffff, 0xffff, 0xffff, 0xffff,
    0xffff, 0xffff, 0xffff, 0xffff, 0xffff, 0xffff, 0xffff, 0xffff, 0xffff, 0xffff, 0xffff, 0xffff, 0xffff, 0xffff, 0xffff, 0xffff,
    0xffff, 0xffff, 0xffff, 0xffff, 0xffff, 0xffff, 0xffff, 0xffff, 0xffff, 0xffff, 0xffff, 0xffff, 0xffff, 0xffff, 0xffff, 0xffff,
    0xffff, 0xffff, 0xffff, 0xffff, 0xffff, 0xffff, 0xffff, 0xffff, 0xffff, 0xffff, 0xffff, 0xffff, 0xffff, 0xffff, 0xffff, 0xffff,
    0xffff, 0xffff, 0xffff, 0xffff, 0xffff, 0xffff, 0xffff, 0xffff, 0xffff, 0xffff, 0xffff, 0xffff, 0xffff, 0xffff, 0xffff, 0xffff,
    0xffff, 0xffff, 0xffff, 0xffff, 0xffff, 0xffff, 0xffff, 0xffff, 0xffff, 0xffff, 0xffff, 0xffff, 0xffff, 0xffff, 0xffff, 0xffff,
    0xffff, 0xffff, 0xffff, 0xffff, 0xffff, 0xffff, 0xffff, 0xffff, 0xffff, 0xffff, 0xffff, 0xffff, 0xffff, 0xffff, 0xffff, 0xffff,
    0xffff, 0xffff, 0xffff, 0xffff, 0xffff, 0xffff, 0xffff, 0xffff, 0xffff, 0xffff, 0xffff, 0xffff, 0xffff, 0xffff, 0xffff, 0xffff,
    0xffff, 0xffff, 0xffff, 0xffff, 0xffff, 0xffff, 0xffff, 0xffff, 0xffff, 0xffff, 0xffff, 0xffff, 0xffff, 0xffff, 0xffff, 0xffff,
    0xffff, 0xffff, 0xffff, 0xffff, 0xffff, 0xffff, 0xffff, 0xffff, 0xffff, 0xffff, 0xffff, 0xffff, 0xffff, 0xffff, 0xffff, 0xffff,
    0xffff, 0xffff, 0xffff, 0xffff, 0xffff, 0xffff, 0xffff, 0xffff, 0xffff, 0xffff, 0xffff, 0xffff, 0xffff, 0xffff, 0xffff, 0xffff,
    0xffff, 0xffff, 0xffff, 0xffff, 0xffff, 0xffff, 0xffff, 0xffff, 0xffff, 0xffff, 0xffff, 0xffff, 0xffff, 0xffff, 0xffff, 0xffff,
    0xffff, 0xffff, 0xffff, 0xffff, 0xffff, 0xffff, 0xffff, 0xffff, 0xffff, 0xb61a, 0x016c, 0x84d7, 0xef5c, 0xbe39, 0xddf4, 0xfeb3,
    0xfeb4, 0xff58, 0xff78, 0xff78, 0xff78, 0xff78, 0xff79, 0xffdd, 0xffde, 0xfffe, 0xffff, 0xffff, 0xffff, 0xffff, 0xffff, 0xffff,
    0xffde, 0xfffe, 0xff9a, 0xff58, 0xff58, 0xff57, 0xff57, 0xff57, 0xff58, 0xff58, 0xff57, 0xff78, 0xffbc, 0xff9b, 0xffdd, 0xffff,
    0xffff, 0xffff, 0xffff, 0xffff, 0xffff, 0xffff, 0xffff, 0xffff, 0xffff, 0xffff, 0xffff, 0xffff, 0xffff, 0xffff, 0xffff, 0xffff,
    0xffff, 0xffff, 0xffff, 0xffff, 0xffff, 0xffff, 0xffff, 0xffff, 0xffff, 0xffff, 0xffff, 0xffff, 0xffff, 0xffff, 0xffff, 0xffff,
    0xffff, 0xffff, 0xffff, 0xffff, 0xffff, 0xffff, 0xffff, 0xffff, 0xffff, 0xffff, 0xffff, 0xffff, 0xffff, 0xffff, 0xffff, 0xfffe,
    0xff9a, 0xff9b, 0xff9b, 0xff57, 0xe612, 0xad34, 0xd658, 0xc67b, 0x2291, 0x3ab0, 0xe75e, 0xffff, 0xffff, 0xffff, 0xffff, 0xffff,
    0xffff, 0xffff, 0xffff, 0xffff, 0xffff, 0xffff, 0xffff, 0xffff, 0xffff, 0xffff, 0xffff, 0xffff, 0xffff, 0xffff, 0xffff, 0xffff,
    0xffff, 0xffff, 0xffff, 0xffff, 0xffff, 0xffff, 0xffff, 0xffff, 0xffff, 0xffff, 0xffff, 0xffff, 0xffff, 0xffff, 0xffff, 0xffff,
    0xffff, 0xffff, 0xffff, 0xffff, 0xffff, 0xffff, 0xffff, 0xffff, 0xffff, 0xffff, 0xffff, 0xffff, 0xffff, 0xffff, 0xffff, 0xffff,
    0xffff, 0xffff, 0xffff, 0xffff, 0xffff, 0xffff, 0xffff, 0xffff, 0xffff, 0xffff, 0xffff, 0xffff, 0xffff, 0xffff, 0xffff, 0xffff,
    0xffff, 0xffff, 0xffff, 0xffff, 0xffff, 0xffff, 0xffff, 0xffff, 0xffff, 0xffff, 0xffff, 0xffff, 0xffff, 0xffff, 0xffff, 0xffff,
    0xffff, 0xffff, 0xffff, 0xffff, 0xffff, 0xffff, 0xffff, 0xffff, 0xffff, 0xffff, 0xffff, 0xffff, 0xffff, 0xffff, 0xffff, 0xffff,
    0xffff, 0xffff, 0xffff, 0xffff, 0xffff, 0xffff, 0xffff, 0xffff, 0xffff, 0xffff, 0xffff, 0xffff, 0xffff, 0xffff, 0xffff, 0xffff,
    0xffff, 0xffff, 0xffff, 0xffff, 0xffff, 0xffff, 0xffff, 0xffff, 0xffff, 0xffff, 0xffff, 0xffff, 0xffff, 0xffff, 0xffff, 0xffff,
    0xffff, 0xffff, 0xffff, 0xffff, 0xffff, 0xffff, 0xffff, 0xffff, 0xffff, 0xffff, 0xffff, 0xffff, 0xffff, 0xffff, 0xffff, 0xffff,
    0xffff, 0xffff, 0xffff, 0xffff, 0xffff, 0xffff, 0xffff, 0xffff, 0xffff, 0xffff, 0xffff, 0xffff, 0xffff, 0xffff, 0xffff, 0xffff,
    0xffff, 0xffff, 0xffff, 0xffff, 0xffff, 0xffff, 0xffff, 0xffff, 0xffff, 0xffff, 0xffff, 0xffff, 0xffff, 0xffff, 0xffff, 0xffff,
    0xffff, 0xffff, 0xffff, 0xffff, 0xffff, 0xffff, 0xffff, 0xffff, 0xffff, 0xffff, 0xffff, 0xffff, 0xffff, 0xffff, 0xffff, 0xffff,
    0xffff, 0xffff, 0xffff, 0xffff, 0xffff, 0xffff, 0xffff, 0xffff, 0xffff, 0xffff, 0xffff, 0xffff, 0xffff, 0xffff, 0xffff, 0xffff,
    0xffff, 0xffff, 0xffff, 0xffff, 0xffff, 0xffff, 0xffff, 0xffff, 0xffff, 0xef9f, 0x11ad, 0xce39, 0xdeda, 0x9d78, 0xe612, 0xfef5,
    0xff78, 0xff57, 0xff78, 0xffbb, 0xff99, 0xffbb, 0xfffe, 0xffff, 0xffff, 0xffff, 0xffff, 0xffff, 0xfffe, 0xffff, 0xffff, 0xffff,
    0xffff, 0xffff, 0xfffe, 0xffdd, 0xffbc, 0xff78, 0xff58, 0xff57, 0xff57, 0xff57, 0xff58, 0xff57, 0xff78, 0xff9b, 0xffbb, 0xff9a,
    0xfffe, 0xffff, 0xffff, 0xffff, 0xffff, 0xffff, 0xffff, 0xffff, 0xffff, 0xffff, 0xffff, 0xffff, 0xffff, 0xffff, 0xffff, 0xffff,
    0xffff, 0xffff, 0xffff, 0xffff, 0xffff, 0xffff, 0xffff, 0xffff, 0xffff, 0xffff, 0xffff, 0xffff, 0xffff, 0xffff, 0xffff, 0xffff,
    0xffff, 0xffff, 0xffff, 0xffff, 0xffff, 0xffff, 0xffff, 0xffff, 0xffff, 0xffff, 0xffff, 0xffff, 0xffff, 0xffde, 0xffde, 0xfffe,
    0xffbc, 0xffde, 0xffdd, 0xff98, 0xeed6, 0xcdf6, 0xe697, 0xd6db, 0x1a30, 0x8cd6, 0xffff, 0xffdf, 0xffff, 0xffff, 0xffff, 0xffff,
    0xffff, 0xffff, 0xffff, 0xffff, 0xffff, 0xffff, 0xffff, 0xffff, 0xffff, 0xffff, 0xffff, 0xffff, 0xffff, 0xffff, 0xffff, 0xffff,
    0xffff, 0xffff, 0xffff, 0xffff, 0xffff, 0xffff, 0xffff, 0xffff, 0xffff, 0xffff, 0xffff, 0xffff, 0xffff, 0xffff, 0xffff, 0xffff,
    0xffff, 0xffff, 0xffff, 0xffff, 0xffff, 0xffff, 0xffff, 0xffff, 0xffff, 0xffff, 0xffff, 0xffff, 0xffff, 0xffff, 0xffff, 0xffff,
    0xffff, 0xffff, 0xffff, 0xffff, 0xffff, 0xffff, 0xffff, 0xffff, 0xffff, 0xffff, 0xffff, 0xffff, 0xffff, 0xffff, 0xffff, 0xffff,
    0xffff, 0xffff, 0xffff, 0xffff, 0xffff, 0xffff, 0xffff, 0xffff, 0xffff, 0xffff, 0xffff, 0xffff, 0xffff, 0xffff, 0xffff, 0xffff,
    0xffff, 0xffff, 0xffff, 0xffff, 0xffff, 0xffff, 0xffff, 0xffff, 0xffff, 0xffff, 0xffff, 0xffff, 0xffff, 0xffff, 0xffff, 0xffff,
    0xffff, 0xffff, 0xffff, 0xffff, 0xffff, 0xffff, 0xffff, 0xffff, 0xffff, 0xffff, 0xffff, 0xffff, 0xffff, 0xffff, 0xffff, 0xffff,
    0xffff, 0xffff, 0xffff, 0xffff, 0xffff, 0xffff, 0xffff, 0xffff, 0xffff, 0xffff, 0xffff, 0xffff, 0xffff, 0xffff, 0xffff, 0xffff,
    0xffff, 0xffff, 0xffff, 0xffff, 0xffff, 0xffff, 0xffff, 0xffff, 0xffff, 0xffff, 0xffff, 0xffff, 0xffff, 0xffff, 0xffff, 0xffff,
    0xffff, 0xffff, 0xffff, 0xffff, 0xffff, 0xffff, 0xffff, 0xffff, 0xffff, 0xffff, 0xffff, 0xffff, 0xffff, 0xffff, 0xffff, 0xffff,
    0xffff, 0xffff, 0xffff, 0xffff, 0xffff, 0xffff, 0xffff, 0xffff, 0xffff, 0xffff, 0xffff, 0xffff, 0xffff, 0xffff, 0xffff, 0xffff,
    0xffff, 0xffff, 0xffff, 0xffff, 0xffff, 0xffff, 0xffff, 0xffff, 0xffff, 0xffff, 0xffff, 0xffff, 0xffff, 0xffff, 0xffff, 0xffff,
    0xffff, 0xffff, 0xffff, 0xffff, 0xffff, 0xffff, 0xffff, 0xffff, 0xffff, 0xffff, 0xffff, 0xffff, 0xffff, 0xffff, 0xffff, 0xffff,
    0xffff, 0xffff, 0xffff, 0xffff, 0xffff, 0xffff, 0xffff, 0xffff, 0xffff, 0xe77e, 0x11ae, 0x8cd7, 0xbe3a, 0x8cf7, 0xf673, 0xff14,
    0xff9b, 0xff9a, 0xff9a, 0xffba, 0xffbb, 0xffde, 0xffff, 0xffff, 0xffff, 0xffff, 0xffba, 0xff79, 0xeef8, 0xfef6, 0xff17, 0xeed7,
    0xf6f9, 0xffff, 0xffff, 0xffdf, 0xffdd, 0xffbb, 0xff58, 0xff58, 0xff57, 0xff57, 0xff57, 0xff57, 0xff58, 0xff57, 0xff57, 0xff78,
    0xffbc, 0xffdd, 0xffff, 0xffff, 0xffff, 0xffff, 0xffff, 0xffff, 0xffff, 0xffff, 0xffff, 0xffff, 0xffff, 0xffff, 0xffff, 0xffff,
    0xffff, 0xffff, 0xffff, 0xffff, 0xffff, 0xffff, 0xffff, 0xffff, 0xffff, 0xffff, 0xffff, 0xffff, 0xffff, 0xffff, 0xffff, 0xffff,
    0xffff, 0xffff, 0xffff, 0xffff, 0xffff, 0xffff, 0xffff, 0xffff, 0xffff, 0xffff, 0xffff, 0xffff, 0xffff, 0xff9b, 0xff57, 0xff79,
    0xff9a, 0xffde, 0xfffe, 0xffbc, 0xff96, 0xce56, 0xb5d8, 0x9ddb, 0x01cf, 0x7c54, 0xffff, 0xffff, 0xffff, 0xffff, 0xffff, 0xffff,
    0xffff, 0xffff, 0xffff, 0xffff, 0xffff, 0xffff, 0xffff, 0xffff, 0xffff, 0xffff, 0xffff, 0xffff, 0xffff, 0xffff, 0xffff, 0xffff,
    0xffff, 0xffff, 0xffff, 0xffff, 0xffff, 0xffff, 0xffff, 0xffff, 0xffff, 0xffff, 0xffff, 0xffff, 0xffff, 0xffff, 0xffff, 0xffff,
    0xffff, 0xffff, 0xffff, 0xffff, 0xffff, 0xffff, 0xffff, 0xffff, 0xffff, 0xffff, 0xffff, 0xffff, 0xffff, 0xffff, 0xffff, 0xffff,
    0xffff, 0xffff, 0xffff, 0xffff, 0xffff, 0xffff, 0xffff, 0xffff, 0xffff, 0xffff, 0xffff, 0xffff, 0xffff, 0xffff, 0xffff, 0xffff,
    0xffff, 0xffff, 0xffff, 0xffff, 0xffff, 0xffff, 0xffff, 0xffff, 0xffff, 0xffff, 0xffff, 0xffff, 0xffff, 0xffff, 0xffff, 0xffff,
    0xffff, 0xffff, 0xffff, 0xffff, 0xffff, 0xffff, 0xffff, 0xffff, 0xffff, 0xffff, 0xffff, 0xffff, 0xffff, 0xffff, 0xffff, 0xffff,
    0xffff, 0xffff, 0xffff, 0xffff, 0xffff, 0xffff, 0xffff, 0xffff, 0xffff, 0xffff, 0xffff, 0xffff, 0xffff, 0xffff, 0xffff, 0xffff,
    0xffff, 0xffff, 0xffff, 0xffff, 0xffff, 0xffff, 0xffff, 0xffff, 0xffff, 0xffff, 0xffff, 0xffff, 0xffff, 0xffff, 0xffff, 0xffff,
    0xffff, 0xffff, 0xffff, 0xffff, 0xffff, 0xffff, 0xffff, 0xffff, 0xffff, 0xffff, 0xffff, 0xffff, 0xffff, 0xffff, 0xffff, 0xffff,
    0xffff, 0xffff, 0xffff, 0xffff, 0xffff, 0xffff, 0xffff, 0xffff, 0xffff, 0xffff, 0xffff, 0xffff, 0xffff, 0xffff, 0xffff, 0xffff,
    0xffff, 0xffff, 0xffff, 0xffff, 0xffff, 0xffff, 0xffff, 0xffff, 0xffff, 0xffff, 0xffff, 0xffff, 0xffff, 0xffff, 0xffff, 0xffff,
    0xffff, 0xffff, 0xffff, 0xffff, 0xffff, 0xffff, 0xffff, 0xffff, 0xffff, 0xffff, 0xffff, 0xffff, 0xffff, 0xffff, 0xffff, 0xffff,
    0xffff, 0xffff, 0xffff, 0xffff, 0xffff, 0xffff, 0xffff, 0xffff, 0xffff, 0xffff, 0xffff, 0xffff, 0xffff, 0xffff, 0xffff, 0xffff,
    0xffff, 0xffff, 0xffff, 0xffff, 0xffff, 0xffff, 0xf7df, 0xf7df, 0xf7df, 0xe77e, 0x11ad, 0x7476, 0xb63b, 0xbdb6, 0xf6d6, 0xff7a,
    0xffff, 0xffff, 0xffdd, 0xff79, 0xffdd, 0xffff, 0xffff, 0xffff, 0xffbe, 0xff38, 0xfef4, 0xb514, 0xa493, 0x9c31, 0x5b71, 0x5b72,
    0xd593, 0xff38, 0xff39, 0xff79, 0xff99, 0xff99, 0xff9c, 0xff58, 0xff57, 0xff57, 0xff57, 0xff57, 0xff57, 0xff57, 0xff57, 0xff58,
    0xff58, 0xff58, 0xffde, 0xffff, 0xffff, 0xffff, 0xffff, 0xffde, 0xffdc, 0xffff, 0xffff, 0xffff, 0xffff, 0xffff, 0xffff, 0xffff,
    0xffff, 0xffff, 0xffff, 0xffff, 0xffff, 0xffff, 0xffff, 0xffff, 0xffff, 0xffff, 0xffff, 0xffff, 0xffff, 0xffff, 0xffff, 0xffff,
    0xffff, 0xffff, 0xffff, 0xffff, 0xffff, 0xffff, 0xffff, 0xffff, 0xffff, 0xffde, 0xffff, 0xffff, 0xffff, 0xffbc, 0xff57, 0xff57,
    0xff58, 0xffbd, 0xffdf, 0xffdd, 0xff78, 0xde97, 0x95ba, 0x53f6, 0x3290, 0xb5d8, 0xffff, 0xffff, 0xffff, 0xffff, 0xffff, 0xffff,
    0xffff, 0xffff, 0xffff, 0xffff, 0xffff, 0xffff, 0xffff, 0xffff, 0xffff, 0xffff, 0xffff, 0xffff, 0xffff, 0xffff, 0xffff, 0xffff,
    0xffff, 0xffff, 0xffff, 0xffff, 0xffff, 0xffff, 0xffff, 0xffff, 0xffff, 0xffff, 0xffff, 0xffff, 0xffff, 0xffff, 0xffff, 0xffff,
    0xffff, 0xffff, 0xffff, 0xffff, 0xffff, 0xffff, 0xffff, 0xffff, 0xffff, 0xffff, 0xffff, 0xffff, 0xffff, 0xffff, 0xffff, 0xffff,
    0xffff, 0xffff, 0xffff, 0xffff, 0xffff, 0xffff, 0xffff, 0xffff, 0xffff, 0xffff, 0xffff, 0xffff, 0xffff, 0xffff, 0xffff, 0xffff,
    0xffff, 0xffff, 0xffff, 0xffff, 0xffff, 0xffff, 0xffff, 0xffff, 0xffff, 0xffff, 0xffff, 0xffff, 0xffff, 0xffff, 0xffff, 0xffff,
    0xffff, 0xffff, 0xffff, 0xffff, 0xffff, 0xffff, 0xffff, 0xffff, 0xffff, 0xffff, 0xffff, 0xffff, 0xffff, 0xffff, 0xffff, 0xffff,
    0xffff, 0xffff, 0xffff, 0xffff, 0xffff, 0xffff, 0xffff, 0xffff, 0xffff, 0xffff, 0xffff, 0xffff, 0xffff, 0xffff, 0xffff, 0xffff,
    0xffff, 0xffff, 0xffff, 0xffff, 0xffff, 0xffff, 0xffff, 0xffff, 0xffff, 0xffff, 0xffff, 0xffff, 0xffff, 0xffff, 0xffff, 0xffff,
    0xffff, 0xffff, 0xffff, 0xffff, 0xffff, 0xffff, 0xffff, 0xffff, 0xffff, 0xffff, 0xffff, 0xffff, 0xffff, 0xffff, 0xffff, 0xffff,
    0xffff, 0xffff, 0xffff, 0xffff, 0xffff, 0xffff, 0xffff, 0xffff, 0xffff, 0xffff, 0xffff, 0xffff, 0xffff, 0xffff, 0xffff, 0xffff,
    0xffff, 0xffff, 0xffff, 0xffff, 0xffff, 0xffff, 0xffff, 0xffff, 0xffff, 0xffff, 0xffff, 0xffff, 0xffff, 0xffff, 0xffff, 0xffff,
    0xffff, 0xffff, 0xffff, 0xffff, 0xffff, 0xffff, 0xffff, 0xffff, 0xffff, 0xffff, 0xffff, 0xffff, 0xffff, 0xffff, 0xffff, 0xffff,
    0xffff, 0xffff, 0xffff, 0xffff, 0xffff, 0xffff, 0xffff, 0xffff, 0xffff, 0xffff, 0xffff, 0xffff, 0xffff, 0xffff, 0xffff, 0xffff,
    0xffff, 0xffff, 0xffff, 0xffff, 0xffff, 0xdf3d, 0x2a0e, 0x19ef, 0x11ad, 0x7c95, 0x220e, 0xb5f9, 0xadd9, 0xc617, 0xdeb9, 0xffde,
    0xffff, 0xffff, 0xffdc, 0xff9a, 0xffdd, 0xffff, 0xffff, 0xffbc, 0xfef6, 0xddb2, 0x9cf4, 0x4b13, 0x5311, 0x328f, 0x09f0, 0x4312,
    0x6b91, 0x7baf, 0x634f, 0x5b2f, 0x7c11, 0xd593, 0xff15, 0xff76, 0xff56, 0xff77, 0xff78, 0xff78, 0xff58, 0xff57, 0xff57, 0xff57,
    0xff57, 0xff57, 0xff79, 0xff9a, 0xfffe, 0xffff, 0xffff, 0xffdd, 0xff99, 0xfffe, 0xffff, 0xffff, 0xffff, 0xfffe, 0xffdd, 0xffff,
    0xffff, 0xffff, 0xffff, 0xffff, 0xffff, 0xffff, 0xffff, 0xfffe, 0xfffe, 0xffff, 0xffff, 0xffff, 0xffff, 0xffff, 0xffff, 0xffff,
    0xffff, 0xffff, 0xffff, 0xffff, 0xffff, 0xffff, 0xffff, 0xffff, 0xffff, 0xfffc, 0xffff, 0xffff, 0xffff, 0xffbd, 0xff58, 0xff57,
    0xff58, 0xffde, 0xffde, 0xffde, 0xffbb, 0xf6f7, 0xbe5b, 0x1a30, 0x7c75, 0xffff, 0xffdf, 0xffff, 0xffff, 0xffff, 0xffff, 0xffff,
    0xffff, 0xffff, 0xffff, 0xffff, 0xffff, 0xffff, 0xffff, 0xffff, 0xffff, 0xffff, 0xffff, 0xffff, 0xffff, 0xffff, 0xffff, 0xffff,
    0xffff, 0xffff, 0xffff, 0xffff, 0xffff, 0xffff, 0xffff, 0xffff, 0xffff, 0xffff, 0xffff, 0xffff, 0xffff, 0xffff, 0xffff, 0xffff,
    0xffff, 0xffff, 0xffff, 0xffff, 0xffff, 0xffff, 0xffff, 0xffff, 0xffff, 0xffff, 0xffff, 0xffff, 0xffff, 0xffff, 0xffff, 0xffff,
    0xffff, 0xffff, 0xffff, 0xffff, 0xffff, 0xffff, 0xffff, 0xffff, 0xffff, 0xffff, 0xffff, 0xffff, 0xffff, 0xffff, 0xffff, 0xffff,
    0xffff, 0xffff, 0xffff, 0xffff, 0xffff, 0xffff, 0xffff, 0xffff, 0xffff, 0xffff, 0xffff, 0xffff, 0xffff, 0xffff, 0xffff, 0xffff,
    0xffff, 0xffff, 0xffff, 0xffff, 0xffff, 0xffff, 0xffff, 0xffff, 0xffff, 0xffff, 0xffff, 0xffff, 0xffff, 0xffff, 0xffff, 0xffff,
    0xffff, 0xffff, 0xffff, 0xffff, 0xffff, 0xffff, 0xffff, 0xffff, 0xffff, 0xffff, 0xffff, 0xffff, 0xffff, 0xffff, 0xffff, 0xffff,
    0xffff, 0xffff, 0xffff, 0xffff, 0xffff, 0xffff, 0xffff, 0xffff, 0xffff, 0xffff, 0xffff, 0xffff, 0xffff, 0xffff, 0xffff, 0xffff,
    0xffff, 0xffff, 0xffff, 0xffff, 0xffff, 0xffff, 0xffff, 0xffff, 0xffff, 0xffff, 0xffff, 0xffff, 0xffff, 0xffff, 0xffff, 0xffff,
    0xffff, 0xffff, 0xffff, 0xffff, 0xffff, 0xffff, 0xffff, 0xffff, 0xffff, 0xffff, 0xffff, 0xffff, 0xffff, 0xffff, 0xffff, 0xffff,
    0xffff, 0xffff, 0xffff, 0xffff, 0xffff, 0xffff, 0xffff, 0xffff, 0xffff, 0xffff, 0xffff, 0xffff, 0xffff, 0xffff, 0xffff, 0xffff,
    0xffff, 0xffff, 0xffff, 0xffff, 0xffff, 0xffff, 0xffff, 0xffff, 0xffff, 0xffff, 0xffff, 0xffff, 0xffff, 0xffff, 0xffff, 0xffff,
    0xffff, 0xffff, 0xffff, 0xffff, 0xffff, 0xffff, 0xffff, 0xffff, 0xffff, 0xffff, 0xffff, 0xffff, 0xffff, 0xffff, 0xffff, 0xffff,
    0xffff, 0xffff, 0xffff, 0xffff, 0xd6dc, 0x21ed, 0x9d78, 0xadb9, 0xadd9, 0x328f, 0x010b, 0x8519, 0xc63a, 0x74b7, 0xd71c, 0xffff,
    0xffff, 0xfffe, 0xff9a, 0xff9b, 0xffff, 0xffff, 0xffbc, 0xfe93, 0xe590, 0x6bb3, 0x32b1, 0x6351, 0x428f, 0x326f, 0x018e, 0x016e,
    0x014e, 0x018e, 0x016e, 0x014d, 0x428f, 0x736f, 0x8410, 0x8c72, 0xbd32, 0xd615, 0xe6b8, 0xf6f6, 0xff76, 0xff56, 0xff56, 0xff36,
    0xff57, 0xff77, 0xf6f6, 0xf715, 0xff98, 0xff9b, 0xffbb, 0xffba, 0xff9a, 0xff9a, 0xffdd, 0xffff, 0xffff, 0xffdc, 0xff57, 0xffbc,
    0xffff, 0xffff, 0xfffe, 0xffbd, 0xffbc, 0xffdd, 0xffff, 0xffdd, 0xffdd, 0xffff, 0xffff, 0xffff, 0xffbb, 0xffde, 0xffff, 0xffff,
    0xffff, 0xffff, 0xffff, 0xffff, 0xffff, 0xf77c, 0xfeb8, 0xeeda, 0xd69a, 0xe698, 0xfef8, 0xfef8, 0xffbd, 0xffff, 0xffbc, 0xff58,
    0xff58, 0xff9b, 0xffde, 0xffff, 0xffdd, 0xe6f9, 0xdf1d, 0x3ab1, 0x7455, 0xffff, 0xffff, 0xffff, 0xffff, 0xffff, 0xffff, 0xffff,
    0xffff, 0xffff, 0xffff, 0xffff, 0xffff, 0xffff, 0xffff, 0xffff, 0xffff, 0xffff, 0xffff, 0xffff, 0xffff, 0xffff, 0xffff, 0xffff,
    0xffff, 0xffff, 0xffff, 0xffff, 0xffff, 0xffff, 0xffff, 0xffff, 0xffff, 0xffff, 0xffff, 0xffff, 0xffff, 0xffff, 0xffff, 0xffff,
    0xffff, 0xffff, 0xffff, 0xffff, 0xffff, 0xffff, 0xffff, 0xffff, 0xffff, 0xffff, 0xffff, 0xffff, 0xffff, 0xffff, 0xffff, 0xffff,
    0xffff, 0xffff, 0xffff, 0xffff, 0xffff, 0xffff, 0xffff, 0xffff, 0xffff, 0xffff, 0xffff, 0xffff, 0xffff, 0xffff, 0xffff, 0xffff,
    0xffff, 0xffff, 0xffff, 0xffff, 0xffff, 0xffff, 0xffff, 0xffff, 0xffff, 0xffff, 0xffff, 0xffff, 0xffff, 0xffff, 0xffff, 0xffff,
    0xffff, 0xffff, 0xffff, 0xffff, 0xffff, 0xffff, 0xffff, 0xffff, 0xffff, 0xffff, 0xffff, 0xffff, 0xffff, 0xffff, 0xffff, 0xffff,
    0xffff, 0xffff, 0xffff, 0xffff, 0xffff, 0xffff, 0xffff, 0xffff, 0xffff, 0xffff, 0xffff, 0xffff, 0xffff, 0xffff, 0xffff, 0xffff,
    0xffff, 0xffff, 0xffff, 0xffff, 0xffff, 0xffff, 0xffff, 0xffff, 0xffff, 0xffff, 0xffff, 0xffff, 0xffff, 0xffff, 0xffff, 0xffff,
    0xffff, 0xffff, 0xffff, 0xffff, 0xffff, 0xffff, 0xffff, 0xffff, 0xffff, 0xffff, 0xffff, 0xffff, 0xffff, 0xffff, 0xffff, 0xffff,
    0xffff, 0xffff, 0xffff, 0xffff, 0xffff, 0xffff, 0xffff, 0xffff, 0xffff, 0xffff, 0xffff, 0xffff, 0xffff, 0xffff, 0xffff, 0xffff,
    0xffff, 0xffff, 0xffff, 0xffff, 0xffff, 0xffff, 0xffff, 0xffff, 0xffff, 0xffff, 0xffff, 0xffff, 0xffff, 0xffff, 0xffff, 0xffff,
    0xffff, 0xffff, 0xffff, 0xffff, 0xffff, 0xffff, 0xffff, 0xffff, 0xffff, 0xffff, 0xffff, 0xffff, 0xffff, 0xffff, 0xffff, 0xffff,
    0xffff, 0xffff, 0xffff, 0xffff, 0xffff, 0xffff, 0xffff, 0xffff, 0xffff, 0xffff, 0xffff, 0xffff, 0xffff, 0xffff, 0xffff, 0xffff,
    0xffff, 0xffff, 0xffff, 0xbe1a, 0x4af0, 0x9d57, 0xffff, 0xffff, 0xffff, 0xd6bc, 0x2a4e, 0x4bd6, 0x5c38, 0x9d79, 0xf7de, 0xffff,
    0xffff, 0xfffe, 0xff79, 0xff9b, 0xfffe, 0xffba, 0xfe74, 0xe591, 0x5331, 0x0190, 0x11cf, 0x2a4f, 0x52d0, 0x2210, 0x018e, 0x016e,
    0x018e, 0x016e, 0x018e, 0x018e, 0x016d, 0x014d, 0x012e, 0x014e, 0x424f, 0x7391, 0x9cd5, 0xa4b2, 0xac90, 0xbd31, 0xd592, 0xe570,
    0xf653, 0xff97, 0xad14, 0xa514, 0xff35, 0xfef5, 0xff16, 0xff56, 0xff78, 0xff58, 0xff9a, 0xfffd, 0xffff, 0xffbb, 0xff36, 0xff58,
    0xff9a, 0xffff, 0xffdd, 0xff58, 0xff57, 0xff78, 0xffdd, 0xfffe, 0xfffe, 0xffff, 0xffbb, 0xffbb, 0xff78, 0xff99, 0xff9a, 0xffba,
    0xffdd, 0xffff, 0xffdd, 0xf716, 0xe6f8, 0xcdf6, 0xe4ae, 0xa471, 0x42d0, 0x632f, 0x9bcf, 0xa3ce, 0xe635, 0xffde, 0xffff, 0xffdd,
    0xff9a, 0xff79, 0xffde, 0xffff, 0xfffe, 0xc638, 0xc65a, 0x42f1, 0x7475, 0xffff, 0xf7bf, 0xffff, 0xffff, 0xffff, 0xffff, 0xffff,
    0xffff, 0xffff, 0xffff, 0xffff, 0xffff, 0xffff, 0xffff, 0xffff, 0xffff, 0xffff, 0xffff, 0xffff, 0xffff, 0xffff, 0xffff, 0xffff,
    0xffff, 0xffff, 0xffff, 0xffff, 0xffff, 0xffff, 0xffff, 0xffff, 0xffff, 0xffff, 0xffff, 0xffff, 0xffff, 0xffff, 0xffff, 0xffff,
    0xffff, 0xffff, 0xffff, 0xffff, 0xffff, 0xffff, 0xffff, 0xffff, 0xffff, 0xffff, 0xffff, 0xffff, 0xffff, 0xffff, 0xffff, 0xffff,
    0xffff, 0xffff, 0xffff, 0xffff, 0xffff, 0xffff, 0xffff, 0xffff, 0xffff, 0xffff, 0xffff, 0xffff, 0xffff, 0xffff, 0xffff, 0xffff,
    0xffff, 0xffff, 0xffff, 0xffff, 0xffff, 0xffff, 0xffff, 0xffff, 0xffff, 0xffff, 0xffff, 0xffff, 0xffff, 0xffff, 0xffff, 0xffff,
    0xffff, 0xffff, 0xffff, 0xffff, 0xffff, 0xffff, 0xffff, 0xffff, 0xffff, 0xffff, 0xffff, 0xffff, 0xffff, 0xffff, 0xffff, 0xffff,
    0xffff, 0xffff, 0xffff, 0xffff, 0xffff, 0xffff, 0xffff, 0xffff, 0xffff, 0xffff, 0xffff, 0xffff, 0xffff, 0xffff, 0xffff, 0xffff,
    0xffff, 0xffff, 0xffff, 0xffff, 0xffff, 0xffff, 0xffff, 0xffff, 0xffff, 0xffff, 0xffff, 0xffff, 0xffff, 0xffff, 0xffff, 0xffff,
    0xffff, 0xffff, 0xffff, 0xffff, 0xffff, 0xffff, 0xffff, 0xffff, 0xffff, 0xffff, 0xffff, 0xffff, 0xffff, 0xffff, 0xffff, 0xffff,
    0xffff, 0xffff, 0xffff, 0xffff, 0xffff, 0xffff, 0xffff, 0xffff, 0xffff, 0xffff, 0xffff, 0xffff, 0xffff, 0xffff, 0xffff, 0xffff,
    0xffff, 0xffff, 0xffff, 0xffff, 0xffff, 0xffff, 0xffff, 0xffff, 0xffff, 0xffff, 0xffff, 0xffff, 0xffff, 0xffff, 0xffff, 0xffff,
    0xffff, 0xffff, 0xffff, 0xffff, 0xffff, 0xffff, 0xffff, 0xffff, 0xffff, 0xffff, 0xffff, 0xffff, 0xffff, 0xffff, 0xffff, 0xffff,
    0xffff, 0xffff, 0xffff, 0xffff, 0xffff, 0xffff, 0xffff, 0xffff, 0xffff, 0xffff, 0xffff, 0xffff, 0xffff, 0xffff, 0xffff, 0xffff,
    0xffff, 0xffff, 0xffff, 0x9d58, 0x11ad, 0xffff, 0xffff, 0xffdf, 0xffdf, 0xffff, 0xc638, 0x222f, 0x6437, 0xce9b, 0xffff, 0xffff,
    0xffff, 0xffdd, 0xff9a, 0xffdd, 0xffbb, 0xee94, 0x8412, 0x42d0, 0x11f0, 0x09d0, 0x018f, 0x016e, 0x014e, 0x018f, 0x11cd, 0x09ad,
    0x014e, 0x016e, 0x016e, 0x018e, 0x018e, 0x01ae, 0x01ae, 0x01ae, 0x018e, 0x016d, 0x016d, 0x016e, 0x014d, 0x2250, 0x4b74, 0x6b71,
    0xdccf, 0xfdf1, 0x94b5, 0x8453, 0xfe30, 0xfe51, 0xedd1, 0xee33, 0xff57, 0xff57, 0xff57, 0xffbc, 0xffbd, 0xff79, 0xff56, 0xff56,
    0xff57, 0xff9b, 0xff99, 0xff57, 0xff58, 0xff78, 0xff78, 0xff57, 0xff57, 0xff9a, 0xff99, 0xff57, 0xff16, 0xef17, 0xd5b3, 0xd52f,
    0xd550, 0xd5b3, 0xdd92, 0x8bf0, 0x116c, 0x19cd, 0x19cd, 0x11ce, 0x01cf, 0x018f, 0x3af0, 0x5b71, 0xd591, 0xfe73, 0xf77c, 0xffff,
    0xffbc, 0xff79, 0xffbd, 0xffff, 0xffde, 0xe6fa, 0x7cb8, 0x1210, 0x6c35, 0x3ab0, 0x19ee, 0x19ad, 0xa558, 0xffff, 0xffff, 0xffff,
    0xffff, 0xffff, 0xffff, 0xffff, 0xffff, 0xffff, 0xffff, 0xffff, 0xffff, 0xffff, 0xffff, 0xffff, 0xffff, 0xffff, 0xffff, 0xffff,
    0xffff, 0xffff, 0xffff, 0xffff, 0xffff, 0xffff, 0xffff, 0xffff, 0xffff, 0xffff, 0xffff, 0xffff, 0xffff, 0xffff, 0xffff, 0xffff,
    0xffff, 0xffff, 0xffff, 0xffff, 0xffff, 0xffff, 0xffff, 0xffff, 0xffff, 0xffff, 0xffff, 0xffff, 0xffff, 0xffff, 0xffff, 0xffff,
    0xffff, 0xffff, 0xffff, 0xffff, 0xffff, 0xffff, 0xffff, 0xffff, 0xffff, 0xffff, 0xffff, 0xffff, 0xffff, 0xffff, 0xffff, 0xffff,
    0xffff, 0xffff, 0xffff, 0xffff, 0xffff, 0xffff, 0xffff, 0xffff, 0xffff, 0xffff, 0xffff, 0xffff, 0xffff, 0xffff, 0xffff, 0xffff,
    0xffff, 0xffff, 0xffff, 0xffff, 0xffff, 0xffff, 0xffff, 0xffff, 0xffff, 0xffff, 0xffff, 0xffff, 0xffff, 0xffff, 0xffff, 0xffff,
    0xffff, 0xffff, 0xffff, 0xffff, 0xffff, 0xffff, 0xffff, 0xffff, 0xffff, 0xffff, 0xffff, 0xffff, 0xffff, 0xffff, 0xffff, 0xffff,
    0xffff, 0xffff, 0xffff, 0xffff, 0xffff, 0xffff, 0xffff, 0xffff, 0xffff, 0xffff, 0xffff, 0xffff, 0xffff, 0xffff, 0xffff, 0xffff,
    0xffff, 0xffff, 0xffff, 0xffff, 0xffff, 0xffff, 0xffff, 0xffff, 0xffff, 0xffff, 0xffff, 0xffff, 0xffff, 0xffff, 0xffff, 0xffff,
    0xffff, 0xffff, 0xffff, 0xffff, 0xffff, 0xffff, 0xffff, 0xffff, 0xffff, 0xffff, 0xffff, 0xffff, 0xffff, 0xffff, 0xffff, 0xffff,
    0xffff, 0xffff, 0xffff, 0xffff, 0xffff, 0xffff, 0xffff, 0xffff, 0xffff, 0xffff, 0xffff, 0xffff, 0xffff, 0xffff, 0xffff, 0xffff,
    0xffff, 0xffff, 0xffff, 0xffff, 0xffff, 0xffff, 0xffff, 0xffff, 0xffff, 0xffff, 0xffff, 0xffff, 0xffff, 0xffff, 0xffff, 0xffff,
    0xffff, 0xffff, 0xffff, 0xffff, 0xffff, 0xffff, 0xffff, 0xffff, 0xffff, 0xffff, 0xffff, 0xffff, 0xffff, 0xffff, 0xffff, 0xffff,
    0xffff, 0xffff, 0xffff, 0xa598, 0x19ed, 0xff9d, 0xff7a, 0xffdb, 0xffdc, 0xffbc, 0xff58, 0x42f0, 0x2272, 0xcebc, 0xffff, 0xffff,
    0xffff, 0xffbc, 0xffbc, 0xfffd, 0xf738, 0xa4d4, 0x6bb2, 0x42f2, 0x2a71, 0x6bb2, 0x4acf, 0xb4f2, 0x6391, 0x19ee, 0xacb1, 0x8c2f,
    0x19ac, 0x19ad, 0x096d, 0x014d, 0x016e, 0x01ae, 0x01ae, 0x01ae, 0x01ae, 0x01ae, 0x018e, 0x018e, 0x018e, 0x018e, 0x098d, 0x2a6f,
    0x5b71, 0xccb1, 0x8c13, 0x8c94, 0xfdd0, 0xf5d1, 0x93ef, 0x7baf, 0xff76, 0xff57, 0xff57, 0xff58, 0xff57, 0xff37, 0xfe93, 0xfed5,
    0xff57, 0xff57, 0xff57, 0xff57, 0xff57, 0xff36, 0xff56, 0xfef5, 0xfe32, 0xfe12, 0xf5f2, 0xbcd1, 0xb450, 0x4af0, 0x4312, 0x2a2f,
    0x096d, 0x118d, 0x098c, 0x016d, 0x016d, 0x4af1, 0x09ce, 0x018f, 0x01af, 0x018f, 0x42f0, 0x6b91, 0x530f, 0xb490, 0xe614, 0xffbb,
    0xffdd, 0xff9b, 0xffbb, 0xffff, 0xffff, 0xf77c, 0x74b7, 0x0a10, 0x010c, 0x6414, 0xb5fa, 0xadb9, 0x21ee, 0xa598, 0xffff, 0xffff,
    0xffff, 0xffff, 0xffff, 0xffff, 0xffff, 0xffff, 0xffff, 0xffff, 0xffff, 0xffff, 0xffff, 0xffff, 0xffff, 0xffff, 0xffff, 0xffff,
    0xffff, 0xffff, 0xffff, 0xffff, 0xffff, 0xffff, 0xffff, 0xffff, 0xffff, 0xffff, 0xffff, 0xffff, 0xffff, 0xffff, 0xffff, 0xffff,
    0xffff, 0xffff, 0xffff, 0xffff, 0xffff, 0xffff, 0xffff, 0xffff, 0xffff, 0xffff, 0xffff, 0xffff, 0xffff, 0xffff, 0xffff, 0xffff,
    0xffff, 0xffff, 0xffff, 0xffff, 0xffff, 0xffff, 0xffff, 0xffff, 0xffff, 0xffff, 0xffff, 0xffff, 0xffff, 0xffff, 0xffff, 0xffff,
    0xffff, 0xffff, 0xffff, 0xffff, 0xffff, 0xffff, 0xffff, 0xffff, 0xffff, 0xffff, 0xffff, 0xffff, 0xffff, 0xffff, 0xffff, 0xffff,
    0xffff, 0xffff, 0xffff, 0xffff, 0xffff, 0xffff, 0xffff, 0xffff, 0xffff, 0xffff, 0xffff, 0xffff, 0xffff, 0xffff, 0xffff, 0xffff,
    0xffff, 0xffff, 0xffff, 0xffff, 0xffff, 0xffff, 0xffff, 0xffff, 0xffff, 0xffff, 0xffff, 0xffff, 0xffff, 0xffff, 0xffff, 0xffff,
    0xffff, 0xffff, 0xffff, 0xffff, 0xffff, 0xffff, 0xffff, 0xffff, 0xffff, 0xffff, 0xffff, 0xffff, 0xffff, 0xffff, 0xffff, 0xffff,
    0xffff, 0xffff, 0xffff, 0xffff, 0xffff, 0xffff, 0xffff, 0xffff, 0xffff, 0xffff, 0xffff, 0xffff, 0xffff, 0xffff, 0xffff, 0xffff,
    0xffff, 0xffff, 0xffff, 0xffff, 0xffff, 0xffff, 0xffff, 0xffff, 0xffff, 0xffff, 0xffff, 0xffff, 0xffff, 0xffff, 0xffff, 0xffff,
    0xffff, 0xffff, 0xffff, 0xffff, 0xffff, 0xffff, 0xffff, 0xffff, 0xffff, 0xffff, 0xffff, 0xffff, 0xffff, 0xffff, 0xffff, 0xffff,
    0xffff, 0xffff, 0xffff, 0xffff, 0xffff, 0xffff, 0xffff, 0xffff, 0xffff, 0xffff, 0xffff, 0xffff, 0xffff, 0xffff, 0xffff, 0xffff,
    0xffff, 0xffff, 0xffff, 0xffff, 0xffff, 0xffff, 0xffff, 0xffff, 0xffff, 0xffff, 0xffff, 0xffff, 0xffff, 0xffff, 0xffff, 0xffff,
    0xffff, 0xffff, 0xffff, 0xa578, 0x220e, 0xef1b, 0x4a6c, 0x9c70, 0xffb8, 0xff9a, 0xff17, 0x4b31, 0x01b0, 0x9d78, 0xffff, 0xffff,
    0xffff, 0xffbc, 0xff9a, 0xffba, 0xcdf4, 0x8434, 0xac92, 0xa431, 0x83b0, 0xc572, 0xff15, 0xff77, 0xf717, 0xe675, 0xf6d5, 0xf717,
    0xe5d1, 0xed6f, 0x9c30, 0x326e, 0x2a4e, 0x010c, 0x012d, 0x014d, 0x016e, 0x01ae, 0x01ae, 0x018e, 0x018e, 0x018e, 0x018d, 0x018e,
    0x016e, 0x5aef, 0x7bd2, 0x6bf4, 0xc512, 0x8bf0, 0x3a2d, 0xa44f, 0xff56, 0xff57, 0xff57, 0xff57, 0xff78, 0xff15, 0xfd8e, 0xfeb4,
    0xff57, 0xfed4, 0xff16, 0xff57, 0xfef5, 0xfdaf, 0xfdd0, 0x9c51, 0x3a2d, 0x4af0, 0x6371, 0x220e, 0x11ae, 0x09cf, 0x09f0, 0x01af,
    0x018e, 0x018f, 0x018e, 0x018e, 0x01ae, 0x09ae, 0x016e, 0x018e, 0x222f, 0x09af, 0x016f, 0x016e, 0x220f, 0x3270, 0x52f0, 0xe634,
    0xffbd, 0xffbd, 0xff79, 0xffff, 0xffff, 0xffbc, 0x63f4, 0x010c, 0x5351, 0xdf1d, 0xffff, 0xffff, 0x7c75, 0x19ee, 0xe75d, 0xffff,
    0xffff, 0xffff, 0xffff, 0xffff, 0xffff, 0xffff, 0xffff, 0xffff, 0xffff, 0xffff, 0xffff, 0xffff, 0xffff, 0xffff, 0xffff, 0xffff,
    0xffff, 0xffff, 0xffff, 0xffff, 0xffff, 0xffff, 0xffff, 0xffff, 0xffff, 0xffff, 0xffff, 0xffff, 0xffff, 0xffff, 0xffff, 0xffff,
    0xffff, 0xffff, 0xffff, 0xffff, 0xffff, 0xffff, 0xffff, 0xffff, 0xffff, 0xffff, 0xffff, 0xffff, 0xffff, 0xffff, 0xffff, 0xffff,
    0xffff, 0xffff, 0xffff, 0xffff, 0xffff, 0xffff, 0xffff, 0xffff, 0xffff, 0xffff, 0xffff, 0xffff, 0xffff, 0xffff, 0xffff, 0xffff,
    0xffff, 0xffff, 0xffff, 0xffff, 0xffff, 0xffff, 0xffff, 0xffff, 0xffff, 0xffff, 0xffff, 0xffff, 0xffff, 0xffff, 0xffff, 0xffff,
    0xffff, 0xffff, 0xffff, 0xffff, 0xffff, 0xffff, 0xffff, 0xffff, 0xffff, 0xffff, 0xffff, 0xffff, 0xffff, 0xffff, 0xffff, 0xffff,
    0xffff, 0xffff, 0xffff, 0xffff, 0xffff, 0xffff, 0xffff, 0xffff, 0xffff, 0xffff, 0xffff, 0xffff, 0xffff, 0xffff, 0xffff, 0xffff,
    0xffff, 0xffff, 0xffff, 0xffff, 0xffff, 0xffff, 0xffff, 0xffff, 0xffff, 0xffff, 0xffff, 0xffff, 0xffff, 0xffff, 0xffff, 0xffff,
    0xffff, 0xffff, 0xffff, 0xffff, 0xffff, 0xffff, 0xffff, 0xffff, 0xffff, 0xffff, 0xffff, 0xffff, 0xffff, 0xffff, 0xffff, 0xffff,
    0xffff, 0xffff, 0xffff, 0xffff, 0xffff, 0xffff, 0xffff, 0xffff, 0xffff, 0xffff, 0xffff, 0xffff, 0xffff, 0xffff, 0xffff, 0xffff,
    0xffff, 0xffff, 0xffff, 0xffff, 0xffff, 0xffff, 0xffff, 0xffff, 0xffff, 0xffff, 0xffff, 0xffff, 0xffff, 0xffff, 0xffff, 0xffff,
    0xffff, 0xffff, 0xffff, 0xffff, 0xffff, 0xffff, 0xffff, 0xffff, 0xffff, 0xffff, 0xffff, 0xffff, 0xffff, 0xffff, 0xffff, 0xffff,
    0xffff, 0xffff, 0xffff, 0xffff, 0xffff, 0xffff, 0xffff, 0xffff, 0xffff, 0xffff, 0xffff, 0xffff, 0xffff, 0xffff, 0xffff, 0xffff,
    0xffff, 0xffff, 0xffff, 0xa599, 0x19ee, 0xff9c, 0x4aaf, 0x090c, 0xb512, 0xff9a, 0xff78, 0xacb1, 0x222f, 0x7497, 0xf7df, 0xffff,
    0xffff, 0xff9a, 0xff7a, 0xffbb, 0xf6b5, 0xbd33, 0x9432, 0xc4f1, 0xf631, 0xff16, 0xff57, 0xff57, 0xff77, 0xff78, 0xff98, 0xffb8,
    0xff75, 0xff14, 0xff14, 0xff14, 0xfe72, 0xacb0, 0xacd0, 0x9c2f, 0x3a4d, 0x018e, 0x018d, 0x016d, 0x014d, 0x014e, 0x016e, 0x016e,
    0x11cf, 0x018d, 0x6351, 0x6c15, 0x5332, 0x3a4d, 0xb46e, 0xfe30, 0xff16, 0xff57, 0xff57, 0xff57, 0xff78, 0xfef5, 0xfd6e, 0xfe93,
    0xfed5, 0xfdef, 0xfe31, 0xf632, 0xfdaf, 0xdcce, 0x734f, 0x3a6f, 0x4290, 0x01cf, 0x2251, 0x018e, 0x018d, 0x018d, 0x018d, 0x018e,
    0x018e, 0x018e, 0x018e, 0x016e, 0x014d, 0x114c, 0x5acd, 0xac4e, 0xbc6f, 0x42af, 0x5b4f, 0x838e, 0x7371, 0x42d1, 0x2230, 0x5aef,
    0xff39, 0xffde, 0xffbc, 0xffff, 0xffff, 0xe71b, 0x4b73, 0x116d, 0xe73b, 0xffff, 0xffde, 0xfffe, 0xf79d, 0x19ce, 0xd6fc, 0xffff,
    0xffff, 0xffff, 0xffff, 0xffff, 0xffff, 0xffff, 0xffff, 0xffff, 0xffff, 0xffff, 0xffff, 0xffff, 0xffff, 0xffff, 0xffff, 0xffff,
    0xffff, 0xffff, 0xffff, 0xffff, 0xffff, 0xffff, 0xffff, 0xffff, 0xffff, 0xffff, 0xffff, 0xffff, 0xffff, 0xffff, 0xffff, 0xffff,
    0xffff, 0xffff, 0xffff, 0xffff, 0xffff, 0xffff, 0xffff, 0xffff, 0xffff, 0xffff, 0xffff, 0xffff, 0xffff, 0xffff, 0xffff, 0xffff,
    0xffff, 0xffff, 0xffff, 0xffff, 0xffff, 0xffff, 0xffff, 0xffff, 0xffff, 0xffff, 0xffff, 0xffff, 0xffff, 0xffff, 0xffff, 0xffff,
    0xffff, 0xffff, 0xffff, 0xffff, 0xffff, 0xffff, 0xffff, 0xffff, 0xffff, 0xffff, 0xffff, 0xffff, 0xffff, 0xffff, 0xffff, 0xffff,
    0xffff, 0xffff, 0xffff, 0xffff, 0xffff, 0xffff, 0xffff, 0xffff, 0xffff, 0xffff, 0xffff, 0xffff, 0xffff, 0xffff, 0xffff, 0xffff,
    0xffff, 0xffff, 0xffff, 0xffff, 0xffff, 0xffff, 0xffff, 0xffff, 0xffff, 0xffff, 0xffff, 0xffff, 0xffff, 0xffff, 0xffff, 0xffff,
    0xffff, 0xffff, 0xffff, 0xffff, 0xffff, 0xffff, 0xffff, 0xffff, 0xffff, 0xffff, 0xffff, 0xffff, 0xffff, 0xffff, 0xffff, 0xffff,
    0xffff, 0xffff, 0xffff, 0xffff, 0xffff, 0xffff, 0xffff, 0xffff, 0xffff, 0xffff, 0xffff, 0xffff, 0xffff, 0xffff, 0xffff, 0xffff,
    0xffff, 0xffff, 0xffff, 0xffff, 0xffff, 0xffff, 0xffff, 0xffff, 0xffff, 0xffff, 0xffff, 0xffff, 0xffff, 0xffff, 0xffff, 0xffff,
    0xffff, 0xffff, 0xffff, 0xffff, 0xffff, 0xffff, 0xffff, 0xffff, 0xffff, 0xffff, 0xffff, 0xffff, 0xffff, 0xffff, 0xffff, 0xffff,
    0xffff, 0xffff, 0xffff, 0xffff, 0xffff, 0xffff, 0xffff, 0xffff, 0xffff, 0xffff, 0xffff, 0xffff, 0xffff, 0xffff, 0xffff, 0xffff,
    0xffff, 0xffff, 0xffff, 0xffff, 0xffff, 0xffff, 0xffff, 0xffff, 0xffff, 0xffff, 0xffff, 0xffff, 0xffff, 0xffff, 0xffff, 0xffff,
    0xffff, 0xffff, 0xffff, 0xa599, 0x19ce, 0xffdb, 0x6b4f, 0x214c, 0x31ed, 0xb574, 0xff77, 0xedd1, 0x4aaf, 0x43d6, 0xae5c, 0xffff,
    0xffff, 0xffff, 0xffdd, 0xff79, 0xff16, 0xfe92, 0xfdf0, 0xfed5, 0xff57, 0xff78, 0xff58, 0xff77, 0xff14, 0xfef5, 0xcdf4, 0xad12,
    0xacf1, 0xacd1, 0xacd0, 0xa4af, 0xac8e, 0xbcaf, 0xbccf, 0xbc8f, 0x9baf, 0x834f, 0x93cf, 0x9bcf, 0x4a8e, 0x322d, 0x2a0d, 0x29ed,
    0x6b50, 0x52af, 0xa3ef, 0x7bd2, 0x530f, 0xc4cf, 0xfe0f, 0xfe92, 0xff57, 0xff57, 0xff57, 0xff57, 0xff78, 0xff16, 0xf5f0, 0xfdcf,
    0xfd8e, 0xdd10, 0xc46e, 0xf54e, 0xf5d0, 0x93d0, 0x09f0, 0x19ee, 0x428f, 0x01ae, 0x018e, 0x018e, 0x016d, 0x014e, 0x014e, 0x014e,
    0x014d, 0x016d, 0x016d, 0x21ee, 0x632e, 0xc46f, 0xfe52, 0xfe92, 0xe614, 0xeef8, 0xff14, 0xdccd, 0x7370, 0x6371, 0x73d2, 0x83f2,
    0xbd32, 0xffbc, 0xffff, 0xffff, 0xffff, 0xb61b, 0x2a91, 0xa556, 0xffdc, 0xfffd, 0xde97, 0x9c91, 0xce77, 0x19ce, 0xd6fd, 0xffff,
    0xffff, 0xffff, 0xffff, 0xffff, 0xffff, 0xffff, 0xffff, 0xffff, 0xffff, 0xffff, 0xffff, 0xffff, 0xffff, 0xffff, 0xffff, 0xffff,
    0xffff, 0xffff, 0xffff, 0xffff, 0xffff, 0xffff, 0xffff, 0xffff, 0xffff, 0xffff, 0xffff, 0xffff, 0xffff, 0xffff, 0xffff, 0xffff,
    0xffff, 0xffff, 0xffff, 0xffff, 0xffff, 0xffff, 0xffff, 0xffff, 0xffff, 0xffff, 0xffff, 0xffff, 0xffff, 0xffff, 0xffff, 0xffff,
    0xffff, 0xffff, 0xffff, 0xffff, 0xffff, 0xffff, 0xffff, 0xffff, 0xffff, 0xffff, 0xffff, 0xffff, 0xffff, 0xffff, 0xffff, 0xffff,
    0xffff, 0xffff, 0xffff, 0xffff, 0xffff, 0xffff, 0xffff, 0xffff, 0xffff, 0xffff, 0xffff, 0xffff, 0xffff, 0xffff, 0xffff, 0xffff,
    0xffff, 0xffff, 0xffff, 0xffff, 0xffff, 0xffff, 0xffff, 0xffff, 0xffff, 0xffff, 0xffff, 0xffff, 0xffff, 0xffff, 0xffff, 0xffff,
    0xffff, 0xffff, 0xffff, 0xffff, 0xffff, 0xffff, 0xffff, 0xffff, 0xffff, 0xffff, 0xffff, 0xffff, 0xffff, 0xffff, 0xffff, 0xffff,
    0xffff, 0xffff, 0xffff, 0xffff, 0xffff, 0xffff, 0xffff, 0xffff, 0xffff, 0xffff, 0xffff, 0xffff, 0xffff, 0xffff, 0xffff, 0xffff,
    0xffff, 0xffff, 0xffff, 0xffff, 0xffff, 0xffff, 0xffff, 0xffff, 0xffff, 0xffff, 0xffff, 0xffff, 0xffff, 0xffff, 0xffff, 0xffff,
    0xffff, 0xffff, 0xffff, 0xffff, 0xffff, 0xffff, 0xffff, 0xffff, 0xffff, 0xffff, 0xffff, 0xffff, 0xffff, 0xffff, 0xffff, 0xffff,
    0xffff, 0xffff, 0xffff, 0xffff, 0xffff, 0xffff, 0xffff, 0xffff, 0xffff, 0xffff, 0xffff, 0xffff, 0xffff, 0xffff, 0xffff, 0xffff,
    0xffff, 0xffff, 0xffff, 0xffff, 0xffff, 0xffff, 0xffff, 0xffff, 0xffff, 0xffff, 0xffff, 0xffff, 0xffff, 0xffff, 0xffff, 0xffff,
    0xffff, 0xffff, 0xffff, 0xffff, 0xffff, 0xffff, 0xffff, 0xffff, 0xffff, 0xffff, 0xffff, 0xffff, 0xffff, 0xffff, 0xffff, 0xffff,
    0xffff, 0xffff, 0xffff, 0xadb9, 0x19ce, 0xffbc, 0x83af, 0x9aec, 0x422d, 0x420c, 0xee52, 0xfe92, 0x5310, 0x2b55, 0xf7df, 0xffff,
    0xffff, 0xfffe, 0xffbc, 0xff16, 0xfe72, 0xfe52, 0xfe93, 0xff37, 0xff59, 0xff58, 0xff16, 0xfe92, 0xcccd, 0xa3cc, 0x31eb, 0x092b,
    0x29cb, 0x3a0c, 0x3a2c, 0x3a2d, 0x31ed, 0x198e, 0x19ae, 0x21ee, 0x21ee, 0x19cd, 0x19ce, 0x21ed, 0x9bef, 0xe4cf, 0xd44e, 0xdc6e,
    0xecce, 0xcc2d, 0xecad, 0xdcce, 0xed6f, 0xfdef, 0xfe52, 0xff57, 0xff57, 0xff57, 0xff57, 0xff58, 0xff58, 0xff57, 0xff57, 0xf611,
    0xfd8d, 0xac50, 0x93f0, 0xfd8f, 0xc470, 0x7392, 0x2250, 0x018e, 0x014d, 0x016e, 0x014d, 0x096c, 0x2a0d, 0x322d, 0x3a4d, 0x428d,
    0x3a4d, 0x83af, 0xcd10, 0xf652, 0xff75, 0xff96, 0xff76, 0xff99, 0xffba, 0xffba, 0xff39, 0xeeb7, 0xff57, 0xfed3, 0xa492, 0x63b4,
    0xad35, 0xf715, 0xffbc, 0xffdf, 0xffff, 0xa5da, 0x2231, 0xad13, 0xffd8, 0xe6f9, 0x4aae, 0x216c, 0xcdf6, 0x19ce, 0xd71d, 0xffff,
    0xffff, 0xffff, 0xffff, 0xffff, 0xffff, 0xffff, 0xffff, 0xffff, 0xffff, 0xffff, 0xffff, 0xffff, 0xffff, 0xffff, 0xffff, 0xffff,
    0xffff, 0xffff, 0xffff, 0xffff, 0xffff, 0xffff, 0xffff, 0xffff, 0xffff, 0xffff, 0xffff, 0xffff, 0xffff, 0xffff, 0xffff, 0xffff,
    0xffff, 0xffff, 0xffff, 0xffff, 0xffff, 0xffff, 0xffff, 0xffff, 0xffff, 0xffff, 0xffff, 0xffff, 0xffff, 0xffff, 0xffff, 0xffff,
    0xffff, 0xffff, 0xffff, 0xffff, 0xffff, 0xffff, 0xffff, 0xffff, 0xffff, 0xffff, 0xffff, 0xffff, 0xffff, 0xffff, 0xffff, 0xffff,
    0xffff, 0xffff, 0xffff, 0xffff, 0xffff, 0xffff, 0xffff, 0xffff, 0xffff, 0xffff, 0xffff, 0xffff, 0xffff, 0xffff, 0xffff, 0xffff,
    0xffff, 0xffff, 0xffff, 0xffff, 0xffff, 0xffff, 0xffff, 0xffff, 0xffff, 0xffff, 0xffff, 0xffff, 0xffff, 0xffff, 0xffff, 0xffff,
    0xffff, 0xffff, 0xffff, 0xffff, 0xffff, 0xffff, 0xffff, 0xffff, 0xffff, 0xffff, 0xffff, 0xffff, 0xffff, 0xffff, 0xffff, 0xffff,
    0xffff, 0xffff, 0xffff, 0xffff, 0xffff, 0xffff, 0xffff, 0xffff, 0xffff, 0xffff, 0xffff, 0xffff, 0xffff, 0xffff, 0xffff, 0xffff,
    0xffff, 0xffff, 0xffff, 0xffff, 0xffff, 0xffff, 0xffff, 0xffff, 0xffff, 0xffff, 0xffff, 0xffff, 0xffff, 0xffff, 0xffff, 0xffff,
    0xffff, 0xffff, 0xffff, 0xffff, 0xffff, 0xffff, 0xffff, 0xffff, 0xffff, 0xffff, 0xffff, 0xffff, 0xffff, 0xffff, 0xffff, 0xffff,
    0xffff, 0xffff, 0xffff, 0xffff, 0xffff, 0xffff, 0xffff, 0xffff, 0xffff, 0xffff, 0xffff, 0xffff, 0xffff, 0xffff, 0xffff, 0xffff,
    0xffff, 0xffff, 0xffff, 0xffff, 0xffff, 0xffff, 0xffff, 0xffff, 0xffff, 0xffff, 0xffff, 0xffff, 0xffff, 0xffff, 0xffff, 0xffff,
    0xffff, 0xffff, 0xffff, 0xffff, 0xffff, 0xffff, 0xffff, 0xffff, 0xffff, 0xffff, 0xffff, 0xffff, 0xffff, 0xffff, 0xffff, 0xffff,
    0xffff, 0xffff, 0xffff, 0xa598, 0x096d, 0xfffe, 0xcccf, 0xb309, 0x8b4e, 0xe614, 0xbc0c, 0xf5f1, 0x5b50, 0x22f5, 0xf7be, 0xffff,
    0xffff, 0xffdd, 0xff98, 0xfef5, 0xfe72, 0xfe52, 0xfe71, 0xfed3, 0xff57, 0xff97, 0xf5af, 0xa38d, 0x08ec, 0x29ec, 0x6b0e, 0xc48e,
    0xfe50, 0xdd71, 0xa450, 0x7b2e, 0x62ce, 0x3a2d, 0x2a0d, 0x19ac, 0x21ee, 0x3a6f, 0x3a4f, 0x220e, 0x19ad, 0x322e, 0x6b2f, 0xd4cf,
    0xe4af, 0xa410, 0xc44f, 0xf52d, 0xfd4e, 0xf5ae, 0xfe72, 0xff78, 0xff57, 0xff57, 0xff57, 0xff57, 0xff57, 0xff78, 0xff58, 0xfef5,
    0xfe30, 0xe4ef, 0x9c11, 0x9bd1, 0xcc91, 0x73b2, 0x3af2, 0x4352, 0x5352, 0x5b10, 0x4aaf, 0x734f, 0x93ae, 0x838e, 0x8bce, 0x8bce,
    0x8bcf, 0x93ee, 0x9c2e, 0xac8f, 0xa490, 0xcd71, 0xfe93, 0xff14, 0xff76, 0xff79, 0xff99, 0xff9a, 0xff37, 0xfeb2, 0xedf2, 0xbd54,
    0x8454, 0xd656, 0xffdb, 0xffdf, 0xffff, 0x8d18, 0x19cf, 0xbdd6, 0xef59, 0x3a4d, 0x396a, 0xb3ce, 0xde96, 0x19ce, 0xd6fc, 0xffff,
    0xffff, 0xffff, 0xffff, 0xffff, 0xffff, 0xffff, 0xffff, 0xffff, 0xffff, 0xffff, 0xffff, 0xffff, 0xffff, 0xffff, 0xffff, 0xffff,
    0xffff, 0xffff, 0xffff, 0xffff, 0xffff, 0xffff, 0xffff, 0xffff, 0xffff, 0xffff, 0xffff, 0xffff, 0xffff, 0xffff, 0xffff, 0xffff,
    0xffff, 0xffff, 0xffff, 0xffff, 0xffff, 0xffff, 0xffff, 0xffff, 0xffff, 0xffff, 0xffff, 0xffff, 0xffff, 0xffff, 0xffff, 0xffff,
    0xffff, 0xffff, 0xffff, 0xffff, 0xffff, 0xffff, 0xffff, 0xffff, 0xffff, 0xffff, 0xffff, 0xffff, 0xffff, 0xffff, 0xffff, 0xffff,
    0xffff, 0xffff, 0xffff, 0xffff, 0xffff, 0xffff, 0xffff, 0xffff, 0xffff, 0xffff, 0xffff, 0xffff, 0xffff, 0xffff, 0xffff, 0xffff,
    0xffff, 0xffff, 0xffff, 0xffff, 0xffff, 0xffff, 0xffff, 0xffff, 0xffff, 0xffff, 0xffff, 0xffff, 0xffff, 0xffff, 0xffff, 0xffff,
    0xffff, 0xffff, 0xffff, 0xffff, 0xffff, 0xffff, 0xffff, 0xffff, 0xffff, 0xffff, 0xffff, 0xffff, 0xffff, 0xffff, 0xffff, 0xffff,
    0xffff, 0xffff, 0xffff, 0xffff, 0xffff, 0xffff, 0xffff, 0xffff, 0xffff, 0xffff, 0xffff, 0xffff, 0xffff, 0xffff, 0xffff, 0xffff,
    0xffff, 0xffff, 0xffff, 0xffff, 0xffff, 0xffff, 0xffff, 0xffff, 0xffff, 0xffff, 0xffff, 0xffff, 0xffff, 0xffff, 0xffff, 0xffff,
    0xffff, 0xffff, 0xffff, 0xffff, 0xffff, 0xffff, 0xffff, 0xffff, 0xffff, 0xffff, 0xffff, 0xffff, 0xffff, 0xffff, 0xffff, 0xffff,
    0xffff, 0xffff, 0xffff, 0xffff, 0xffff, 0xffff, 0xffff, 0xffff, 0xffff, 0xffff, 0xffff, 0xffff, 0xffff, 0xffff, 0xffff, 0xffff,
    0xffff, 0xffff, 0xffff, 0xffff, 0xffff, 0xffff, 0xffff, 0xffff, 0xffff, 0xffff, 0xffff, 0xffff, 0xffff, 0xffff, 0xffff, 0xffff,
    0xffff, 0xffff, 0xffff, 0xffff, 0xffff, 0xffff, 0xffff, 0xffff, 0xffff, 0xffff, 0xffff, 0xffff, 0xffff, 0xffff, 0xffff, 0xffff,
    0xffff, 0xffff, 0xffff, 0xd6dc, 0x7454, 0x9cf5, 0xdcad, 0xd38a, 0xa38f, 0xfffc, 0xbc8e, 0xb4d1, 0xacb1, 0x9c51, 0xffbe, 0xffff,
    0xffde, 0xffbc, 0xff78, 0xfef5, 0xfeb3, 0xfe52, 0xfe51, 0xfef4, 0xff57, 0xfe52, 0x7b2d, 0x0069, 0x83ae, 0xf673, 0xfe53, 0x9bcd,
    0x6b2d, 0x19ac, 0x012d, 0x012d, 0x010c, 0x010d, 0x19cd, 0x4b72, 0x018e, 0x094c, 0x21ac, 0x3a4e, 0x426e, 0x19ad, 0x016e, 0x5b31,
    0x9412, 0x63b3, 0x4353, 0x5332, 0xb40f, 0xf5b0, 0xfe51, 0xff16, 0xff57, 0xff57, 0xff99, 0xff79, 0xff79, 0xffbc, 0xffdd, 0xff78,
    0xfe50, 0xfd6d, 0xdc8d, 0xbbef, 0xa431, 0x8c12, 0x8c33, 0x8c53, 0xbc91, 0xa3f0, 0x52cf, 0x3a6e, 0x11ad, 0x29ed, 0x3a0d, 0x320d,
    0x3a2d, 0x528d, 0x528d, 0x6b0d, 0x732d, 0x628c, 0x5a6c, 0x62ac, 0xb4af, 0xfe72, 0xff35, 0xff58, 0xff78, 0xff79, 0xf6d6, 0xee34,
    0xe5f2, 0xff36, 0xff9a, 0xffdf, 0xffff, 0x5393, 0x6350, 0xffdc, 0x42f1, 0x114d, 0xbbac, 0xe4ef, 0xef7a, 0x114d, 0xd6bc, 0xffff,
    0xffff, 0xffff, 0xffff, 0xffff, 0xffff, 0xffff, 0xffff, 0xffff, 0xffff, 0xffff, 0xffff, 0xffff, 0xffff, 0xffff, 0xffff, 0xffff,
    0xffff, 0xffff, 0xffff, 0xffff, 0xffff, 0xffff, 0xffff, 0xffff, 0xffff, 0xffff, 0xffff, 0xffff, 0xffff, 0xffff, 0xffff, 0xffff,
    0xffff, 0xffff, 0xffff, 0xffff, 0xffff, 0xffff, 0xffff, 0xffff, 0xffff, 0xffff, 0xffff, 0xffff, 0xffff, 0xffff, 0xffff, 0xffff,
    0xffff, 0xffff, 0xffff, 0xffff, 0xffff, 0xffff, 0xffff, 0xffff, 0xffff, 0xffff, 0xffff, 0xffff, 0xffff, 0xffff, 0xffff, 0xffff,
    0xffff, 0xffff, 0xffff, 0xffff, 0xffff, 0xffff, 0xffff, 0xffff, 0xffff, 0xffff, 0xffff, 0xffff, 0xffff, 0xffff, 0xffff, 0xffff,
    0xffff, 0xffff, 0xffff, 0xffff, 0xffff, 0xffff, 0xffff, 0xffff, 0xffff, 0xffff, 0xffff, 0xffff, 0xffff, 0xffff, 0xffff, 0xffff,
    0xffff, 0xffff, 0xffff, 0xffff, 0xffff, 0xffff, 0xffff, 0xffff, 0xffff, 0xffff, 0xffff, 0xffff, 0xffff, 0xffff, 0xffff, 0xffff,
    0xffff, 0xffff, 0xffff, 0xffff, 0xffff, 0xffff, 0xffff, 0xffff, 0xffff, 0xffff, 0xffff, 0xffff, 0xffff, 0xffff, 0xffff, 0xffff,
    0xffff, 0xffff, 0xffff, 0xffff, 0xffff, 0xffff, 0xffff, 0xffff, 0xffff, 0xffff, 0xffff, 0xffff, 0xffff, 0xffff, 0xffff, 0xffff,
    0xffff, 0xffff, 0xffff, 0xffff, 0xffff, 0xffff, 0xffff, 0xffff, 0xffff, 0xffff, 0xffff, 0xffff, 0xffff, 0xffff, 0xffff, 0xffff,
    0xffff, 0xffff, 0xffff, 0xffff, 0xffff, 0xffff, 0xffff, 0xffff, 0xffff, 0xffff, 0xffff, 0xffff, 0xffff, 0xffff, 0xffff, 0xffff,
    0xffff, 0xffff, 0xffff, 0xffff, 0xffff, 0xffff, 0xffff, 0xffff, 0xffff, 0xffff, 0xffff, 0xffff, 0xffff, 0xffff, 0xffff, 0xffff,
    0xffff, 0xffff, 0xffff, 0xffff, 0xffff, 0xffff, 0xffff, 0xffff, 0xffff, 0xffff, 0xffff, 0xffff, 0xffff, 0xffff, 0xffff, 0xffff,
    0xffff, 0xffff, 0xffff, 0xffff, 0xf7df, 0x092b, 0xb4d1, 0xdcae, 0x932e, 0xffbd, 0xff37, 0x630f, 0xa42f, 0xe4ee, 0xffde, 0xffff,
    0xffff, 0xffdd, 0xff77, 0xff36, 0xfed4, 0xfe92, 0xfe52, 0xff57, 0xee53, 0x730d, 0x098d, 0x93ce, 0xe5b1, 0x83ef, 0x21ce, 0x00ab,
    0x21ed, 0x63f4, 0x09af, 0x1231, 0x2333, 0x012e, 0x3ab1, 0xadf9, 0x32f2, 0x012c, 0x73b2, 0x528d, 0x320d, 0x4a8f, 0x2a50, 0x016e,
    0x4270, 0x6351, 0x4b53, 0x0a72, 0x3271, 0xd4cf, 0xfdcf, 0xfed4, 0xff77, 0xff57, 0xfffe, 0xffff, 0xffff, 0xffff, 0xffff, 0xffbc,
    0xfe92, 0xfe2f, 0xd4af, 0x93d1, 0x6bb3, 0x63b3, 0x5b72, 0x4af1, 0x3a4f, 0x11ad, 0x2a2e, 0x3a4e, 0x52cf, 0x6aee, 0x62ce, 0x62ee,
    0x62ce, 0x734e, 0x8bcf, 0x9c0f, 0xa40f, 0xac6f, 0x8bcf, 0x630e, 0x110b, 0x6acc, 0xed8f, 0xfe91, 0xff78, 0xff9b, 0xffbb, 0xff36,
    0xfe72, 0xff16, 0xffbb, 0xffdf, 0xffff, 0x4312, 0x9492, 0xf675, 0x7b6f, 0x21ce, 0xdc4d, 0xde36, 0x63b4, 0xad99, 0xf79e, 0xffff,
    0xffff, 0xffff, 0xffff, 0xffff, 0xffff, 0xffff, 0xffff, 0xffff, 0xffff, 0xffff, 0xffff, 0xffff, 0xffff, 0xffff, 0xffff, 0xffff,
    0xffff, 0xffff, 0xffff, 0xffff, 0xffff, 0xffff, 0xffff, 0xffff, 0xffff, 0xffff, 0xffff, 0xffff, 0xffff, 0xffff, 0xffff, 0xffff,
    0xffff, 0xffff, 0xffff, 0xffff, 0xffff, 0xffff, 0xffff, 0xffff, 0xffff, 0xffff, 0xffff, 0xffff, 0xffff, 0xffff, 0xffff, 0xffff,
    0xffff, 0xffff, 0xffff, 0xffff, 0xffff, 0xffff, 0xffff, 0xffff, 0xffff, 0xffff, 0xffff, 0xffff, 0xffff, 0xffff, 0xffff, 0xffff,
    0xffff, 0xffff, 0xffff, 0xffff, 0xffff, 0xffff, 0xffff, 0xffff, 0xffff, 0xffff, 0xffff, 0xffff, 0xffff, 0xffff, 0xffff, 0xffff,
    0xffff, 0xffff, 0xffff, 0xffff, 0xffff, 0xffff, 0xffff, 0xffff, 0xffff, 0xffff, 0xffff, 0xffff, 0xffff, 0xffff, 0xffff, 0xffff,
    0xffff, 0xffff, 0xffff, 0xffff, 0xffff, 0xffff, 0xffff, 0xffff, 0xffff, 0xffff, 0xffff, 0xffff, 0xffff, 0xffff, 0xffff, 0xffff,
    0xffff, 0xffff, 0xffff, 0xffff, 0xffff, 0xffff, 0xffff, 0xffff, 0xffff, 0xffff, 0xffff, 0xffff, 0xffff, 0xffff, 0xffff, 0xffff,
    0xffff, 0xffff, 0xffff, 0xffff, 0xffff, 0xffff, 0xffff, 0xffff, 0xffff, 0xffff, 0xffff, 0xffff, 0xffff, 0xffff, 0xffff, 0xffff,
    0xffff, 0xffff, 0xffff, 0xffff, 0xffff, 0xffff, 0xffff, 0xffff, 0xffff, 0xffff, 0xffff, 0xffff, 0xffff, 0xffff, 0xffff, 0xffff,
    0xffff, 0xffff, 0xffff, 0xffff, 0xffff, 0xffff, 0xffff, 0xffff, 0xffff, 0xffff, 0xffff, 0xffff, 0xffff, 0xffff, 0xffff, 0xffff,
    0xffff, 0xffff, 0xffff, 0xffff, 0xffff, 0xffff, 0xffff, 0xffff, 0xffff, 0xffff, 0xffff, 0xffff, 0xffff, 0xffff, 0xffff, 0xffff,
    0xffff, 0xffff, 0xffff, 0xffff, 0xffff, 0xffff, 0xffff, 0xffff, 0xffff, 0xffff, 0xffff, 0xffff, 0xffff, 0xffff, 0xffff, 0xffff,
    0xffff, 0xffff, 0xffff, 0xffff, 0xef9e, 0x198d, 0xad75, 0xe572, 0x932d, 0xffdf, 0xff59, 0xdd70, 0xbc4e, 0x836d, 0xffbd, 0xffff,
    0xffdf, 0xffbc, 0xff57, 0xfe93, 0xfe72, 0xfed3, 0xfe92, 0xfe30, 0xdc4c, 0x62ad, 0x6b0e, 0x8bcf, 0x29cd, 0x00ad, 0x21ad, 0x8b8e,
    0xef1a, 0xf7de, 0x098e, 0x1ab3, 0x44d9, 0x01d0, 0x00ed, 0x22d2, 0x2b96, 0x018e, 0xce9b, 0xf677, 0x6acc, 0x198d, 0x322e, 0x3a70,
    0x016e, 0x11cf, 0x4b32, 0x4353, 0x01d0, 0x6b2f, 0xf58f, 0xfef5, 0xff57, 0xff78, 0xffbc, 0xfffe, 0xffff, 0xffff, 0xffff, 0xffde,
    0xff98, 0xd531, 0x4a4f, 0x2250, 0x32f3, 0x2ab2, 0x09cf, 0x012d, 0x29ee, 0x5acf, 0x52af, 0x21cd, 0x096e, 0x016e, 0x014e, 0x00ed,
    0x2270, 0x2ab1, 0x010d, 0x010d, 0x006b, 0x5aad, 0xac4e, 0xc4ae, 0x836e, 0x29ac, 0x5a4d, 0xc44d, 0xfeb2, 0xff77, 0xff9b, 0xff57,
    0xff15, 0xff16, 0xffbb, 0xffff, 0xffff, 0x5353, 0x5aef, 0xe591, 0xcdb4, 0x31cc, 0xed2f, 0xd6ba, 0x198f, 0xf7bf, 0xffff, 0xffff,
    0xffff, 0xffff, 0xffff, 0xffff, 0xffff, 0xffff, 0xffff, 0xffff, 0xffff, 0xffff, 0xffff, 0xffff, 0xffff, 0xffff, 0xffff, 0xffff,
    0xffff, 0xffff, 0xffff, 0xffff, 0xffff, 0xffff, 0xffff, 0xffff, 0xffff, 0xffff, 0xffff, 0xffff, 0xffff, 0xffff, 0xffff, 0xffff,
    0xffff, 0xffff, 0xffff, 0xffff, 0xffff, 0xffff, 0xffff, 0xffff, 0xffff, 0xffff, 0xffff, 0xffff, 0xffff, 0xffff, 0xffff, 0xffff,
    0xffff, 0xffff, 0xffff, 0xffff, 0xffff, 0xffff, 0xffff, 0xffff, 0xffff, 0xffff, 0xffff, 0xffff, 0xffff, 0xffff, 0xffff, 0xffff,
    0xffff, 0xffff, 0xffff, 0xffff, 0xffff, 0xffff, 0xffff, 0xffff, 0xffff, 0xffff, 0xffff, 0xffff, 0xffff, 0xffff, 0xffff, 0xffff,
    0xffff, 0xffff, 0xffff, 0xffff, 0xffff, 0xffff, 0xffff, 0xffff, 0xffff, 0xffff, 0xffff, 0xffff, 0xffff, 0xffff, 0xffff, 0xffff,
    0xffff, 0xffff, 0xffff, 0xffff, 0xffff, 0xffff, 0xffff, 0xffff, 0xffff, 0xffff, 0xffff, 0xffff, 0xffff, 0xffff, 0xffff, 0xffff,
    0xffff, 0xffff, 0xffff, 0xffff, 0xffff, 0xffff, 0xffff, 0xffff, 0xffff, 0xffff, 0xffff, 0xffff, 0xffff, 0xffff, 0xffff, 0xffff,
    0xffff, 0xffff, 0xffff, 0xffff, 0xffff, 0xffff, 0xffff, 0xffff, 0xffff, 0xffff, 0xffff, 0xffff, 0xffff, 0xffff, 0xffff, 0xffff,
    0xffff, 0xffff, 0xffff, 0xffff, 0xffff, 0xffff, 0xffff, 0xffff, 0xffff, 0xffff, 0xffff, 0xffff, 0xffff, 0xffff, 0xffff, 0xffff,
    0xffff, 0xffff, 0xffff, 0xffff, 0xffff, 0xffff, 0xffff, 0xffff, 0xffff, 0xffff, 0xffff, 0xffff, 0xffff, 0xffff, 0xffff, 0xffff,
    0xffff, 0xffff, 0xffff, 0xffff, 0xffff, 0xffff, 0xffff, 0xffff, 0xffff, 0xffff, 0xffff, 0xffff, 0xffff, 0xffff, 0xffff, 0xffff,
    0xffff, 0xffff, 0xffff, 0xffff, 0xffff, 0xffff, 0xffff, 0xffff, 0xffff, 0xffff, 0xffff, 0xffff, 0xffff, 0xffff, 0xffff, 0xffff,
    0xffff, 0xffff, 0xffff, 0xffff, 0xf7be, 0x118d, 0xad96, 0xd5b4, 0x524e, 0xf7bf, 0xff59, 0xfe4f, 0xccce, 0x19ef, 0xef9e, 0xffff,
    0xffff, 0xff9b, 0xff36, 0xfeb3, 0xfe52, 0xfdd0, 0xe550, 0xac0e, 0x8b6f, 0x83b0, 0x42cf, 0x00cc, 0x19ce, 0x116d, 0x832d, 0xfd8e,
    0xff9b, 0xf7df, 0x5b92, 0x0210, 0x44da, 0x33f7, 0x2bb6, 0x5d5a, 0x22d3, 0x014c, 0xdf3d, 0xfffd, 0xf592, 0x7b2f, 0x2a0e, 0x29ee,
    0x6310, 0x29ee, 0x016e, 0x6393, 0x4b12, 0x3270, 0xed4f, 0xfed4, 0xff56, 0xff9a, 0xffff, 0xffff, 0xffff, 0xffff, 0xffff, 0xffdd,
    0xfef4, 0x5b0f, 0x010d, 0x22b2, 0x2271, 0x014e, 0x21ce, 0x52d0, 0x6310, 0x29ed, 0x4af0, 0x63b3, 0x014e, 0x23d7, 0x1252, 0x00cc,
    0x7cb7, 0xae7c, 0x01ae, 0x09ad, 0x63f3, 0x096c, 0x004a, 0x116d, 0xa3ee, 0xdcef, 0x00eb, 0x6ace, 0xedb0, 0xfed3, 0xff9a, 0xff16,
    0xfe92, 0xff16, 0xffbc, 0xffdf, 0xffff, 0x53b4, 0x00cc, 0xbdf7, 0xeef7, 0x724a, 0xf5f4, 0xd71c, 0x29ee, 0xef5e, 0xffff, 0xffff,
    0xffff, 0xffff, 0xffff, 0xffff, 0xffff, 0xffff, 0xffff, 0xffff, 0xffff, 0xffff, 0xffff, 0xffff, 0xffff, 0xffff, 0xffff, 0xffff,
    0xffff, 0xffff, 0xffff, 0xffff, 0xffff, 0xffff, 0xffff, 0xffff, 0xffff, 0xffff, 0xffff, 0xffff, 0xffff, 0xffff, 0xffff, 0xffff,
    0xffff, 0xffff, 0xffff, 0xffff, 0xffff, 0xffff, 0xffff, 0xffff, 0xffff, 0xffff, 0xffff, 0xffff, 0xffff, 0xffff, 0xffff, 0xffff,
    0xffff, 0xffff, 0xffff, 0xffff, 0xffff, 0xffff, 0xffff, 0xffff, 0xffff, 0xffff, 0xffff, 0xffff, 0xffff, 0xffff, 0xffff, 0xffff,
    0xffff, 0xffff, 0xffff, 0xffff, 0xffff, 0xffff, 0xffff, 0xffff, 0xffff, 0xffff, 0xffff, 0xffff, 0xffff, 0xffff, 0xffff, 0xffff,
    0xffff, 0xffff, 0xffff, 0xffff, 0xffff, 0xffff, 0xffff, 0xffff, 0xffff, 0xffff, 0xffff, 0xffff, 0xffff, 0xffff, 0xffff, 0xffff,
    0xffff, 0xffff, 0xffff, 0xffff, 0xffff, 0xffff, 0xffff, 0xffff, 0xffff, 0xffff, 0xffff, 0xffff, 0xffff, 0xffff, 0xffff, 0xffff,
    0xffff, 0xffff, 0xffff, 0xffff, 0xffff, 0xffff, 0xffff, 0xffff, 0xffff, 0xffff, 0xffff, 0xffff, 0xffff, 0xffff, 0xffff, 0xffff,
    0xffff, 0xffff, 0xffff, 0xffff, 0xffff, 0xffff, 0xffff, 0xffff, 0xffff, 0xffff, 0xffff, 0xffff, 0xffff, 0xffff, 0xffff, 0xffff,
    0xffff, 0xffff, 0xffff, 0xffff, 0xffff, 0xffff, 0xffff, 0xffff, 0xffff, 0xffff, 0xffff, 0xffff, 0xffff, 0xffff, 0xffff, 0xffff,
    0xffff, 0xffff, 0xffff, 0xffff, 0xffff, 0xffff, 0xffff, 0xffff, 0xffff, 0xffff, 0xffff, 0xffff, 0xffff, 0xffff, 0xffff, 0xffff,
    0xffff, 0xffff, 0xffff, 0xffff, 0xffff, 0xffff, 0xffff, 0xffff, 0xffff, 0xffff, 0xffff, 0xffff, 0xffff, 0xffff, 0xffff, 0xffff,
    0xffff, 0xffff, 0xffff, 0xffff, 0xffff, 0xffff, 0xffff, 0xffff, 0xffff, 0xffff, 0xffff, 0xffff, 0xffff, 0xffff, 0xffff, 0xffff,
    0xffff, 0xffff, 0xffff, 0xffff, 0xf7bf, 0x116d, 0xa577, 0xc5d6, 0x19cf, 0xef9f, 0xff79, 0xfe0f, 0xd4ee, 0x2a2f, 0xef9e, 0xffff,
    0xffff, 0xff9b, 0xff56, 0xff56, 0xfe51, 0xfd4d, 0xd48e, 0x7bd0, 0x83af, 0x8b6e, 0x93af, 0xa3ce, 0xe5f3, 0xcdd4, 0x4a2c, 0x9b8d,
    0xe5d3, 0xfffe, 0xd71c, 0x224f, 0x1293, 0x3c59, 0x3c99, 0x1a92, 0x00cc, 0x9d98, 0xffff, 0xc67a, 0x5330, 0x3a8f, 0x1a10, 0x012d,
    0x2a0e, 0x8bb0, 0x39ed, 0x324f, 0x5b73, 0x5af0, 0xed4f, 0xfe93, 0xff57, 0xff79, 0xfffe, 0xffff, 0xffff, 0xffff, 0xffff, 0xffdc,
    0xee33, 0x21cd, 0x1a51, 0x2b34, 0x012d, 0x39ed, 0x5af1, 0x222e, 0x194b, 0x7aab, 0xffdc, 0xbe3a, 0x00ec, 0x3479, 0x1af4, 0x012d,
    0x1a71, 0x4cb9, 0x0a31, 0x11ad, 0xf7de, 0xce59, 0x52ef, 0x010b, 0x010b, 0x628d, 0x5aad, 0x3a4d, 0xabce, 0xf58f, 0xfef6, 0xf672,
    0xfe93, 0xff9a, 0xffbc, 0xffde, 0xffff, 0x4b73, 0x196c, 0xe6b7, 0xff37, 0xcb6a, 0xf635, 0xe77d, 0x114c, 0xe75e, 0xffff, 0xffff,
    0xffff, 0xffff, 0xffff, 0xffff, 0xffff, 0xffff, 0xffff, 0xffff, 0xffff, 0xffff, 0xffff, 0xffff, 0xffff, 0xffff, 0xffff, 0xffff,
    0xffff, 0xffff, 0xffff, 0xffff, 0xffff, 0xffff, 0xffff, 0xffff, 0xffff, 0xffff, 0xffff, 0xffff, 0xffff, 0xffff, 0xffff, 0xffff,
    0xffff, 0xffff, 0xffff, 0xffff, 0xffff, 0xffff, 0xffff, 0xffff, 0xffff, 0xffff, 0xffff, 0xffff, 0xffff, 0xffff, 0xffff, 0xffff,
    0xffff, 0xffff, 0xffff, 0xffff, 0xffff, 0xffff, 0xffff, 0xffff, 0xffff, 0xffff, 0xffff, 0xffff, 0xffff, 0xffff, 0xffff, 0xffff,
    0xffff, 0xffff, 0xffff, 0xffff, 0xffff, 0xffff, 0xffff, 0xffff, 0xffff, 0xffff, 0xffff, 0xffff, 0xffff, 0xffff, 0xffff, 0xffff,
    0xffff, 0xffff, 0xffff, 0xffff, 0xffff, 0xffff, 0xffff, 0xffff, 0xffff, 0xffff, 0xffff, 0xffff, 0xffff, 0xffff, 0xffff, 0xffff,
    0xffff, 0xffff, 0xffff, 0xffff, 0xffff, 0xffff, 0xffff, 0xffff, 0xffff, 0xffff, 0xffff, 0xffff, 0xffff, 0xffff, 0xffff, 0xffff,
    0xffff, 0xffff, 0xffff, 0xffff, 0xffff, 0xffff, 0xffff, 0xffff, 0xffff, 0xffff, 0xffff, 0xffff, 0xffff, 0xffff, 0xffff, 0xffff,
    0xffff, 0xffff, 0xffff, 0xffff, 0xffff, 0xffff, 0xffff, 0xffff, 0xffff, 0xffff, 0xffff, 0xffff, 0xffff, 0xffff, 0xffff, 0xffff,
    0xffff, 0xffff, 0xffff, 0xffff, 0xffff, 0xffff, 0xffff, 0xffff, 0xffff, 0xffff, 0xffff, 0xffff, 0xffff, 0xffff, 0xffff, 0xffff,
    0xffff, 0xffff, 0xffff, 0xffff, 0xffff, 0xffff, 0xffff, 0xffff, 0xffff, 0xffff, 0xffff, 0xffff, 0xffff, 0xffff, 0xffff, 0xffff,
    0xffff, 0xffff, 0xffff, 0xffff, 0xffff, 0xffff, 0xffff, 0xffff, 0xffff, 0xffff, 0xffff, 0xffff, 0xffff, 0xffff, 0xffff, 0xffff,
    0xffff, 0xffff, 0xffff, 0xffff, 0xffff, 0xffff, 0xffff, 0xffff, 0xffff, 0xffff, 0xffff, 0xffff, 0xffff, 0xffff, 0xffff, 0xffff,
    0xffff, 0xffff, 0xffff, 0xffff, 0xf7bf, 0x21ce, 0x9537, 0xf719, 0x734e, 0xef9e, 0xff78, 0xfdef, 0xb3ec, 0x21ef, 0xef9e, 0xffff,
    0xffff, 0xffdd, 0xff57, 0xff36, 0xfef5, 0xfdf0, 0xfd6e, 0xfdae, 0xfd4e, 0xfd4e, 0xfe10, 0xfdf0, 0xff16, 0xff77, 0xde55, 0x73d1,
    0x836e, 0xccae, 0xf6f9, 0xbe39, 0x42d0, 0x2250, 0x2250, 0x19ee, 0x9515, 0xff7a, 0xe5b3, 0xabee, 0x8b4c, 0x72ed, 0x5a8d, 0x19ee,
    0x014e, 0x19ed, 0xa410, 0x6330, 0x2271, 0x3ab0, 0xed2e, 0xfe52, 0xff57, 0xff57, 0xffdd, 0xffff, 0xffff, 0xffff, 0xffff, 0xffdd,
    0xee52, 0x32d1, 0x22d3, 0x21cd, 0x6aee, 0x52ef, 0x11ae, 0x2a0d, 0x830d, 0xf50e, 0xfffe, 0xdf1d, 0x19ad, 0x2335, 0x44ba, 0x5d3b,
    0x6ddc, 0x3c37, 0x010e, 0x2a2f, 0xf7bf, 0xffff, 0xf5d2, 0x934d, 0x21ed, 0x010b, 0x21ad, 0x014e, 0x6aae, 0xfd2e, 0xfdef, 0xff35,
    0xff78, 0xff15, 0xff78, 0xffbe, 0xffff, 0x4311, 0x6b6f, 0xffba, 0xf717, 0xecee, 0xde57, 0x6bf4, 0x9d37, 0xf7bf, 0xffff, 0xffff,
    0xffff, 0xffff, 0xffff, 0xffff, 0xffff, 0xffff, 0xffff, 0xffff, 0xffff, 0xffff, 0xffff, 0xffff, 0xffff, 0xffff, 0xffff, 0xffff,
    0xffff, 0xffff, 0xffff, 0xffff, 0xffff, 0xffff, 0xffff, 0xffff, 0xffff, 0xffff, 0xffff, 0xffff, 0xffff, 0xffff, 0xffff, 0xffff,
    0xffff, 0xffff, 0xffff, 0xffff, 0xffff, 0xffff, 0xffff, 0xffff, 0xffff, 0xffff, 0xffff, 0xffff, 0xffff, 0xffff, 0xffff, 0xffff,
    0xffff, 0xffff, 0xffff, 0xffff, 0xffff, 0xffff, 0xffff, 0xffff, 0xffff, 0xffff, 0xffff, 0xffff, 0xffff, 0xffff, 0xffff, 0xffff,
    0xffff, 0xffff, 0xffff, 0xffff, 0xffff, 0xffff, 0xffff, 0xffff, 0xffff, 0xffff, 0xffff, 0xffff, 0xffff, 0xffff, 0xffff, 0xffff,
    0xffff, 0xffff, 0xffff, 0xffff, 0xffff, 0xffff, 0xffff, 0xffff, 0xffff, 0xffff, 0xffff, 0xffff, 0xffff, 0xffff, 0xffff, 0xffff,
    0xffff, 0xffff, 0xffff, 0xffff, 0xffff, 0xffff, 0xffff, 0xffff, 0xffff, 0xffff, 0xffff, 0xffff, 0xffff, 0xffff, 0xffff, 0xffff,
    0xffff, 0xffff, 0xffff, 0xffff, 0xffff, 0xffff, 0xffff, 0xffff, 0xffff, 0xffff, 0xffff, 0xffff, 0xffff, 0xffff, 0xffff, 0xffff,
    0xffff, 0xffff, 0xffff, 0xffff, 0xffff, 0xffff, 0xffff, 0xffff, 0xffff, 0xffff, 0xffff, 0xffff, 0xffff, 0xffff, 0xffff, 0xffff,
    0xffff, 0xffff, 0xffff, 0xffff, 0xffff, 0xffff, 0xffff, 0xffff, 0xffff, 0xffff, 0xffff, 0xffff, 0xffff, 0xffff, 0xffff, 0xffff,
    0xffff, 0xffff, 0xffff, 0xffff, 0xffff, 0xffff, 0xffff, 0xffff, 0xffff, 0xffff, 0xffff, 0xffff, 0xffff, 0xffff, 0xffff, 0xffff,
    0xffff, 0xffff, 0xffff, 0xffff, 0xffff, 0xffff, 0xffff, 0xffff, 0xffff, 0xffff, 0xffff, 0xffff, 0xffff, 0xffff, 0xffff, 0xffff,
    0xffff, 0xffff, 0xffff, 0xffff, 0xffff, 0xffff, 0xffff, 0xffff, 0xffff, 0xffff, 0xffff, 0xffff, 0xffff, 0xffff, 0xffff, 0xffff,
    0xffff, 0xffff, 0xffff, 0xffff, 0xffdf, 0xe73d, 0x63f3, 0x5351, 0xff9c, 0xf79b, 0xfe93, 0xfd4c, 0xd44c, 0x29ee, 0xef9e, 0xffff,
    0xffff, 0xffdd, 0xff78, 0xff56, 0xff57, 0xfeb3, 0xfd6d, 0xf54d, 0xfd2d, 0xfe52, 0xff15, 0xf5cf, 0xff16, 0xff98, 0xff58, 0xff9b,
    0xde36, 0xddf3, 0xbcf0, 0xd615, 0xff98, 0xe696, 0xde96, 0xeeb6, 0xee54, 0xf671, 0xf5ef, 0xfe10, 0xfdf0, 0xfcac, 0xf4ac, 0xc42d,
    0x834e, 0x5a8d, 0xdcef, 0x6b30, 0x3a90, 0x93cf, 0xed0e, 0xfe11, 0xff56, 0xff57, 0xffdd, 0xffff, 0xffff, 0xffff, 0xffff, 0xffdd,
    0xf672, 0x42b0, 0x3ab1, 0xbc0e, 0x9bee, 0x010d, 0x018e, 0x21ee, 0x3a2c, 0x834d, 0xcd52, 0xff7a, 0x7c53, 0x012d, 0x0a52, 0x3333,
    0x1ab2, 0x010d, 0x092c, 0xadb9, 0xfffe, 0xf6d5, 0xdccd, 0x6a6b, 0x424d, 0xbccf, 0xa48f, 0x21ed, 0x426f, 0x8b8e, 0xccf0, 0xfe12,
    0xf5d2, 0xfe93, 0xff98, 0xffbe, 0xffff, 0x42f1, 0x9471, 0xffb9, 0xf6f7, 0xf5f1, 0xc67a, 0x118e, 0xf7ff, 0xffff, 0xffff, 0xffff,
    0xffff, 0xffff, 0xffff, 0xffff, 0xffff, 0xffff, 0xffff, 0xffff, 0xffff, 0xffff, 0xffff, 0xffff, 0xffff, 0xffff, 0xffff, 0xffff,
    0xffff, 0xffff, 0xffff, 0xffff, 0xffff, 0xffff, 0xffff, 0xffff, 0xffff, 0xffff, 0xffff, 0xffff, 0xffff, 0xffff, 0xffff, 0xffff,
    0xffff, 0xffff, 0xffff, 0xffff, 0xffff, 0xffff, 0xffff, 0xffff, 0xffff, 0xffff, 0xffff, 0xffff, 0xffff, 0xffff, 0xffff, 0xffff,
    0xffff, 0xffff, 0xffff, 0xffff, 0xffff, 0xffff, 0xffff, 0xffff, 0xffff, 0xffff, 0xffff, 0xffff, 0xffff, 0xffff, 0xffff, 0xffff,
    0xffff, 0xffff, 0xffff, 0xffff, 0xffff, 0xffff, 0xffff, 0xffff, 0xffff, 0xffff, 0xffff, 0xffff, 0xffff, 0xffff, 0xffff, 0xffff,
    0xffff, 0xffff, 0xffff, 0xffff, 0xffff, 0xffff, 0xffff, 0xffff, 0xffff, 0xffff, 0xffff, 0xffff, 0xffff, 0xffff, 0xffff, 0xffff,
    0xffff, 0xffff, 0xffff, 0xffff, 0xffff, 0xffff, 0xffff, 0xffff, 0xffff, 0xffff, 0xffff, 0xffff, 0xffff, 0xffff, 0xffff, 0xffff,
    0xffff, 0xffff, 0xffff, 0xffff, 0xffff, 0xffff, 0xffff, 0xffff, 0xffff, 0xffff, 0xffff, 0xffff, 0xffff, 0xffff, 0xffff, 0xffff,
    0xffff, 0xffff, 0xffff, 0xffff, 0xffff, 0xffff, 0xffff, 0xffff, 0xffff, 0xffff, 0xffff, 0xffff, 0xffff, 0xffff, 0xffff, 0xffff,
    0xffff, 0xffff, 0xffff, 0xffff, 0xffff, 0xffff, 0xffff, 0xffff, 0xffff, 0xffff, 0xffff, 0xffff, 0xffff, 0xffff, 0xffff, 0xffff,
    0xffff, 0xffff, 0xffff, 0xffff, 0xffff, 0xffff, 0xffff, 0xffff, 0xffff, 0xffff, 0xffff, 0xffff, 0xffff, 0xffff, 0xffff, 0xffff,
    0xffff, 0xffff, 0xffff, 0xffff, 0xffff, 0xffff, 0xffff, 0xffff, 0xffff, 0xffff, 0xffff, 0xffff, 0xffff, 0xffff, 0xffff, 0xffff,
    0xffff, 0xffff, 0xffff, 0xffff, 0xffff, 0xffff, 0xffff, 0xffff, 0xffff, 0xffff, 0xffff, 0xffff, 0xffff, 0xffff, 0xffff, 0xffff,
    0xffff, 0xffff, 0xffff, 0xffff, 0xffdf, 0xffff, 0x5bb3, 0x2a4f, 0xffff, 0xf717, 0xf52c, 0xfd0c, 0xd42c, 0x2a0d, 0xef9e, 0xffff,
    0xffff, 0xffde, 0xff99, 0xff57, 0xff57, 0xff36, 0xfe31, 0xfdf0, 0xfe52, 0xff57, 0xfed4, 0xfd8e, 0xfed4, 0xff78, 0xff58, 0xff9a,
    0xffb9, 0xfffb, 0xe696, 0xee95, 0xdd90, 0xe54f, 0xc550, 0xddf2, 0xe570, 0xf610, 0xfeb1, 0xedb0, 0xdc8e, 0xe46c, 0xdc6d, 0xecce,
    0xac30, 0x83d1, 0x6b30, 0x42d1, 0x9bef, 0xe46d, 0xed2e, 0xfe72, 0xff57, 0xff9a, 0xfffe, 0xffff, 0xffff, 0xffff, 0xffff, 0xffff,
    0xff16, 0x9410, 0x52f0, 0xccb0, 0xc40d, 0x9b8e, 0xabcd, 0xa3ad, 0xbc2e, 0xe4af, 0xe48d, 0xe4ce, 0xfe95, 0xad95, 0x6b90, 0x73d1,
    0x73f2, 0x73f3, 0xbe38, 0xffda, 0xe5d2, 0xdcee, 0x930b, 0xa451, 0xe73c, 0xffbd, 0xffb8, 0xd570, 0x7b8f, 0x632e, 0xb42e, 0xf54f,
    0xfeb4, 0xff57, 0xff78, 0xffbd, 0xffff, 0x42f2, 0x8b8d, 0xfe71, 0xf6b5, 0xfe53, 0xce9b, 0x118e, 0xef7e, 0xffff, 0xffff, 0xffff,
    0xffff, 0xffff, 0xffff, 0xffff, 0xffff, 0xffff, 0xffff, 0xffff, 0xffff, 0xffff, 0xffff, 0xffff, 0xffff, 0xffff, 0xffff, 0xffff,
    0xffff, 0xffff, 0xffff, 0xffff, 0xffff, 0xffff, 0xffff, 0xffff, 0xffff, 0xffff, 0xffff, 0xffff, 0xffff, 0xffff, 0xffff, 0xffff,
    0xffff, 0xffff, 0xffff, 0xffff, 0xffff, 0xffff, 0xffff, 0xffff, 0xffff, 0xffff, 0xffff, 0xffff, 0xffff, 0xffff, 0xffff, 0xffff,
    0xffff, 0xffff, 0xffff, 0xffff, 0xffff, 0xffff, 0xffff, 0xffff, 0xffff, 0xffff, 0xffff, 0xffff, 0xffff, 0xffff, 0xffff, 0xffff,
    0xffff, 0xffff, 0xffff, 0xffff, 0xffff, 0xffff, 0xffff, 0xffff, 0xffff, 0xffff, 0xffff, 0xffff, 0xffff, 0xffff, 0xffff, 0xffff,
    0xffff, 0xffff, 0xffff, 0xffff, 0xffff, 0xffff, 0xffff, 0xffff, 0xffff, 0xffff, 0xffff, 0xffff, 0xffff, 0xffff, 0xffff, 0xffff,
    0xffff, 0xffff, 0xffff, 0xffff, 0xffff, 0xffff, 0xffff, 0xffff, 0xffff, 0xffff, 0xffff, 0xffff, 0xffff, 0xffff, 0xffff, 0xffff,
    0xffff, 0xffff, 0xffff, 0xffff, 0xffff, 0xffff, 0xffff, 0xffff, 0xffff, 0xffff, 0xffff, 0xffff, 0xffff, 0xffff, 0xffff, 0xffff,
    0xffff, 0xffff, 0xffff, 0xffff, 0xffff, 0xffff, 0xffff, 0xffff, 0xffff, 0xffff, 0xffff, 0xffff, 0xffff, 0xffff, 0xffff, 0xffff,
    0xffff, 0xffff, 0xffff, 0xffff, 0xffff, 0xffff, 0xffff, 0xffff, 0xffff, 0xffff, 0xffff, 0xffff, 0xffff, 0xffff, 0xffff, 0xffff,
    0xffff, 0xffff, 0xffff, 0xffff, 0xffff, 0xffff, 0xffff, 0xffff, 0xffff, 0xffff, 0xffff, 0xffff, 0xffff, 0xffff, 0xffff, 0xffff,
    0xffff, 0xffff, 0xffff, 0xffff, 0xffff, 0xffff, 0xffff, 0xffff, 0xffff, 0xffff, 0xffff, 0xffff, 0xffff, 0xffff, 0xffff, 0xffff,
    0xffff, 0xffff, 0xffff, 0xffff, 0xffff, 0xffff, 0xffff, 0xffff, 0xffff, 0xffff, 0xffff, 0xffff, 0xffff, 0xffff, 0xffff, 0xffff,
    0xffff, 0xffff, 0xffff, 0xffff, 0xffdf, 0xffff, 0x5bd3, 0x2a6f, 0xffff, 0xfef7, 0xf4eb, 0xfcec, 0xdc6c, 0x320e, 0xef9f, 0xffff,
    0xffff, 0xfffe, 0xffbb, 0xff9a, 0xff57, 0xff57, 0xff15, 0xfed5, 0xff77, 0xff37, 0xff57, 0xfdcf, 0xf58f, 0xfe93, 0xff35, 0xfeb4,
    0xfe73, 0xf673, 0xff77, 0xff98, 0xff77, 0xff78, 0xff98, 0xff15, 0xfeb2, 0xfdef, 0xdcce, 0xbc2e, 0xcc4e, 0xf4cd, 0x9bf0, 0x6bb3,
    0x5b73, 0x3313, 0x5b31, 0xb44f, 0xf50d, 0xdcad, 0xf590, 0xfe93, 0xff58, 0xffdd, 0xffff, 0xffff, 0xffff, 0xffff, 0xffff, 0xffff,
    0xff78, 0xee12, 0xa3f0, 0x5b72, 0xb430, 0xb42f, 0xfccc, 0xfcac, 0xd46e, 0xbc4f, 0xb450, 0xcc8e, 0xed0e, 0xcd51, 0xe634, 0xe634,
    0xfed4, 0xff17, 0xdd92, 0xf5ef, 0xc3cb, 0xc42e, 0xf6b6, 0xf719, 0xffbb, 0xffde, 0xff78, 0xff37, 0xfe94, 0xfdd0, 0xfdf0, 0xfed3,
    0xff77, 0xff78, 0xff9a, 0xffde, 0xffff, 0x42f1, 0x8b6d, 0xfe10, 0xf6d6, 0xee96, 0x84b6, 0x7cb6, 0xffdf, 0xffff, 0xffff, 0xffff,
    0xffff, 0xffff, 0xffff, 0xffff, 0xffff, 0xffff, 0xffff, 0xffff, 0xffff, 0xffff, 0xffff, 0xffff, 0xffff, 0xffff, 0xffff, 0xffff,
    0xffff, 0xffff, 0xffff, 0xffff, 0xffff, 0xffff, 0xffff, 0xffff, 0xffff, 0xffff, 0xffff, 0xffff, 0xffff, 0xffff, 0xffff, 0xffff,
    0xffff, 0xffff, 0xffff, 0xffff, 0xffff, 0xffff, 0xffff, 0xffff, 0xffff, 0xffff, 0xffff, 0xffff, 0xffff, 0xffff, 0xffff, 0xffff,
    0xffff, 0xffff, 0xffff, 0xffff, 0xffff, 0xffff, 0xffff, 0xffff, 0xffff, 0xffff, 0xffff, 0xffff, 0xffff, 0xffff, 0xffff, 0xffff,
    0xffff, 0xffff, 0xffff, 0xffff, 0xffff, 0xffff, 0xffff, 0xffff, 0xffff, 0xffff, 0xffff, 0xffff, 0xffff, 0xffff, 0xffff, 0xffff,
    0xffff, 0xffff, 0xffff, 0xffff, 0xffff, 0xffff, 0xffff, 0xffff, 0xffff, 0xffff, 0xffff, 0xffff, 0xffff, 0xffff, 0xffff, 0xffff,
    0xffff, 0xffff, 0xffff, 0xffff, 0xffff, 0xffff, 0xffff, 0xffff, 0xffff, 0xffff, 0xffff, 0xffff, 0xffff, 0xffff, 0xffff, 0xffff,
    0xffff, 0xffff, 0xffff, 0xffff, 0xffff, 0xffff, 0xffff, 0xffff, 0xffff, 0xffff, 0xffff, 0xffff, 0xffff, 0xffff, 0xffff, 0xffff,
    0xffff, 0xffff, 0xffff, 0xffff, 0xffff, 0xffff, 0xffff, 0xffff, 0xffff, 0xffff, 0xffff, 0xffff, 0xffff, 0xffff, 0xffff, 0xffff,
    0xffff, 0xffff, 0xffff, 0xffff, 0xffff, 0xffff, 0xffff, 0xffff, 0xffff, 0xffff, 0xffff, 0xffff, 0xffff, 0xffff, 0xffff, 0xffff,
    0xffff, 0xffff, 0xffff, 0xffff, 0xffff, 0xffff, 0xffff, 0xffff, 0xffff, 0xffff, 0xffff, 0xffff, 0xffff, 0xffff, 0xffff, 0xffff,
    0xffff, 0xffff, 0xffff, 0xffff, 0xffff, 0xffff, 0xffff, 0xffff, 0xffff, 0xffff, 0xffff, 0xffff, 0xffff, 0xffff, 0xffff, 0xffff,
    0xffff, 0xffff, 0xffff, 0xffff, 0xffff, 0xffff, 0xffff, 0xffff, 0xffff, 0xffff, 0xffff, 0xffff, 0xffff, 0xffff, 0xffff, 0xffff,
    0xffff, 0xffff, 0xffff, 0xffff, 0xffff, 0xffff, 0x63d3, 0x2a4f, 0xffff, 0xfef6, 0xfceb, 0xecac, 0x932d, 0x2a2f, 0xef9e, 0xffff,
    0xffff, 0xffff, 0xffdd, 0xffbb, 0xff57, 0xff57, 0xff16, 0xff16, 0xff57, 0xff78, 0xfed4, 0xfd8e, 0xf52d, 0xf58e, 0xfe71, 0xfeb2,
    0xfe71, 0xfdcf, 0xfdf0, 0xfe10, 0xfe10, 0xfe11, 0xfe10, 0xf58e, 0xf50d, 0xe4ad, 0xe4ad, 0xeccd, 0xf4ed, 0xcc6f, 0x73f3, 0x53b5,
    0x6bb3, 0x93d0, 0xd4ae, 0xfd2c, 0xf54d, 0xfe10, 0xfdaf, 0xfe52, 0xff78, 0xff9a, 0xffde, 0xffff, 0xffff, 0xffff, 0xffff, 0xffff,
    0xff79, 0xff36, 0xf653, 0xac50, 0x9411, 0x4b32, 0x9412, 0xc44f, 0xe4ae, 0xd48f, 0xbc6f, 0xe4ee, 0xeccd, 0xcc4d, 0xc48e, 0xc4cf,
    0xedd1, 0xee32, 0xd531, 0xf695, 0xf6d8, 0xff5a, 0xffde, 0xffdb, 0xff57, 0xff9b, 0xff78, 0xffbc, 0xff79, 0xff15, 0xfef5, 0xff36,
    0xff77, 0xff77, 0xffbc, 0xffff, 0xffff, 0x42d1, 0x8b4c, 0xfdaf, 0xff58, 0xd592, 0x198d, 0xffff, 0xffff, 0xffff, 0xffff, 0xffff,
    0xffff, 0xffff, 0xffff, 0xffff, 0xffff, 0xffff, 0xffff, 0xffff, 0xffff, 0xffff, 0xffff, 0xffff, 0xffff, 0xffff, 0xffff, 0xffff,
    0xffff, 0xffff, 0xffff, 0xffff, 0xffff, 0xffff, 0xffff, 0xffff, 0xffff, 0xffff, 0xffff, 0xffff, 0xffff, 0xffff, 0xffff, 0xffff,
    0xffff, 0xffff, 0xffff, 0xffff, 0xffff, 0xffff, 0xffff, 0xffff, 0xffff, 0xffff, 0xffff, 0xffff, 0xffff, 0xffff, 0xffff, 0xffff,
    0xffff, 0xffff, 0xffff, 0xffff, 0xffff, 0xffff, 0xffff, 0xffff, 0xffff, 0xffff, 0xffff, 0xffff, 0xffff, 0xffff, 0xffff, 0xffff,
    0xffff, 0xffff, 0xffff, 0xffff, 0xffff, 0xffff, 0xffff, 0xffff, 0xffff, 0xffff, 0xffff, 0xffff, 0xffff, 0xffff, 0xffff, 0xffff,
    0xffff, 0xffff, 0xffff, 0xffff, 0xffff, 0xffff, 0xffff, 0xffff, 0xffff, 0xffff, 0xffff, 0xffff, 0xffff, 0xffff, 0xffff, 0xffff,
    0xffff, 0xffff, 0xffff, 0xffff, 0xffff, 0xffff, 0xffff, 0xffff, 0xffff, 0xffff, 0xffff, 0xffff, 0xffff, 0xffff, 0xffff, 0xffff,
    0xffff, 0xffff, 0xffff, 0xffff, 0xffff, 0xffff, 0xffff, 0xffff, 0xffff, 0xffff, 0xffff, 0xffff, 0xffff, 0xffff, 0xffff, 0xffff,
    0xffff, 0xffff, 0xffff, 0xffff, 0xffff, 0xffff, 0xffff, 0xffff, 0xffff, 0xffff, 0xffff, 0xffff, 0xffff, 0xffff, 0xffff, 0xffff,
    0xffff, 0xffff, 0xffff, 0xffff, 0xffff, 0xffff, 0xffff, 0xffff, 0xffff, 0xffff, 0xffff, 0xffff, 0xffff, 0xffff, 0xffff, 0xffff,
    0xffff, 0xffff, 0xffff, 0xffff, 0xffff, 0xffff, 0xffff, 0xffff, 0xffff, 0xffff, 0xffff, 0xffff, 0xffff, 0xffff, 0xffff, 0xffff,
    0xffff, 0xffff, 0xffff, 0xffff, 0xffff, 0xffff, 0xffff, 0xffff, 0xffff, 0xffff, 0xffff, 0xffff, 0xffff, 0xffff, 0xffff, 0xffff,
    0xffff, 0xffff, 0xffff, 0xffff, 0xffff, 0xffff, 0xffff, 0xffff, 0xffff, 0xffff, 0xffff, 0xffff, 0xffff, 0xffff, 0xffff, 0xffff,
    0xffff, 0xffff, 0xffff, 0xffff, 0xffff, 0xffff, 0x63b2, 0x220e, 0xffff, 0xfef7, 0xfccb, 0xc3ed, 0x29ac, 0x19ce, 0xef9e, 0xffff,
    0xffff, 0xffff, 0xffff, 0xffbc, 0xff56, 0xff57, 0xff57, 0xff78, 0xff37, 0xf632, 0xf5b0, 0xfeb3, 0xfe52, 0xfd4e, 0xed0d, 0xe571,
    0xf613, 0xfe31, 0xfdd0, 0xfdd0, 0xf5af, 0xfd8e, 0xfd8f, 0xf58f, 0xed4f, 0xf5d0, 0xfdd0, 0xecee, 0xac50, 0x6bd3, 0x63b4, 0x63b4,
    0xb450, 0xfcac, 0xf58f, 0xfe93, 0xfe93, 0xfe93, 0xfdcf, 0xfe72, 0xff78, 0xff57, 0xffbc, 0xffff, 0xffff, 0xffff, 0xffff, 0xffff,
    0xff79, 0xff57, 0xff36, 0xfe51, 0xf5d1, 0xbc91, 0x63d4, 0x6bf4, 0x8c12, 0xcc90, 0xecce, 0xe4cd, 0xfd0d, 0xfd4e, 0xfe11, 0xfef5,
    0xff37, 0xff79, 0xffdc, 0xfffd, 0xfffd, 0xff9b, 0xff17, 0xff36, 0xff78, 0xff58, 0xff58, 0xff9b, 0xffdc, 0xffbb, 0xff78, 0xff78,
    0xff79, 0xff9a, 0xffdd, 0xffff, 0xffff, 0x42f2, 0x936c, 0xfeb4, 0xd6b9, 0x7bd0, 0x8475, 0xffdf, 0xffff, 0xffff, 0xffff, 0xffff,
    0xffff, 0xffff, 0xffff, 0xffff, 0xffff, 0xffff, 0xffff, 0xffff, 0xffff, 0xffff, 0xffff, 0xffff, 0xffff, 0xffff, 0xffff, 0xffff,
    0xffff, 0xffff, 0xffff, 0xffff, 0xffff, 0xffff, 0xffff, 0xffff, 0xffff, 0xffff, 0xffff, 0xffff, 0xffff, 0xffff, 0xffff, 0xffff,
    0xffff, 0xffff, 0xffff, 0xffff, 0xffff, 0xffff, 0xffff, 0xffff, 0xffff, 0xffff, 0xffff, 0xffff, 0xffff, 0xffff, 0xffff, 0xffff,
    0xffff, 0xffff, 0xffff, 0xffff, 0xffff, 0xffff, 0xffff, 0xffff, 0xffff, 0xffff, 0xffff, 0xffff, 0xffff, 0xffff, 0xffff, 0xffff,
    0xffff, 0xffff, 0xffff, 0xffff, 0xffff, 0xffff, 0xffff, 0xffff, 0xffff, 0xffff, 0xffff, 0xffff, 0xffff, 0xffff, 0xffff, 0xffff,
    0xffff, 0xffff, 0xffff, 0xffff, 0xffff, 0xffff, 0xffff, 0xffff, 0xffff, 0xffff, 0xffff, 0xffff, 0xffff, 0xffff, 0xffff, 0xffff,
    0xffff, 0xffff, 0xffff, 0xffff, 0xffff, 0xffff, 0xffff, 0xffff, 0xffff, 0xffff, 0xffff, 0xffff, 0xffff, 0xffff, 0xffff, 0xffff,
    0xffff, 0xffff, 0xffff, 0xffff, 0xffff, 0xffff, 0xffff, 0xffff, 0xffff, 0xffff, 0xffff, 0xffff, 0xffff, 0xffff, 0xffff, 0xffff,
    0xffff, 0xffff, 0xffff, 0xffff, 0xffff, 0xffff, 0xffff, 0xffff, 0xffff, 0xffff, 0xffff, 0xffff, 0xffff, 0xffff, 0xffff, 0xffff,
    0xffff, 0xffff, 0xffff, 0xffff, 0xffff, 0xffff, 0xffff, 0xffff, 0xffff, 0xffff, 0xffff, 0xffff, 0xffff, 0xffff, 0xffff, 0xffff,
    0xffff, 0xffff, 0xffff, 0xffff, 0xffff, 0xffff, 0xffff, 0xffff, 0xffff, 0xffff, 0xffff, 0xffff, 0xffff, 0xffff, 0xffff, 0xffff,
    0xffff, 0xffff, 0xffff, 0xffff, 0xffff, 0xffff, 0xffff, 0xffff, 0xffff, 0xffff, 0xffff, 0xffff, 0xffff, 0xffff, 0xffff, 0xffff,
    0xffff, 0xffff, 0xffff, 0xffff, 0xffff, 0xffff, 0xffff, 0xffff, 0xffff, 0xffff, 0xffff, 0xffff, 0xffff, 0xffff, 0xffff, 0xffff,
    0xffff, 0xffff, 0xffff, 0xffff, 0xffff, 0xffff, 0xdf1c, 0x7455, 0x3ad1, 0xef19, 0xfd4d, 0x8b0d, 0x094c, 0xad56, 0xffdf, 0xffff,
    0xffff, 0xffff, 0xffff, 0xfffe, 0xff78, 0xff57, 0xffdd, 0xff9a, 0xfef5, 0xf694, 0xff15, 0xf6b4, 0xfed4, 0xfe72, 0xfe11, 0xe54f,
    0xe52f, 0xfe31, 0xfeb4, 0xfed5, 0xfeb3, 0xfe50, 0xfe51, 0xfe52, 0xfe92, 0xfd6e, 0xdc8e, 0x83f2, 0x5b93, 0x6bb3, 0xa493, 0xcd31,
    0xed2f, 0xf5f1, 0xfed4, 0xff35, 0xff16, 0xff15, 0xfdf0, 0xfe52, 0xff78, 0xffbb, 0xffff, 0xffff, 0xffff, 0xffff, 0xffff, 0xffff,
    0xff9a, 0xff57, 0xff57, 0xff57, 0xff57, 0xfe11, 0x9c52, 0x6bd4, 0x5bd4, 0x7bf3, 0xd4d0, 0xfd8e, 0xfd6e, 0xfdae, 0xfd6e, 0xfd8e,
    0xfd8e, 0xfdcf, 0xfdd0, 0xfe11, 0xfe52, 0xff15, 0xfef4, 0xff37, 0xff59, 0xff78, 0xff7a, 0xff58, 0xff9a, 0xffbd, 0xffdc, 0xff79,
    0xffbc, 0xffff, 0xffde, 0xffff, 0xffff, 0x3a90, 0x938c, 0xffb9, 0x9d98, 0x11ce, 0xffff, 0xffff, 0xffff, 0xffff, 0xffff, 0xffff,
    0xffff, 0xffff, 0xffff, 0xffff, 0xffff, 0xffff, 0xffff, 0xffff, 0xffff, 0xffff, 0xffff, 0xffff, 0xffff, 0xffff, 0xffff, 0xffff,
    0xffff, 0xffff, 0xffff, 0xffff, 0xffff, 0xffff, 0xffff, 0xffff, 0xffff, 0xffff, 0xffff, 0xffff, 0xffff, 0xffff, 0xffff, 0xffff,
    0xffff, 0xffff, 0xffff, 0xffff, 0xffff, 0xffff, 0xffff, 0xffff, 0xffff, 0xffff, 0xffff, 0xffff, 0xffff, 0xffff, 0xffff, 0xffff,
    0xffff, 0xffff, 0xffff, 0xffff, 0xffff, 0xffff, 0xffff, 0xffff, 0xffff, 0xffff, 0xffff, 0xffff, 0xffff, 0xffff, 0xffff, 0xffff,
    0xffff, 0xffff, 0xffff, 0xffff, 0xffff, 0xffff, 0xffff, 0xffff, 0xffff, 0xffff, 0xffff, 0xffff, 0xffff, 0xffff, 0xffff, 0xffff,
    0xffff, 0xffff, 0xffff, 0xffff, 0xffff, 0xffff, 0xffff, 0xffff, 0xffff, 0xffff, 0xffff, 0xffff, 0xffff, 0xffff, 0xffff, 0xffff,
    0xffff, 0xffff, 0xffff, 0xffff, 0xffff, 0xffff, 0xffff, 0xffff, 0xffff, 0xffff, 0xffff, 0xffff, 0xffff, 0xffff, 0xffff, 0xffff,
    0xffff, 0xffff, 0xffff, 0xffff, 0xffff, 0xffff, 0xffff, 0xffff, 0xffff, 0xffff, 0xffff, 0xffff, 0xffff, 0xffff, 0xffff, 0xffff,
    0xffff, 0xffff, 0xffff, 0xffff, 0xffff, 0xffff, 0xffff, 0xffff, 0xffff, 0xffff, 0xffff, 0xffff, 0xffff, 0xffff, 0xffff, 0xffff,
    0xffff, 0xffff, 0xffff, 0xffff, 0xffff, 0xffff, 0xffff, 0xffff, 0xffff, 0xffff, 0xffff, 0xffff, 0xffff, 0xffff, 0xffff, 0xffff,
    0xffff, 0xffff, 0xffff, 0xffff, 0xffff, 0xffff, 0xffff, 0xffff, 0xffff, 0xffff, 0xffff, 0xffff, 0xffff, 0xffff, 0xffff, 0xffff,
    0xffff, 0xffff, 0xffff, 0xffff, 0xffff, 0xffff, 0xffff, 0xffff, 0xffff, 0xffff, 0xffff, 0xffff, 0xffff, 0xffff, 0xffff, 0xffff,
    0xffff, 0xffff, 0xffff, 0xffff, 0xffff, 0xffff, 0xffff, 0xffff, 0xffff, 0xffff, 0xffff, 0xffff, 0xffff, 0xffff, 0xffff, 0xffff,
    0xffff, 0xffff, 0xffff, 0xffff, 0xffff, 0xffdf, 0xffff, 0x9538, 0x014d, 0xf7bd, 0xfe31, 0x9b2c, 0x196d, 0xf73a, 0xffff, 0xffff,
    0xffff, 0xffff, 0xffff, 0xffde, 0xff9a, 0xff9b, 0xff9a, 0xff78, 0xff9a, 0xffdb, 0xff37, 0xfeb6, 0xff37, 0xff99, 0xff58, 0xff37,
    0xfeb4, 0xf5b0, 0xf56f, 0xf58f, 0xf52e, 0xed4f, 0xed70, 0xdd0f, 0x93f0, 0x83d1, 0x7391, 0x6371, 0xbcf2, 0xe5d1, 0xf673, 0xff14,
    0xfdf1, 0xfed4, 0xff36, 0xff15, 0xff16, 0xff15, 0xfdd0, 0xfe52, 0xff78, 0xffbc, 0xffff, 0xffff, 0xffff, 0xffff, 0xffff, 0xffff,
    0xff9a, 0xff57, 0xff57, 0xff58, 0xff57, 0xff36, 0xfe53, 0xc4f1, 0x73d2, 0x5bb3, 0x7bf3, 0xdccf, 0xfd2e, 0xfdf0, 0xfe11, 0xfdf0,
    0xf5d0, 0xf5f1, 0xfe31, 0xfe93, 0xfed4, 0xff77, 0xff98, 0xff98, 0xff78, 0xff79, 0xffbc, 0xfffe, 0xffbc, 0xff79, 0xffbc, 0xffdc,
    0xffbb, 0xffff, 0xffff, 0xffff, 0xffbd, 0x31ed, 0x9bac, 0xffb9, 0x9db9, 0x220f, 0xffdf, 0xffff, 0xffff, 0xffff, 0xffff, 0xffff,
    0xffff, 0xffff, 0xffff, 0xffff, 0xffff, 0xffff, 0xffff, 0xffff, 0xffff, 0xffff, 0xffff, 0xffff, 0xffff, 0xffff, 0xffff, 0xffff,
    0xffff, 0xffff, 0xffff, 0xffff, 0xffff, 0xffff, 0xffff, 0xffff, 0xffff, 0xffff, 0xffff, 0xffff, 0xffff, 0xffff, 0xffff, 0xffff,
    0xffff, 0xffff, 0xffff, 0xffff, 0xffff, 0xffff, 0xffff, 0xffff, 0xffff, 0xffff, 0xffff, 0xffff, 0xffff, 0xffff, 0xffff, 0xffff,
    0xffff, 0xffff, 0xffff, 0xffff, 0xffff, 0xffff, 0xffff, 0xffff, 0xffff, 0xffff, 0xffff, 0xffff, 0xffff, 0xffff, 0xffff, 0xffff,
    0xffff, 0xffff, 0xffff, 0xffff, 0xffff, 0xffff, 0xffff, 0xffff, 0xffff, 0xffff, 0xffff, 0xffff, 0xffff, 0xffff, 0xffff, 0xffff,
    0xffff, 0xffff, 0xffff, 0xffff, 0xffff, 0xffff, 0xffff, 0xffff, 0xffff, 0xffff, 0xffff, 0xffff, 0xffff, 0xffff, 0xffff, 0xffff,
    0xffff, 0xffff, 0xffff, 0xffff, 0xffff, 0xffff, 0xffff, 0xffff, 0xffff, 0xffff, 0xffff, 0xffff, 0xffff, 0xffff, 0xffff, 0xffff,
    0xffff, 0xffff, 0xffff, 0xffff, 0xffff, 0xffff, 0xffff, 0xffff, 0xffff, 0xffff, 0xffff, 0xffff, 0xffff, 0xffff, 0xffff, 0xffff,
    0xffff, 0xffff, 0xffff, 0xffff, 0xffff, 0xffff, 0xffff, 0xffff, 0xffff, 0xffff, 0xffff, 0xffff, 0xffff, 0xffff, 0xffff, 0xffff,
    0xffff, 0xffff, 0xffff, 0xffff, 0xffff, 0xffff, 0xffff, 0xffff, 0xffff, 0xffff, 0xffff, 0xffff, 0xffff, 0xffff, 0xffff, 0xffff,
    0xffff, 0xffff, 0xffff, 0xffff, 0xffff, 0xffff, 0xffff, 0xffff, 0xffff, 0xffff, 0xffff, 0xffff, 0xffff, 0xffff, 0xffff, 0xffff,
    0xffff, 0xffff, 0xffff, 0xffff, 0xffff, 0xffff, 0xffff, 0xffff, 0xffff, 0xffff, 0xffff, 0xffff, 0xffff, 0xffff, 0xffff, 0xffff,
    0xffff, 0xffff, 0xffff, 0xffff, 0xffff, 0xffff, 0xffff, 0xffff, 0xffff, 0xffff, 0xffff, 0xffff, 0xffff, 0xffff, 0xffff, 0xffff,
    0xffff, 0xffff, 0xffff, 0xffff, 0xffff, 0xffdf, 0xffff, 0x9517, 0x096c, 0xe73d, 0xff57, 0xac0d, 0x194c, 0xe6fa, 0xffff, 0xffff,
    0xffff, 0xffff, 0xffff, 0xffdd, 0xffbb, 0xffbb, 0xff37, 0xffbb, 0xffff, 0xffde, 0xfffe, 0xffff, 0xffdd, 0xffdd, 0xffbd, 0xffbc,
    0xff99, 0xff37, 0xff36, 0xf653, 0xd4ce, 0xb490, 0xb490, 0xccaf, 0xa42f, 0xa430, 0xac4f, 0xcd31, 0xfed5, 0xff14, 0xfef4, 0xff15,
    0xff57, 0xff77, 0xff16, 0xff16, 0xff36, 0xff16, 0xfdd0, 0xfe72, 0xff78, 0xffbb, 0xffdd, 0xffff, 0xffff, 0xffff, 0xffff, 0xffff,
    0xffbb, 0xff57, 0xff57, 0xff57, 0xff57, 0xff57, 0xff36, 0xfef5, 0xddd3, 0xac72, 0x7bf2, 0x6b92, 0xac51, 0xeced, 0xfd8e, 0xfe10,
    0xfe31, 0xfe72, 0xfe72, 0xfe72, 0xfe72, 0xfe31, 0xf611, 0xf611, 0xfeb2, 0xff57, 0xff79, 0xff9a, 0xffbc, 0xffbc, 0xff9b, 0xffbc,
    0xffde, 0xffde, 0xffff, 0xffff, 0xfef8, 0x522a, 0xabec, 0xff99, 0x9579, 0x19ee, 0xffff, 0xffff, 0xffff, 0xffff, 0xffff, 0xffff,
    0xffff, 0xffff, 0xffff, 0xffff, 0xffff, 0xffff, 0xffff, 0xffff, 0xffff, 0xffff, 0xffff, 0xffff, 0xffff, 0xffff, 0xffff, 0xffff,
    0xffff, 0xffff, 0xffff, 0xffff, 0xffff, 0xffff, 0xffff, 0xffff, 0xffff, 0xffff, 0xffff, 0xffff, 0xffff, 0xffff, 0xffff, 0xffff,
    0xffff, 0xffff, 0xffff, 0xffff, 0xffff, 0xffff, 0xffff, 0xffff, 0xffff, 0xffff, 0xffff, 0xffff, 0xffff, 0xffff, 0xffff, 0xffff,
    0xffff, 0xffff, 0xffff, 0xffff, 0xffff, 0xffff, 0xffff, 0xffff, 0xffff, 0xffff, 0xffff, 0xffff, 0xffff, 0xffff, 0xffff, 0xffff,
    0xffff, 0xffff, 0xffff, 0xffff, 0xffff, 0xffff, 0xffff, 0xffff, 0xffff, 0xffff, 0xffff, 0xffff, 0xffff, 0xffff, 0xffff, 0xffff,
    0xffff, 0xffff, 0xffff, 0xffff, 0xffff, 0xffff, 0xffff, 0xffff, 0xffff, 0xffff, 0xffff, 0xffff, 0xffff, 0xffff, 0xffff, 0xffff,
    0xffff, 0xffff, 0xffff, 0xffff, 0xffff, 0xffff, 0xffff, 0xffff, 0xffff, 0xffff, 0xffff, 0xffff, 0xffff, 0xffff, 0xffff, 0xffff,
    0xffff, 0xffff, 0xffff, 0xffff, 0xffff, 0xffff, 0xffff, 0xffff, 0xffff, 0xffff, 0xffff, 0xffff, 0xffff, 0xffff, 0xffff, 0xffff,
    0xffff, 0xffff, 0xffff, 0xffff, 0xffff, 0xffff, 0xffff, 0xffff, 0xffff, 0xffff, 0xffff, 0xffff, 0xffff, 0xffff, 0xffff, 0xffff,
    0xffff, 0xffff, 0xffff, 0xffff, 0xffff, 0xffff, 0xffff, 0xffff, 0xffff, 0xffff, 0xffff, 0xffff, 0xffff, 0xffff, 0xffff, 0xffff,
    0xffff, 0xffff, 0xffff, 0xffff, 0xffff, 0xffff, 0xffff, 0xffff, 0xffff, 0xffff, 0xffff, 0xffff, 0xffff, 0xffff, 0xffff, 0xffff,
    0xffff, 0xffff, 0xffff, 0xffff, 0xffff, 0xffff, 0xffff, 0xffff, 0xffff, 0xffff, 0xffff, 0xffff, 0xffff, 0xffff, 0xffff, 0xffff,
    0xffff, 0xffff, 0xffff, 0xffff, 0xffff, 0xffff, 0xffff, 0xffff, 0xffff, 0xffff, 0xffff, 0xffff, 0xffff, 0xffff, 0xffff, 0xffff,
    0xffff, 0xffff, 0xffff, 0xffff, 0xffff, 0xffff, 0xffff, 0xef9e, 0x32d0, 0x7b0d, 0xffbc, 0xb533, 0x18e8, 0xe677, 0xffff, 0xffdd,
    0xffff, 0xffff, 0xffdd, 0xffdd, 0xff9a, 0xff57, 0xff57, 0xff9b, 0xffff, 0xffff, 0xffff, 0xffff, 0xffff, 0xffff, 0xffff, 0xffff,
    0xffde, 0xffbd, 0xff99, 0xff36, 0xff16, 0xfef5, 0xfeb4, 0xfe93, 0xfe72, 0xfeb2, 0xfef3, 0xff55, 0xff57, 0xff36, 0xff36, 0xff79,
    0xff9a, 0xff57, 0xff15, 0xff16, 0xff37, 0xff36, 0xfdf0, 0xfe72, 0xff78, 0xff77, 0xffbb, 0xffff, 0xffff, 0xffff, 0xffff, 0xffff,
    0xffff, 0xffbb, 0xff57, 0xff77, 0xff57, 0xff58, 0xff37, 0xff57, 0xff99, 0xff36, 0xfe93, 0xcd11, 0x9c11, 0x93d0, 0xa3f0, 0xb44f,
    0xcc6e, 0xd46d, 0xeccd, 0xf54e, 0xf52e, 0xed50, 0xfe73, 0xf6b4, 0xff17, 0xff7a, 0xfffe, 0xfffe, 0xff9a, 0xffbb, 0xffbc, 0xff9a,
    0xffff, 0xffbc, 0xffde, 0xffdf, 0x732d, 0xc3ec, 0xf50c, 0xff58, 0x9558, 0x19ee, 0xffff, 0xffff, 0xffff, 0xffff, 0xffff, 0xffff,
    0xffff, 0xffff, 0xffff, 0xffff, 0xffff, 0xffff, 0xffff, 0xffff, 0xffff, 0xffff, 0xffff, 0xffff, 0xffff, 0xffff, 0xffff, 0xffff,
    0xffff, 0xffff, 0xffff, 0xffff, 0xffff, 0xffff, 0xffff, 0xffff, 0xffff, 0xffff, 0xffff, 0xffff, 0xffff, 0xffff, 0xffff, 0xffff,
    0xffff, 0xffff, 0xffff, 0xffff, 0xffff, 0xffff, 0xffff, 0xffff, 0xffff, 0xffff, 0xffff, 0xffff, 0xffff, 0xffff, 0xffff, 0xffff,
    0xffff, 0xffff, 0xffff, 0xffff, 0xffff, 0xffff, 0xffff, 0xffff, 0xffff, 0xffff, 0xffff, 0xffff, 0xffff, 0xffff, 0xffff, 0xffff,
    0xffff, 0xffff, 0xffff, 0xffff, 0xffff, 0xffff, 0xffff, 0xffff, 0xffff, 0xffff, 0xffff, 0xffff, 0xffff, 0xffff, 0xffff, 0xffff,
    0xffff, 0xffff, 0xffff, 0xffff, 0xffff, 0xffff, 0xffff, 0xffff, 0xffff, 0xffff, 0xffff, 0xffff, 0xffff, 0xffff, 0xffff, 0xffff,
    0xffff, 0xffff, 0xffff, 0xffff, 0xffff, 0xffff, 0xffff, 0xffff, 0xffff, 0xffff, 0xffff, 0xffff, 0xffff, 0xffff, 0xffff, 0xffff,
    0xffff, 0xffff, 0xffff, 0xffff, 0xffff, 0xffff, 0xffff, 0xffff, 0xffff, 0xffff, 0xffff, 0xffff, 0xffff, 0xffff, 0xffff, 0xffff,
    0xffff, 0xffff, 0xffff, 0xffff, 0xffff, 0xffff, 0xffff, 0xffff, 0xffff, 0xffff, 0xffff, 0xffff, 0xffff, 0xffff, 0xffff, 0xffff,
    0xffff, 0xffff, 0xffff, 0xffff, 0xffff, 0xffff, 0xffff, 0xffff, 0xffff, 0xffff, 0xffff, 0xffff, 0xffff, 0xffff, 0xffff, 0xffff,
    0xffff, 0xffff, 0xffff, 0xffff, 0xffff, 0xffff, 0xffff, 0xffff, 0xffff, 0xffff, 0xffff, 0xffff, 0xffff, 0xffff, 0xffff, 0xffff,
    0xffff, 0xffff, 0xffff, 0xffff, 0xffff, 0xffff, 0xffff, 0xffff, 0xffff, 0xffff, 0xffff, 0xffff, 0xffff, 0xffff, 0xffff, 0xffff,
    0xffff, 0xffff, 0xffff, 0xffff, 0xffff, 0xffff, 0xffff, 0xffff, 0xffff, 0xffff, 0xffff, 0xffff, 0xffff, 0xffff, 0xffff, 0xffff,
    0xffff, 0xffff, 0xffff, 0xffff, 0xffff, 0xffff, 0xffff, 0xffff, 0x32b0, 0x8c10, 0xfe13, 0xe6b8, 0x83d0, 0xacd2, 0xffff, 0xffdd,
    0xffff, 0xffdd, 0xff78, 0xff58, 0xff57, 0xff57, 0xff57, 0xff9a, 0xffff, 0xffff, 0xffff, 0xffff, 0xffff, 0xffff, 0xffff, 0xffff,
    0xffff, 0xffff, 0xffdd, 0xffbb, 0xffbb, 0xff9a, 0xff78, 0xff99, 0xff16, 0xff57, 0xff99, 0xff37, 0xff35, 0xff36, 0xff79, 0xffde,
    0xff9a, 0xff78, 0xff78, 0xff36, 0xff36, 0xfe93, 0xfdf0, 0xfe73, 0xff78, 0xff9a, 0xffde, 0xffff, 0xffff, 0xffff, 0xffff, 0xffff,
    0xffff, 0xffff, 0xff9a, 0xff57, 0xff57, 0xff57, 0xff57, 0xffbc, 0xffbc, 0xff79, 0xff58, 0xff35, 0xfe94, 0xd593, 0xcd53, 0xd552,
    0xdd51, 0xe551, 0xedb2, 0xfed5, 0xf6b5, 0xf6d7, 0xff9a, 0xff9a, 0xfffe, 0xffff, 0xffff, 0xffff, 0xffff, 0xff9a, 0xffdc, 0xffff,
    0xffbc, 0xffff, 0xfffe, 0xf7be, 0x222e, 0xbc4e, 0xfe93, 0xffdc, 0x9538, 0x21ee, 0xffff, 0xffff, 0xffff, 0xffff, 0xffff, 0xffff,
    0xffff, 0xffff, 0xffff, 0xffff, 0xffff, 0xffff, 0xffff, 0xffff, 0xffff, 0xffff, 0xffff, 0xffff, 0xffff, 0xffff, 0xffff, 0xffff,
    0xffff, 0xffff, 0xffff, 0xffff, 0xffff, 0xffff, 0xffff, 0xffff, 0xffff, 0xffff, 0xffff, 0xffff, 0xffff, 0xffff, 0xffff, 0xffff,
    0xffff, 0xffff, 0xffff, 0xffff, 0xffff, 0xffff, 0xffff, 0xffff, 0xffff, 0xffff, 0xffff, 0xffff, 0xffff, 0xffff, 0xffff, 0xffff,
    0xffff, 0xffff, 0xffff, 0xffff, 0xffff, 0xffff, 0xffff, 0xffff, 0xffff, 0xffff, 0xffff, 0xffff, 0xffff, 0xffff, 0xffff, 0xffff,
    0xffff, 0xffff, 0xffff, 0xffff, 0xffff, 0xffff, 0xffff, 0xffff, 0xffff, 0xffff, 0xffff, 0xffff, 0xffff, 0xffff, 0xffff, 0xffff,
    0xffff, 0xffff, 0xffff, 0xffff, 0xffff, 0xffff, 0xffff, 0xffff, 0xffff, 0xffff, 0xffff, 0xffff, 0xffff, 0xffff, 0xffff, 0xffff,
    0xffff, 0xffff, 0xffff, 0xffff, 0xffff, 0xffff, 0xffff, 0xffff, 0xffff, 0xffff, 0xffff, 0xffff, 0xffff, 0xffff, 0xffff, 0xffff,
    0xffff, 0xffff, 0xffff, 0xffff, 0xffff, 0xffff, 0xffff, 0xffff, 0xffff, 0xffff, 0xffff, 0xffff, 0xffff, 0xffff, 0xffff, 0xffff,
    0xffff, 0xffff, 0xffff, 0xffff, 0xffff, 0xffff, 0xffff, 0xffff, 0xffff, 0xffff, 0xffff, 0xffff, 0xffff, 0xffff, 0xffff, 0xffff,
    0xffff, 0xffff, 0xffff, 0xffff, 0xffff, 0xffff, 0xffff, 0xffff, 0xffff, 0xffff, 0xffff, 0xffff, 0xffff, 0xffff, 0xffff, 0xffff,
    0xffff, 0xffff, 0xffff, 0xffff, 0xffff, 0xffff, 0xffff, 0xffff, 0xffff, 0xffff, 0xffff, 0xffff, 0xffff, 0xffff, 0xffff, 0xffff,
    0xffff, 0xffff, 0xffff, 0xffff, 0xffff, 0xffff, 0xffff, 0xffff, 0xffff, 0xffff, 0xffff, 0xffff, 0xffff, 0xffff, 0xffff, 0xffff,
    0xffff, 0xffff, 0xffff, 0xffff, 0xffff, 0xffff, 0xffff, 0xffff, 0xffff, 0xffff, 0xffff, 0xffff, 0xffff, 0xffff, 0xffff, 0xffff,
    0xffff, 0xffff, 0xffff, 0xffff, 0xffff, 0xffff, 0xffff, 0xffff, 0x3290, 0x9d56, 0xf4cd, 0xfef8, 0xbdd7, 0x9452, 0xffff, 0xffff,
    0xffdd, 0xff78, 0xff77, 0xff57, 0xff57, 0xff57, 0xff57, 0xffbb, 0xffff, 0xffbc, 0xffde, 0xffdc, 0xff9a, 0xfffe, 0xffff, 0xffff,
    0xffff, 0xffff, 0xffff, 0xffff, 0xffff, 0xffde, 0xff78, 0xffbb, 0xffdd, 0xffdd, 0xffdd, 0xffbc, 0xff9b, 0xff9b, 0xffdd, 0xffbc,
    0xff99, 0xff78, 0xff99, 0xff37, 0xfe93, 0xfe31, 0xfe52, 0xfed5, 0xff57, 0xfffe, 0xffff, 0xffff, 0xffff, 0xffff, 0xffff, 0xffff,
    0xffff, 0xffff, 0xffbb, 0xff57, 0xff77, 0xff57, 0xff78, 0xffbc, 0xfffe, 0xffdf, 0xffde, 0xffde, 0xfffe, 0xfffd, 0xff77, 0xff56,
    0xff77, 0xff99, 0xff58, 0xff99, 0xff9a, 0xffbc, 0xffbc, 0xffbc, 0xffbb, 0xffff, 0xffff, 0xffff, 0xffff, 0xffdd, 0xffdc, 0xffdd,
    0xfffe, 0xffff, 0xfffe, 0xefbe, 0x2a2e, 0xc4ef, 0xff37, 0xfffd, 0x9537, 0x19ce, 0xffff, 0xffff, 0xffff, 0xffff, 0xffff, 0xffff,
    0xffff, 0xffff, 0xffff, 0xffff, 0xffff, 0xffff, 0xffff, 0xffff, 0xffff, 0xffff, 0xffff, 0xffff, 0xffff, 0xffff, 0xffff, 0xffff,
    0xffff, 0xffff, 0xffff, 0xffff, 0xffff, 0xffff, 0xffff, 0xffff, 0xffff, 0xffff, 0xffff, 0xffff, 0xffff, 0xffff, 0xffff, 0xffff,
    0xffff, 0xffff, 0xffff, 0xffff, 0xffff, 0xffff, 0xffff, 0xffff, 0xffff, 0xffff, 0xffff, 0xffff, 0xffff, 0xffff, 0xffff, 0xffff,
    0xffff, 0xffff, 0xffff, 0xffff, 0xffff, 0xffff, 0xffff, 0xffff, 0xffff, 0xffff, 0xffff, 0xffff, 0xffff, 0xffff, 0xffff, 0xffff,
    0xffff, 0xffff, 0xffff, 0xffff, 0xffff, 0xffff, 0xffff, 0xffff, 0xffff, 0xffff, 0xffff, 0xffff, 0xffff, 0xffff, 0xffff, 0xffff,
    0xffff, 0xffff, 0xffff, 0xffff, 0xffff, 0xffff, 0xffff, 0xffff, 0xffff, 0xffff, 0xffff, 0xffff, 0xffff, 0xffff, 0xffff, 0xffff,
    0xffff, 0xffff, 0xffff, 0xffff, 0xffff, 0xffff, 0xffff, 0xffff, 0xffff, 0xffff, 0xffff, 0xffff, 0xffff, 0xffff, 0xffff, 0xffff,
    0xffff, 0xffff, 0xffff, 0xffff, 0xffff, 0xffff, 0xffff, 0xffff, 0xffff, 0xffff, 0xffff, 0xffff, 0xffff, 0xffff, 0xffff, 0xffff,
    0xffff, 0xffff, 0xffff, 0xffff, 0xffff, 0xffff, 0xffff, 0xffff, 0xffff, 0xffff, 0xffff, 0xffff, 0xffff, 0xffff, 0xffff, 0xffff,
    0xffff, 0xffff, 0xffff, 0xffff, 0xffff, 0xffff, 0xffff, 0xffff, 0xffff, 0xffff, 0xffff, 0xffff, 0xffff, 0xffff, 0xffff, 0xffff,
    0xffff, 0xffff, 0xffff, 0xffff, 0xffff, 0xffff, 0xffff, 0xffff, 0xffff, 0xffff, 0xffff, 0xffff, 0xffff, 0xffff, 0xffff, 0xffff,
    0xffff, 0xffff, 0xffff, 0xffff, 0xffff, 0xffff, 0xffff, 0xffff, 0xffff, 0xffff, 0xffff, 0xffff, 0xffff, 0xffff, 0xffff, 0xffff,
    0xffff, 0xffff, 0xffff, 0xffff, 0xffff, 0xffff, 0xffff, 0xffff, 0xffff, 0xffff, 0xffff, 0xffff, 0xffff, 0xffff, 0xffff, 0xffff,
    0xffff, 0xffff, 0xffff, 0xffff, 0xffff, 0xffff, 0xffff, 0xffff, 0x222f, 0xa557, 0xfd4e, 0xee14, 0xee96, 0xdd52, 0xffff, 0xffbc,
    0xff58, 0xff57, 0xff58, 0xff57, 0xff57, 0xff77, 0xff58, 0xff58, 0xff9a, 0xffdd, 0xffff, 0xff9a, 0xffbb, 0xffff, 0xffff, 0xffff,
    0xffff, 0xffff, 0xffff, 0xffff, 0xffff, 0xfffe, 0xffdc, 0xffff, 0xffff, 0xffff, 0xffff, 0xffff, 0xffff, 0xfffe, 0xff9a, 0xff9a,
    0xff9a, 0xff78, 0xff57, 0xfef6, 0xfe52, 0xfe52, 0xfef6, 0xff57, 0xff58, 0xff9a, 0xffbb, 0xffff, 0xffff, 0xffff, 0xffff, 0xffff,
    0xffff, 0xffff, 0xffbb, 0xff77, 0xff78, 0xff78, 0xfffd, 0xff9a, 0xffdc, 0xffff, 0xffff, 0xffff, 0xffff, 0xffff, 0xffdd, 0xffdd,
    0xffbc, 0xff9a, 0xffde, 0xffbb, 0xffbc, 0xffdd, 0xffdd, 0xffff, 0xffff, 0xffff, 0xffff, 0xffff, 0xffff, 0xffff, 0xfffe, 0xffff,
    0xffff, 0xffff, 0xffff, 0xf7be, 0x220d, 0xc572, 0xffbb, 0xe73b, 0x7413, 0x326f, 0xffff, 0xffff, 0xffff, 0xffff, 0xffff, 0xffff,
    0xffff, 0xffff, 0xffff, 0xffff, 0xffff, 0xffff, 0xffff, 0xffff, 0xffff, 0xffff, 0xffff, 0xffff, 0xffff, 0xffff, 0xffff, 0xffff,
    0xffff, 0xffff, 0xffff, 0xffff, 0xffff, 0xffff, 0xffff, 0xffff, 0xffff, 0xffff, 0xffff, 0xffff, 0xffff, 0xffff, 0xffff, 0xffff,
    0xffff, 0xffff, 0xffff, 0xffff, 0xffff, 0xffff, 0xffff, 0xffff, 0xffff, 0xffff, 0xffff, 0xffff, 0xffff, 0xffff, 0xffff, 0xffff,
    0xffff, 0xffff, 0xffff, 0xffff, 0xffff, 0xffff, 0xffff, 0xffff, 0xffff, 0xffff, 0xffff, 0xffff, 0xffff, 0xffff, 0xffff, 0xffff,
    0xffff, 0xffff, 0xffff, 0xffff, 0xffff, 0xffff, 0xffff, 0xffff, 0xffff, 0xffff, 0xffff, 0xffff, 0xffff, 0xffff, 0xffff, 0xffff,
    0xffff, 0xffff, 0xffff, 0xffff, 0xffff, 0xffff, 0xffff, 0xffff, 0xffff, 0xffff, 0xffff, 0xffff, 0xffff, 0xffff, 0xffff, 0xffff,
    0xffff, 0xffff, 0xffff, 0xffff, 0xffff, 0xffff, 0xffff, 0xffff, 0xffff, 0xffff, 0xffff, 0xffff, 0xffff, 0xffff, 0xffff, 0xffff,
    0xffff, 0xffff, 0xffff, 0xffff, 0xffff, 0xffff, 0xffff, 0xffff, 0xffff, 0xffff, 0xffff, 0xffff, 0xffff, 0xffff, 0xffff, 0xffff,
    0xffff, 0xffff, 0xffff, 0xffff, 0xffff, 0xffff, 0xffff, 0xffff, 0xffff, 0xffff, 0xffff, 0xffff, 0xffff, 0xffff, 0xffff, 0xffff,
    0xffff, 0xffff, 0xffff, 0xffff, 0xffff, 0xffff, 0xffff, 0xffff, 0xffff, 0xffff, 0xffff, 0xffff, 0xffff, 0xffff, 0xffff, 0xffff,
    0xffff, 0xffff, 0xffff, 0xffff, 0xffff, 0xffff, 0xffff, 0xffff, 0xffff, 0xffff, 0xffff, 0xffff, 0xffff, 0xffff, 0xffff, 0xffff,
    0xffff, 0xffff, 0xffff, 0xffff, 0xffff, 0xffff, 0xffff, 0xffff, 0xffff, 0xffff, 0xffff, 0xffff, 0xffff, 0xffff, 0xffff, 0xffff,
    0xffff, 0xffff, 0xffff, 0xffff, 0xffff, 0xffff, 0xffff, 0xffff, 0xffff, 0xffff, 0xffff, 0xffff, 0xffff, 0xffff, 0xffff, 0xffff,
    0xffff, 0xffff, 0xffff, 0xffff, 0xffff, 0xffff, 0xffff, 0xffff, 0xadb8, 0x84b6, 0x8b6d, 0xee76, 0xf6b6, 0xd4f0, 0xffff, 0xff9b,
    0xff37, 0xff58, 0xff58, 0xff58, 0xff58, 0xff57, 0xff58, 0xff57, 0xff57, 0xffbc, 0xffbc, 0xff9a, 0xffff, 0xffff, 0xffff, 0xffff,
    0xffff, 0xffff, 0xffff, 0xffff, 0xffff, 0xffff, 0xffff, 0xffff, 0xffff, 0xffff, 0xffff, 0xffff, 0xffdf, 0xffbc, 0xff79, 0xff57,
    0xff16, 0xfe93, 0xfe31, 0xfe52, 0xfeb4, 0xfed5, 0xff36, 0xff57, 0xff58, 0xff99, 0xff57, 0xffde, 0xffff, 0xffff, 0xffff, 0xffff,
    0xffff, 0xffff, 0xffbc, 0xff57, 0xff78, 0xff57, 0xff9a, 0xffff, 0xffff, 0xffff, 0xffff, 0xffff, 0xffff, 0xffff, 0xffff, 0xffff,
    0xffff, 0xfffe, 0xffff, 0xfffe, 0xfffe, 0xffff, 0xffff, 0xffff, 0xffff, 0xffff, 0xffff, 0xffff, 0xffff, 0xffff, 0xffff, 0xffff,
    0xffff, 0xffff, 0xffff, 0xf79e, 0x220e, 0xc638, 0xfffb, 0x6bd2, 0x5b93, 0xf79e, 0xffdf, 0xffff, 0xffff, 0xffff, 0xffff, 0xffff,
    0xffff, 0xffff, 0xffff, 0xffff, 0xffff, 0xffff, 0xffff, 0xffff, 0xffff, 0xffff, 0xffff, 0xffff, 0xffff, 0xffff, 0xffff, 0xffff,
    0xffff, 0xffff, 0xffff, 0xffff, 0xffff, 0xffff, 0xffff, 0xffff, 0xffff, 0xffff, 0xffff, 0xffff, 0xffff, 0xffff, 0xffff, 0xffff,
    0xffff, 0xffff, 0xffff, 0xffff, 0xffff, 0xffff, 0xffff, 0xffff, 0xffff, 0xffff, 0xffff, 0xffff, 0xffff, 0xffff, 0xffff, 0xffff,
    0xffff, 0xffff, 0xffff, 0xffff, 0xffff, 0xffff, 0xffff, 0xffff, 0xffff, 0xffff, 0xffff, 0xffff, 0xffff, 0xffff, 0xffff, 0xffff,
    0xffff, 0xffff, 0xffff, 0xffff, 0xffff, 0xffff, 0xffff, 0xffff, 0xffff, 0xffff, 0xffff, 0xffff, 0xffff, 0xffff, 0xffff, 0xffff,
    0xffff, 0xffff, 0xffff, 0xffff, 0xffff, 0xffff, 0xffff, 0xffff, 0xffff, 0xffff, 0xffff, 0xffff, 0xffff, 0xffff, 0xffff, 0xffff,
    0xffff, 0xffff, 0xffff, 0xffff, 0xffff, 0xffff, 0xffff, 0xffff, 0xffff, 0xffff, 0xffff, 0xffff, 0xffff, 0xffff, 0xffff, 0xffff,
    0xffff, 0xffff, 0xffff, 0xffff, 0xffff, 0xffff, 0xffff, 0xffff, 0xffff, 0xffff, 0xffff, 0xffff, 0xffff, 0xffff, 0xffff, 0xffff,
    0xffff, 0xffff, 0xffff, 0xffff, 0xffff, 0xffff, 0xffff, 0xffff, 0xffff, 0xffff, 0xffff, 0xffff, 0xffff, 0xffff, 0xffff, 0xffff,
    0xffff, 0xffff, 0xffff, 0xffff, 0xffff, 0xffff, 0xffff, 0xffff, 0xffff, 0xffff, 0xffff, 0xffff, 0xffff, 0xffff, 0xffff, 0xffff,
    0xffff, 0xffff, 0xffff, 0xffff, 0xffff, 0xffff, 0xffff, 0xffff, 0xffff, 0xffff, 0xffff, 0xffff, 0xffff, 0xffff, 0xffff, 0xffff,
    0xffff, 0xffff, 0xffff, 0xffff, 0xffff, 0xffff, 0xffff, 0xffff, 0xffff, 0xffff, 0xffff, 0xffff, 0xffff, 0xffff, 0xffff, 0xffff,
    0xffff, 0xffff, 0xffff, 0xffff, 0xffff, 0xffff, 0xffff, 0xffff, 0xffff, 0xffff, 0xffff, 0xffff, 0xffff, 0xffff, 0xffff, 0xffff,
    0xffff, 0xffff, 0xffff, 0xffff, 0xffff, 0xffff, 0xffff, 0xffff, 0xffff, 0x3ad1, 0x63d3, 0xfffe, 0xe613, 0xab8d, 0xffff, 0xffde,
    0xff79, 0xff57, 0xff58, 0xff58, 0xff58, 0xff58, 0xff77, 0xff57, 0xff78, 0xff57, 0xff99, 0xffff, 0xffff, 0xffff, 0xffff, 0xffff,
    0xffff, 0xffff, 0xffff, 0xffff, 0xffff, 0xffff, 0xffff, 0xffff, 0xffff, 0xffff, 0xffff, 0xffff, 0xffbb, 0xff78, 0xff58, 0xff15,
    0xf610, 0xfdd0, 0xfe30, 0xfe10, 0xfef5, 0xff77, 0xff58, 0xff57, 0xff58, 0xfffe, 0xffbb, 0xfffe, 0xffff, 0xffff, 0xffff, 0xffff,
    0xffff, 0xffff, 0xfffe, 0xffbb, 0xff57, 0xff57, 0xff79, 0xffdd, 0xffff, 0xffff, 0xffff, 0xffff, 0xffff, 0xffff, 0xffff, 0xffff,
    0xffff, 0xffff, 0xffff, 0xffff, 0xffff, 0xffff, 0xffff, 0xffff, 0xffff, 0xffff, 0xffff, 0xffff, 0xffff, 0xffff, 0xffff, 0xffff,
    0xffff, 0xffbb, 0xffbc, 0xf7bf, 0x222e, 0xbd72, 0xffb8, 0x6bf4, 0x6bf4, 0xffff, 0xffdf, 0xffff, 0xffff, 0xffff, 0xffff, 0xffff,
    0xffff, 0xffff, 0xffff, 0xffff, 0xffff, 0xffff, 0xffff, 0xffff, 0xffff, 0xffff, 0xffff, 0xffff, 0xffff, 0xffff, 0xffff, 0xffff,
    0xffff, 0xffff, 0xffff, 0xffff, 0xffff, 0xffff, 0xffff, 0xffff, 0xffff, 0xffff, 0xffff, 0xffff, 0xffff, 0xffff, 0xffff, 0xffff,
    0xffff, 0xffff, 0xffff, 0xffff, 0xffff, 0xffff, 0xffff, 0xffff, 0xffff, 0xffff, 0xffff, 0xffff, 0xffff, 0xffff, 0xffff, 0xffff,
    0xffff, 0xffff, 0xffff, 0xffff, 0xffff, 0xffff, 0xffff, 0xffff, 0xffff, 0xffff, 0xffff, 0xffff, 0xffff, 0xffff, 0xffff, 0xffff,
    0xffff, 0xffff, 0xffff, 0xffff, 0xffff, 0xffff, 0xffff, 0xffff, 0xffff, 0xffff, 0xffff, 0xffff, 0xffff, 0xffff, 0xffff, 0xffff,
    0xffff, 0xffff, 0xffff, 0xffff, 0xffff, 0xffff, 0xffff, 0xffff, 0xffff, 0xffff, 0xffff, 0xffff, 0xffff, 0xffff, 0xffff, 0xffff,
    0xffff, 0xffff, 0xffff, 0xffff, 0xffff, 0xffff, 0xffff, 0xffff, 0xffff, 0xffff, 0xffff, 0xffff, 0xffff, 0xffff, 0xffff, 0xffff,
    0xffff, 0xffff, 0xffff, 0xffff, 0xffff, 0xffff, 0xffff, 0xffff, 0xffff, 0xffff, 0xffff, 0xffff, 0xffff, 0xffff, 0xffff, 0xffff,
    0xffff, 0xffff, 0xffff, 0xffff, 0xffff, 0xffff, 0xffff, 0xffff, 0xffff, 0xffff, 0xffff, 0xffff, 0xffff, 0xffff, 0xffff, 0xffff,
    0xffff, 0xffff, 0xffff, 0xffff, 0xffff, 0xffff, 0xffff, 0xffff, 0xffff, 0xffff, 0xffff, 0xffff, 0xffff, 0xffff, 0xffff, 0xffff,
    0xffff, 0xffff, 0xffff, 0xffff, 0xffff, 0xffff, 0xffff, 0xffff, 0xffff, 0xffff, 0xffff, 0xffff, 0xffff, 0xffff, 0xffff, 0xffff,
    0xffff, 0xffff, 0xffff, 0xffff, 0xffff, 0xffff, 0xffff, 0xffff, 0xffff, 0xffff, 0xffff, 0xffff, 0xffff, 0xffff, 0xffff, 0xffff,
    0xffff, 0xffff, 0xffff, 0xffff, 0xffff, 0xffff, 0xffff, 0xffff, 0xffff, 0xffff, 0xffff, 0xffff, 0xffff, 0xffff, 0xffff, 0xffff,
    0xffff, 0xffff, 0xffff, 0xffff, 0xffff, 0xffff, 0xffff, 0xffff, 0xffff, 0x42f1, 0x7455, 0xffff, 0xee11, 0xb3ce, 0xffff, 0xffff,
    0xff9a, 0xff57, 0xff58, 0xff58, 0xff58, 0xff58, 0xff77, 0xff58, 0xff58, 0xff57, 0xff78, 0xff9b, 0xffdd, 0xffff, 0xffff, 0xffff,
    0xffff, 0xffff, 0xffff, 0xffff, 0xffff, 0xffff, 0xffff, 0xffff, 0xffff, 0xffff, 0xffff, 0xffbc, 0xff77, 0xff56, 0xff16, 0xfe30,
    0xf4ec, 0xf54f, 0xfe71, 0xfed5, 0xff36, 0xff57, 0xff57, 0xff58, 0xff58, 0xff79, 0xffbc, 0xffff, 0xffff, 0xffff, 0xffff, 0xffff,
    0xffff, 0xffff, 0xffff, 0xffff, 0xff9a, 0xff57, 0xff57, 0xff79, 0xffff, 0xffff, 0xffff, 0xffff, 0xffff, 0xffff, 0xffff, 0xffff,
    0xffff, 0xffff, 0xffff, 0xffff, 0xffff, 0xffff, 0xffff, 0xffff, 0xffff, 0xffff, 0xffff, 0xffff, 0xffff, 0xffff, 0xffff, 0xffff,
    0xffff, 0xffdd, 0xffdc, 0xef9d, 0x2a2f, 0xbc8e, 0xfffb, 0x7456, 0x63f4, 0xffff, 0xffff, 0xffff, 0xffff, 0xffff, 0xffff, 0xffff,
    0xffff, 0xffff, 0xffff, 0xffff, 0xffff, 0xffff, 0xffff, 0xffff, 0xffff, 0xffff, 0xffff, 0xffff, 0xffff, 0xffff, 0xffff, 0xffff,
    0xffff, 0xffff, 0xffff, 0xffff, 0xffff, 0xffff, 0xffff, 0xffff, 0xffff, 0xffff, 0xffff, 0xffff, 0xffff, 0xffff, 0xffff, 0xffff,
    0xffff, 0xffff, 0xffff, 0xffff, 0xffff, 0xffff, 0xffff, 0xffff, 0xffff, 0xffff, 0xffff, 0xffff, 0xffff, 0xffff, 0xffff, 0xffff,
    0xffff, 0xffff, 0xffff, 0xffff, 0xffff, 0xffff, 0xffff, 0xffff, 0xffff, 0xffff, 0xffff, 0xffff, 0xffff, 0xffff, 0xffff, 0xffff,
    0xffff, 0xffff, 0xffff, 0xffff, 0xffff, 0xffff, 0xffff, 0xffff, 0xffff, 0xffff, 0xffff, 0xffff, 0xffff, 0xffff, 0xffff, 0xffff,
    0xffff, 0xffff, 0xffff, 0xffff, 0xffff, 0xffff, 0xffff, 0xffff, 0xffff, 0xffff, 0xffff, 0xffff, 0xffff, 0xffff, 0xffff, 0xffff,
    0xffff, 0xffff, 0xffff, 0xffff, 0xffff, 0xffff, 0xffff, 0xffff, 0xffff, 0xffff, 0xffff, 0xffff, 0xffff, 0xffff, 0xffff, 0xffff,
    0xffff, 0xffff, 0xffff, 0xffff, 0xffff, 0xffff, 0xffff, 0xffff, 0xffff, 0xffff, 0xffff, 0xffff, 0xffff, 0xffff, 0xffff, 0xffff,
    0xffff, 0xffff, 0xffff, 0xffff, 0xffff, 0xffff, 0xffff, 0xffff, 0xffff, 0xffff, 0xffff, 0xffff, 0xffff, 0xffff, 0xffff, 0xffff,
    0xffff, 0xffff, 0xffff, 0xffff, 0xffff, 0xffff, 0xffff, 0xffff, 0xffff, 0xffff, 0xffff, 0xffff, 0xffff, 0xffff, 0xffff, 0xffff,
    0xffff, 0xffff, 0xffff, 0xffff, 0xffff, 0xffff, 0xffff, 0xffff, 0xffff, 0xffff, 0xffff, 0xffff, 0xffff, 0xffff, 0xffff, 0xffff,
    0xffff, 0xffff, 0xffff, 0xffff, 0xffff, 0xffff, 0xffff, 0xffff, 0xffff, 0xffff, 0xffff, 0xffff, 0xffff, 0xffff, 0xffff, 0xffff,
    0xffff, 0xffff, 0xffff, 0xffff, 0xffff, 0xffff, 0xffff, 0xffff, 0xffff, 0xffff, 0xffff, 0xffff, 0xffff, 0xffff, 0xffff, 0xffff,
    0xffff, 0xffff, 0xffff, 0xffff, 0xffff, 0xffff, 0xffff, 0xffdf, 0xffdf, 0x42f0, 0x7c75, 0xffff, 0xe633, 0xb40e, 0xffff, 0xfffe,
    0xff7a, 0xff57, 0xff58, 0xff58, 0xff58, 0xff57, 0xff58, 0xff57, 0xff58, 0xff58, 0xff78, 0xff78, 0xffbc, 0xfffe, 0xffff, 0xffff,
    0xffff, 0xffff, 0xffff, 0xffff, 0xffff, 0xffff, 0xffff, 0xffff, 0xffff, 0xffff, 0xffde, 0xff57, 0xff36, 0xfef5, 0xfe10, 0xfd6d,
    0xecad, 0xed4f, 0xfeb3, 0xff36, 0xff57, 0xff57, 0xff57, 0xff58, 0xff78, 0xffbc, 0xff79, 0xffdc, 0xffff, 0xffff, 0xffff, 0xffff,
    0xffff, 0xffff, 0xffff, 0xffff, 0xfffe, 0xf611, 0xf673, 0xff77, 0xffbc, 0xfffe, 0xffdd, 0xffbd, 0xffde, 0xffff, 0xffff, 0xffff,
    0xffff, 0xffff, 0xffff, 0xffff, 0xffff, 0xffff, 0xffff, 0xffff, 0xffff, 0xffff, 0xffff, 0xffff, 0xffff, 0xffff, 0xffff, 0xffff,
    0xffff, 0xffff, 0xffdc, 0xef39, 0x220e, 0xbcaf, 0xfffb, 0x7c76, 0x6bf4, 0xffff, 0xffff, 0xffff, 0xffff, 0xffff, 0xffff, 0xffff,
    0xffff, 0xffff, 0xffff, 0xffff, 0xffff, 0xffff, 0xffff, 0xffff, 0xffff, 0xffff, 0xffff, 0xffff, 0xffff, 0xffff, 0xffff, 0xffff,
    0xffff, 0xffff, 0xffff, 0xffff, 0xffff, 0xffff, 0xffff, 0xffff, 0xffff, 0xffff, 0xffff, 0xffff, 0xffff, 0xffff, 0xffff, 0xffff,
    0xffff, 0xffff, 0xffff, 0xffff, 0xffff, 0xffff, 0xffff, 0xffff, 0xffff, 0xffff, 0xffff, 0xffff, 0xffff, 0xffff, 0xffff, 0xffff,
    0xffff, 0xffff, 0xffff, 0xffff, 0xffff, 0xffff, 0xffff, 0xffff, 0xffff, 0xffff, 0xffff, 0xffff, 0xffff, 0xffff, 0xffff, 0xffff,
    0xffff, 0xffff, 0xffff, 0xffff, 0xffff, 0xffff, 0xffff, 0xffff, 0xffff, 0xffff, 0xffff, 0xffff, 0xffff, 0xffff, 0xffff, 0xffff,
    0xffff, 0xffff, 0xffff, 0xffff, 0xffff, 0xffff, 0xffff, 0xffff, 0xffff, 0xffff, 0xffff, 0xffff, 0xffff, 0xffff, 0xffff, 0xffff,
    0xffff, 0xffff, 0xffff, 0xffff, 0xffff, 0xffff, 0xffff, 0xffff, 0xffff, 0xffff, 0xffff, 0xffff, 0xffff, 0xffff, 0xffff, 0xffff,
    0xffff, 0xffff, 0xffff, 0xffff, 0xffff, 0xffff, 0xffff, 0xffff, 0xffff, 0xffff, 0xffff, 0xffff, 0xffff, 0xffff, 0xffff, 0xffff,
    0xffff, 0xffff, 0xffff, 0xffff, 0xffff, 0xffff, 0xffff, 0xffff, 0xffff, 0xffff, 0xffff, 0xffff, 0xffff, 0xffff, 0xffff, 0xffff,
    0xffff, 0xffff, 0xffff, 0xffff, 0xffff, 0xffff, 0xffff, 0xffff, 0xffff, 0xffff, 0xffff, 0xffff, 0xffff, 0xffff, 0xffff, 0xffff,
    0xffff, 0xffff, 0xffff, 0xffff, 0xffff, 0xffff, 0xffff, 0xffff, 0xffff, 0xffff, 0xffff, 0xffff, 0xffff, 0xffff, 0xffff, 0xffff,
    0xffff, 0xffff, 0xffff, 0xffff, 0xffff, 0xffff, 0xffff, 0xffff, 0xffff, 0xffff, 0xffff, 0xffff, 0xffff, 0xffff, 0xffff, 0xffff,
    0xffff, 0xffff, 0xffff, 0xffff, 0xffff, 0xffff, 0xffff, 0xffff, 0xffff, 0xffff, 0xffff, 0xffff, 0xffff, 0xffff, 0xffff, 0xffff,
    0xffff, 0xffff, 0xffff, 0xffff, 0xffff, 0xffff, 0xffff, 0xef7e, 0x326f, 0xadd9, 0xf79e, 0xffff, 0xf718, 0xe5d2, 0xffde, 0xffde,
    0xff9a, 0xff57, 0xff58, 0xff78, 0xff58, 0xff58, 0xff58, 0xff58, 0xff57, 0xff78, 0xff57, 0xffdc, 0xffdd, 0xff7a, 0xffff, 0xffff,
    0xffff, 0xffff, 0xffff, 0xffff, 0xffff, 0xffff, 0xffff, 0xffff, 0xffff, 0xffdd, 0xff99, 0xff56, 0xff15, 0xfdf0, 0xfd8e, 0xb3ce,
    0xc48e, 0xfeb3, 0xff16, 0xff56, 0xff57, 0xff57, 0xff58, 0xff77, 0xff58, 0xffdd, 0xffbc, 0xffde, 0xffff, 0xffff, 0xffff, 0xffff,
    0xffff, 0xffff, 0xffff, 0xffff, 0xffff, 0xf6f8, 0xedb1, 0xfed4, 0xff98, 0xffbc, 0xff99, 0xff57, 0xff78, 0xffdd, 0xffff, 0xffff,
    0xffff, 0xffff, 0xffff, 0xffff, 0xffff, 0xffff, 0xffff, 0xffff, 0xffff, 0xffff, 0xffff, 0xffff, 0xffff, 0xffff, 0xffff, 0xffff,
    0xffff, 0xffdc, 0xffff, 0xf79e, 0x21ee, 0xce9b, 0xde56, 0x31ed, 0x6c35, 0xffff, 0xffff, 0xffff, 0xffff, 0xffff, 0xffff, 0xffff,
    0xffff, 0xffff, 0xffff, 0xffff, 0xffff, 0xffff, 0xffff, 0xffff, 0xffff, 0xffff, 0xffff, 0xffff, 0xffff, 0xffff, 0xffff, 0xffff,
    0xffff, 0xffff, 0xffff, 0xffff, 0xffff, 0xffff, 0xffff, 0xffff, 0xffff, 0xffff, 0xffff, 0xffff, 0xffff, 0xffff, 0xffff, 0xffff,
    0xffff, 0xffff, 0xffff, 0xffff, 0xffff, 0xffff, 0xffff, 0xffff, 0xffff, 0xffff, 0xffff, 0xffff, 0xffff, 0xffff, 0xffff, 0xffff,
    0xffff, 0xffff, 0xffff, 0xffff, 0xffff, 0xffff, 0xffff, 0xffff, 0xffff, 0xffff, 0xffff, 0xffff, 0xffff, 0xffff, 0xffff, 0xffff,
    0xffff, 0xffff, 0xffff, 0xffff, 0xffff, 0xffff, 0xffff, 0xffff, 0xffff, 0xffff, 0xffff, 0xffff, 0xffff, 0xffff, 0xffff, 0xffff,
    0xffff, 0xffff, 0xffff, 0xffff, 0xffff, 0xffff, 0xffff, 0xffff, 0xffff, 0xffff, 0xffff, 0xffff, 0xffff, 0xffff, 0xffff, 0xffff,
    0xffff, 0xffff, 0xffff, 0xffff, 0xffff, 0xffff, 0xffff, 0xffff, 0xffff, 0xffff, 0xffff, 0xffff, 0xffff, 0xffff, 0xffff, 0xffff,
    0xffff, 0xffff, 0xffff, 0xffff, 0xffff, 0xffff, 0xffff, 0xffff, 0xffff, 0xffff, 0xffff, 0xffff, 0xffff, 0xffff, 0xffff, 0xffff,
    0xffff, 0xffff, 0xffff, 0xffff, 0xffff, 0xffff, 0xffff, 0xffff, 0xffff, 0xffff, 0xffff, 0xffff, 0xffff, 0xffff, 0xffff, 0xffff,
    0xffff, 0xffff, 0xffff, 0xffff, 0xffff, 0xffff, 0xffff, 0xffff, 0xffff, 0xffff, 0xffff, 0xffff, 0xffff, 0xffff, 0xffff, 0xffff,
    0xffff, 0xffff, 0xffff, 0xffff, 0xffff, 0xffff, 0xffff, 0xffff, 0xffff, 0xffff, 0xffff, 0xffff, 0xffff, 0xffff, 0xffff, 0xffff,
    0xffff, 0xffff, 0xffff, 0xffff, 0xffff, 0xffff, 0xffff, 0xffff, 0xffff, 0xffff, 0xffff, 0xffff, 0xffff, 0xffff, 0xffff, 0xffff,
    0xffff, 0xffff, 0xffff, 0xffff, 0xffff, 0xffff, 0xffff, 0xffff, 0xffff, 0xffff, 0xffff, 0xffff, 0xffff, 0xffff, 0xffff, 0xffff,
    0xffff, 0xffff, 0xffff, 0xffff, 0xffff, 0xffff, 0xffff, 0xe75e, 0x098d, 0xc69c, 0xffff, 0xffde, 0xfef5, 0xfe52, 0xffde, 0xffde,
    0xff9a, 0xff57, 0xff57, 0xff58, 0xff57, 0xff57, 0xff57, 0xff58, 0xff57, 0xff58, 0xff77, 0xff58, 0xff9a, 0xfffd, 0xff9a, 0xfffe,
    0xffff, 0xffff, 0xffff, 0xffff, 0xffff, 0xffff, 0xffff, 0xffff, 0xffde, 0xff79, 0xff77, 0xff15, 0xf5f0, 0xfd6e, 0xb3ce, 0x7aed,
    0xee93, 0xff57, 0xff58, 0xff77, 0xff57, 0xff77, 0xff57, 0xff58, 0xffbb, 0xff7a, 0xffff, 0xffff, 0xffff, 0xffff, 0xffff, 0xffff,
    0xffff, 0xffff, 0xffff, 0xffff, 0xffff, 0xffff, 0xee56, 0xed90, 0xfef5, 0xff78, 0xff78, 0xff57, 0xff57, 0xffbb, 0xffdd, 0xffde,
    0xffff, 0xffff, 0xffff, 0xffff, 0xffff, 0xffff, 0xffff, 0xffff, 0xffff, 0xffff, 0xffff, 0xffff, 0xffff, 0xffff, 0xffff, 0xffff,
    0xff9a, 0xff79, 0xffff, 0xefbf, 0x220f, 0xcebc, 0xf79e, 0x324e, 0x63f4, 0xffff, 0xffdf, 0xffff, 0xffff, 0xffff, 0xffff, 0xffff,
    0xffff, 0xffff, 0xffff, 0xffff, 0xffff, 0xffff, 0xffff, 0xffff, 0xffff, 0xffff, 0xffff, 0xffff, 0xffff, 0xffff, 0xffff, 0xffff,
    0xffff, 0xffff, 0xffff, 0xffff, 0xffff, 0xffff, 0xffff, 0xffff, 0xffff, 0xffff, 0xffff, 0xffff, 0xffff, 0xffff, 0xffff, 0xffff,
    0xffff, 0xffff, 0xffff, 0xffff, 0xffff, 0xffff, 0xffff, 0xffff, 0xffff, 0xffff, 0xffff, 0xffff, 0xffff, 0xffff, 0xffff, 0xffff,
    0xffff, 0xffff, 0xffff, 0xffff, 0xffff, 0xffff, 0xffff, 0xffff, 0xffff, 0xffff, 0xffff, 0xffff, 0xffff, 0xffff, 0xffff, 0xffff,
    0xffff, 0xffff, 0xffff, 0xffff, 0xffff, 0xffff, 0xffff, 0xffff, 0xffff, 0xffff, 0xffff, 0xffff, 0xffff, 0xffff, 0xffff, 0xffff,
    0xffff, 0xffff, 0xffff, 0xffff, 0xffff, 0xffff, 0xffff, 0xffff, 0xffff, 0xffff, 0xffff, 0xffff, 0xffff, 0xffff, 0xffff, 0xffff,
    0xffff, 0xffff, 0xffff, 0xffff, 0xffff, 0xffff, 0xffff, 0xffff, 0xffff, 0xffff, 0xffff, 0xffff, 0xffff, 0xffff, 0xffff, 0xffff,
    0xffff, 0xffff, 0xffff, 0xffff, 0xffff, 0xffff, 0xffff, 0xffff, 0xffff, 0xffff, 0xffff, 0xffff, 0xffff, 0xffff, 0xffff, 0xffff,
    0xffff, 0xffff, 0xffff, 0xffff, 0xffff, 0xffff, 0xffff, 0xffff, 0xffff, 0xffff, 0xffff, 0xffff, 0xffff, 0xffff, 0xffff, 0xffff,
    0xffff, 0xffff, 0xffff, 0xffff, 0xffff, 0xffff, 0xffff, 0xffff, 0xffff, 0xffff, 0xffff, 0xffff, 0xffff, 0xffff, 0xffff, 0xffff,
    0xffff, 0xffff, 0xffff, 0xffff, 0xffff, 0xffff, 0xffff, 0xffff, 0xffff, 0xffff, 0xffff, 0xffff, 0xffff, 0xffff, 0xffff, 0xffff,
    0xffff, 0xffff, 0xffff, 0xffff, 0xffff, 0xffff, 0xffff, 0xffff, 0xffff, 0xffff, 0xffff, 0xffff, 0xffff, 0xffff, 0xffff, 0xffff,
    0xffff, 0xffff, 0xffff, 0xffff, 0xffff, 0xffff, 0xffff, 0xffff, 0xffff, 0xffff, 0xffff, 0xffff, 0xffff, 0xffff, 0xffff, 0xffff,
    0xffff, 0xffff, 0xffff, 0xffff, 0xffff, 0xffff, 0xffff, 0xe75e, 0x09ae, 0xc67b, 0xffff, 0xff99, 0xfeb3, 0xed70, 0xfffe, 0xffff,
    0xff9a, 0xff57, 0xff58, 0xff78, 0xff16, 0xf6b4, 0xff57, 0xff78, 0xff58, 0xff58, 0xff58, 0xff57, 0xff78, 0xff9a, 0xffdc, 0xffde,
    0xffde, 0xffff, 0xffff, 0xffff, 0xffff, 0xffff, 0xffff, 0xffff, 0xffdc, 0xff78, 0xff36, 0xf5f0, 0xfd4d, 0xbc2e, 0x526c, 0xd5b1,
    0xffdb, 0xffde, 0xfffe, 0xffba, 0xff57, 0xff57, 0xff78, 0xffbd, 0xffff, 0xffff, 0xffff, 0xffff, 0xffff, 0xffff, 0xffff, 0xffff,
    0xffff, 0xffff, 0xffff, 0xffff, 0xffff, 0xffff, 0xffff, 0xe551, 0xed70, 0xff97, 0xff58, 0xff58, 0xff57, 0xff78, 0xff57, 0xff79,
    0xffdd, 0xffff, 0xffff, 0xffff, 0xffff, 0xffff, 0xffff, 0xffff, 0xffff, 0xffff, 0xffff, 0xffff, 0xffff, 0xffff, 0xffff, 0xffde,
    0xff77, 0xff99, 0xffff, 0xf7be, 0x2a90, 0xcebc, 0xffff, 0xb5b8, 0x7434, 0xb5f9, 0xffff, 0xffff, 0xffff, 0xffff, 0xffff, 0xffff,
    0xffff, 0xffff, 0xffff, 0xffff, 0xffff, 0xffff, 0xffff, 0xffff, 0xffff, 0xffff, 0xffff, 0xffff, 0xffff, 0xffff, 0xffff, 0xffff,
    0xffff, 0xffff, 0xffff, 0xffff, 0xffff, 0xffff, 0xffff, 0xffff, 0xffff, 0xffff, 0xffff, 0xffff, 0xffff, 0xffff, 0xffff, 0xffff,
    0xffff, 0xffff, 0xffff, 0xffff, 0xffff, 0xffff, 0xffff, 0xffff, 0xffff, 0xffff, 0xffff, 0xffff, 0xffff, 0xffff, 0xffff, 0xffff,
    0xffff, 0xffff, 0xffff, 0xffff, 0xffff, 0xffff, 0xffff, 0xffff, 0xffff, 0xffff, 0xffff, 0xffff, 0xffff, 0xffff, 0xffff, 0xffff,
    0xffff, 0xffff, 0xffff, 0xffff, 0xffff, 0xffff, 0xffff, 0xffff, 0xffff, 0xffff, 0xffff, 0xffff, 0xffff, 0xffff, 0xffff, 0xffff,
    0xffff, 0xffff, 0xffff, 0xffff, 0xffff, 0xffff, 0xffff, 0xffff, 0xffff, 0xffff, 0xffff, 0xffff, 0xffff, 0xffff, 0xffff, 0xffff,
    0xffff, 0xffff, 0xffff, 0xffff, 0xffff, 0xffff, 0xffff, 0xffff, 0xffff, 0xffff, 0xffff, 0xffff, 0xffff, 0xffff, 0xffff, 0xffff,
    0xffff, 0xffff, 0xffff, 0xffff, 0xffff, 0xffff, 0xffff, 0xffff, 0xffff, 0xffff, 0xffff, 0xffff, 0xffff, 0xffff, 0xffff, 0xffff,
    0xffff, 0xffff, 0xffff, 0xffff, 0xffff, 0xffff, 0xffff, 0xffff, 0xffff, 0xffff, 0xffff, 0xffff, 0xffff, 0xffff, 0xffff, 0xffff,
    0xffff, 0xffff, 0xffff, 0xffff, 0xffff, 0xffff, 0xffff, 0xffff, 0xffff, 0xffff, 0xffff, 0xffff, 0xffff, 0xffff, 0xffff, 0xffff,
    0xffff, 0xffff, 0xffff, 0xffff, 0xffff, 0xffff, 0xffff, 0xffff, 0xffff, 0xffff, 0xffff, 0xffff, 0xffff, 0xffff, 0xffff, 0xffff,
    0xffff, 0xffff, 0xffff, 0xffff, 0xffff, 0xffff, 0xffff, 0xffff, 0xffff, 0xffff, 0xffff, 0xffff, 0xffff, 0xffff, 0xffff, 0xffff,
    0xffff, 0xffff, 0xffff, 0xffff, 0xffff, 0xffff, 0xffff, 0xffff, 0xffff, 0xffff, 0xffff, 0xffff, 0xffff, 0xffff, 0xffff, 0xffff,
    0xffff, 0xffff, 0xffff, 0xffff, 0xffff, 0xffff, 0xffff, 0xe75e, 0x11ad, 0xc67b, 0xffff, 0xff36, 0xfe72, 0xed0e, 0xe71b, 0xffff,
    0xff9a, 0xff57, 0xff58, 0xff58, 0xff57, 0xff57, 0xff57, 0xff58, 0xff58, 0xff58, 0xff58, 0xff57, 0xff57, 0xff57, 0xff9a, 0xff79,
    0xff9a, 0xffff, 0xffff, 0xffff, 0xffff, 0xffff, 0xffde, 0xff9a, 0xff56, 0xff36, 0xf5f0, 0xfd2d, 0xc44e, 0xabce, 0x732d, 0xf738,
    0xffff, 0xffff, 0xffff, 0xfffe, 0xffbb, 0xff78, 0xffde, 0xffff, 0xffff, 0xffff, 0xffff, 0xffff, 0xffff, 0xffff, 0xffff, 0xffff,
    0xffff, 0xffff, 0xffff, 0xffff, 0xffff, 0xffff, 0xffff, 0xd639, 0xabab, 0xfe92, 0xff16, 0xff77, 0xff57, 0xff57, 0xff57, 0xff57,
    0xff79, 0xffbd, 0xffff, 0xffff, 0xffff, 0xffff, 0xffff, 0xffff, 0xffff, 0xffff, 0xffff, 0xffff, 0xffff, 0xffff, 0xfffe, 0xfffe,
    0xff79, 0xff79, 0xffff, 0xf7df, 0x42cf, 0xcebc, 0xffff, 0xffff, 0x7434, 0x3ad1, 0xffff, 0xffff, 0xffff, 0xffff, 0xffff, 0xffff,
    0xffff, 0xffff, 0xffff, 0xffff, 0xffff, 0xffff, 0xffff, 0xffff, 0xffff, 0xffff, 0xffff, 0xffff, 0xffff, 0xffff, 0xffff, 0xffff,
    0xffff, 0xffff, 0xffff, 0xffff, 0xffff, 0xffff, 0xffff, 0xffff, 0xffff, 0xffff, 0xffff, 0xffff, 0xffff, 0xffff, 0xffff, 0xffff,
    0xffff, 0xffff, 0xffff, 0xffff, 0xffff, 0xffff, 0xffff, 0xffff, 0xffff, 0xffff, 0xffff, 0xffff, 0xffff, 0xffff, 0xffff, 0xffff,
    0xffff, 0xffff, 0xffff, 0xffff, 0xffff, 0xffff, 0xffff, 0xffff, 0xffff, 0xffff, 0xffff, 0xffff, 0xffff, 0xffff, 0xffff, 0xffff,
    0xffff, 0xffff, 0xffff, 0xffff, 0xffff, 0xffff, 0xffff, 0xffff, 0xffff, 0xffff, 0xffff, 0xffff, 0xffff, 0xffff, 0xffff, 0xffff,
    0xffff, 0xffff, 0xffff, 0xffff, 0xffff, 0xffff, 0xffff, 0xffff, 0xffff, 0xffff, 0xffff, 0xffff, 0xffff, 0xffff, 0xffff, 0xffff,
    0xffff, 0xffff, 0xffff, 0xffff, 0xffff, 0xffff, 0xffff, 0xffff, 0xffff, 0xffff, 0xffff, 0xffff, 0xffff, 0xffff, 0xffff, 0xffff,
    0xffff, 0xffff, 0xffff, 0xffff, 0xffff, 0xffff, 0xffff, 0xffff, 0xffff, 0xffff, 0xffff, 0xffff, 0xffff, 0xffff, 0xffff, 0xffff,
    0xffff, 0xffff, 0xffff, 0xffff, 0xffff, 0xffff, 0xffff, 0xffff, 0xffff, 0xffff, 0xffff, 0xffff, 0xffff, 0xffff, 0xffff, 0xffff,
    0xffff, 0xffff, 0xffff, 0xffff, 0xffff, 0xffff, 0xffff, 0xffff, 0xffff, 0xffff, 0xffff, 0xffff, 0xffff, 0xffff, 0xffff, 0xffff,
    0xffff, 0xffff, 0xffff, 0xffff, 0xffff, 0xffff, 0xffff, 0xffff, 0xffff, 0xffff, 0xffff, 0xffff, 0xffff, 0xffff, 0xffff, 0xffff,
    0xffff, 0xffff, 0xffff, 0xffff, 0xffff, 0xffff, 0xffff, 0xffff, 0xffff, 0xffff, 0xffff, 0xffff, 0xffff, 0xffff, 0xffff, 0xffff,
    0xffff, 0xffff, 0xffff, 0xffff, 0xffff, 0xffff, 0xffff, 0xffff, 0xffff, 0xffff, 0xffff, 0xffff, 0xffff, 0xffff, 0xffff, 0xffff,
    0xffff, 0xffff, 0xffff, 0xffff, 0xffff, 0xffff, 0xffff, 0xe75e, 0x094c, 0xcebb, 0xffdc, 0xff17, 0xff56, 0xcdd4, 0x2a6f, 0xefbf,
    0xff99, 0xff57, 0xff58, 0xff78, 0xff36, 0xfeb4, 0xff57, 0xff57, 0xff57, 0xff57, 0xff57, 0xff58, 0xff58, 0xff58, 0xff57, 0xff56,
    0xff7a, 0xffde, 0xffde, 0xffff, 0xffff, 0xffdd, 0xff79, 0xff56, 0xff15, 0xf5f0, 0xfced, 0xcc6e, 0xabee, 0xe4ae, 0x938d, 0xeef8,
    0xffba, 0xff99, 0xffdd, 0xffde, 0xffdc, 0xff79, 0xffff, 0xfffe, 0xfffe, 0xffbb, 0xffdd, 0xffff, 0xffff, 0xffff, 0xffff, 0xffff,
    0xffff, 0xffff, 0xffff, 0xffff, 0xffff, 0xffff, 0xffff, 0xbe5b, 0x82eb, 0xfd6d, 0xf5d0, 0xff36, 0xff58, 0xff58, 0xff58, 0xff58,
    0xff57, 0xff78, 0xffdd, 0xffff, 0xffff, 0xffff, 0xffff, 0xffff, 0xffff, 0xffff, 0xffff, 0xffff, 0xffff, 0xfffe, 0xff79, 0xff9a,
    0xff78, 0xff58, 0xfffe, 0xff3a, 0x832c, 0xdedb, 0xffff, 0xffff, 0x7455, 0x4b32, 0xffff, 0xffff, 0xffff, 0xffff, 0xffff, 0xffff,
    0xffff, 0xffff, 0xffff, 0xffff, 0xffff, 0xffff, 0xffff, 0xffff, 0xffff, 0xffff, 0xffff, 0xffff, 0xffff, 0xffff, 0xffff, 0xffff,
    0xffff, 0xffff, 0xffff, 0xffff, 0xffff, 0xffff, 0xffff, 0xffff, 0xffff, 0xffff, 0xffff, 0xffff, 0xffff, 0xffff, 0xffff, 0xffff,
    0xffff, 0xffff, 0xffff, 0xffff, 0xffff, 0xffff, 0xffff, 0xffff, 0xffff, 0xffff, 0xffff, 0xffff, 0xffff, 0xffff, 0xffff, 0xffff,
    0xffff, 0xffff, 0xffff, 0xffff, 0xffff, 0xffff, 0xffff, 0xffff, 0xffff, 0xffff, 0xffff, 0xffff, 0xffff, 0xffff, 0xffff, 0xffff,
    0xffff, 0xffff, 0xffff, 0xffff, 0xffff, 0xffff, 0xffff, 0xffff, 0xffff, 0xffff, 0xffff, 0xffff, 0xffff, 0xffff, 0xffff, 0xffff,
    0xffff, 0xffff, 0xffff, 0xffff, 0xffff, 0xffff, 0xffff, 0xffff, 0xffff, 0xffff, 0xffff, 0xffff, 0xffff, 0xffff, 0xffff, 0xffff,
    0xffff, 0xffff, 0xffff, 0xffff, 0xffff, 0xffff, 0xffff, 0xffff, 0xffff, 0xffff, 0xffff, 0xffff, 0xffff, 0xffff, 0xffff, 0xffff,
    0xffff, 0xffff, 0xffff, 0xffff, 0xffff, 0xffff, 0xffff, 0xffff, 0xffff, 0xffff, 0xffff, 0xffff, 0xffff, 0xffff, 0xffff, 0xffff,
    0xffff, 0xffff, 0xffff, 0xffff, 0xffff, 0xffff, 0xffff, 0xffff, 0xffff, 0xffff, 0xffff, 0xffff, 0xffff, 0xffff, 0xffff, 0xffff,
    0xffff, 0xffff, 0xffff, 0xffff, 0xffff, 0xffff, 0xffff, 0xffff, 0xffff, 0xffff, 0xffff, 0xffff, 0xffff, 0xffff, 0xffff, 0xffff,
    0xffff, 0xffff, 0xffff, 0xffff, 0xffff, 0xffff, 0xffff, 0xffff, 0xffff, 0xffff, 0xffff, 0xffff, 0xffff, 0xffff, 0xffff, 0xffff,
    0xffff, 0xffff, 0xffff, 0xffff, 0xffff, 0xffff, 0xffff, 0xffff, 0xffff, 0xffff, 0xffff, 0xffff, 0xffff, 0xffff, 0xffff, 0xffff,
    0xffff, 0xffff, 0xffff, 0xffff, 0xffff, 0xffff, 0xffff, 0xffff, 0xffff, 0xffff, 0xffff, 0xffff, 0xffff, 0xffff, 0xffff, 0xffff,
    0xffff, 0xffff, 0xffff, 0xffff, 0xffff, 0xffff, 0xffff, 0xef7e, 0x3a8f, 0xa556, 0xf6d5, 0xff37, 0xff77, 0xcd92, 0x220e, 0xefbf,
    0xff7a, 0xff57, 0xff58, 0xff78, 0xff36, 0xfe94, 0xff57, 0xff57, 0xff57, 0xff58, 0xff58, 0xff58, 0xff58, 0xff57, 0xff57, 0xff57,
    0xff58, 0xff78, 0xffbb, 0xfffe, 0xfffe, 0xff9a, 0xff57, 0xff36, 0xf5f0, 0xfd0c, 0xd44e, 0xac0e, 0xed50, 0xfe32, 0x8bae, 0xe5b0,
    0xfed4, 0xfef5, 0xfef4, 0xff15, 0xff35, 0xff35, 0xff57, 0xffba, 0xffbb, 0xff36, 0xff57, 0xff37, 0xffbc, 0xffff, 0xffff, 0xffff,
    0xfffe, 0xff79, 0xff79, 0xff9a, 0xff79, 0xff7a, 0xffde, 0xb619, 0x734d, 0xfe51, 0xf4ec, 0xfe10, 0xff36, 0xff78, 0xff57, 0xff58,
    0xff58, 0xff77, 0xff78, 0xff99, 0xffdd, 0xffff, 0xffff, 0xffff, 0xffff, 0xffff, 0xffff, 0xffff, 0xffde, 0xff9b, 0xff9a, 0xff78,
    0xff57, 0xff79, 0xfffe, 0xcd73, 0xbc0c, 0xf73a, 0xffff, 0xffff, 0x7454, 0x4b12, 0xffff, 0xffff, 0xffff, 0xffff, 0xffff, 0xffff,
    0xffff, 0xffff, 0xffff, 0xffff, 0xffff, 0xffff, 0xffff, 0xffff, 0xffff, 0xffff, 0xffff, 0xffff, 0xffff, 0xffff, 0xffff, 0xffff,
    0xffff, 0xffff, 0xffff, 0xffff, 0xffff, 0xffff, 0xffff, 0xffff, 0xffff, 0xffff, 0xffff, 0xffff, 0xffff, 0xffff, 0xffff, 0xffff,
    0xffff, 0xffff, 0xffff, 0xffff, 0xffff, 0xffff, 0xffff, 0xffff, 0xffff, 0xffff, 0xffff, 0xffff, 0xffff, 0xffff, 0xffff, 0xffff,
    0xffff, 0xffff, 0xffff, 0xffff, 0xffff, 0xffff, 0xffff, 0xffff, 0xffff, 0xffff, 0xffff, 0xffff, 0xffff, 0xffff, 0xffff, 0xffff,
    0xffff, 0xffff, 0xffff, 0xffff, 0xffff, 0xffff, 0xffff, 0xffff, 0xffff, 0xffff, 0xffff, 0xffff, 0xffff, 0xffff, 0xffff, 0xffff,
    0xffff, 0xffff, 0xffff, 0xffff, 0xffff, 0xffff, 0xffff, 0xffff, 0xffff, 0xffff, 0xffff, 0xffff, 0xffff, 0xffff, 0xffff, 0xffff,
    0xffff, 0xffff, 0xffff, 0xffff, 0xffff, 0xffff, 0xffff, 0xffff, 0xffff, 0xffff, 0xffff, 0xffff, 0xffff, 0xffff, 0xffff, 0xffff,
    0xffff, 0xffff, 0xffff, 0xffff, 0xffff, 0xffff, 0xffff, 0xffff, 0xffff, 0xffff, 0xffff, 0xffff, 0xffff, 0xffff, 0xffff, 0xffff,
    0xffff, 0xffff, 0xffff, 0xffff, 0xffff, 0xffff, 0xffff, 0xffff, 0xffff, 0xffff, 0xffff, 0xffff, 0xffff, 0xffff, 0xffff, 0xffff,
    0xffff, 0xffff, 0xffff, 0xffff, 0xffff, 0xffff, 0xffff, 0xffff, 0xffff, 0xffff, 0xffff, 0xffff, 0xffff, 0xffff, 0xffff, 0xffff,
    0xffff, 0xffff, 0xffff, 0xffff, 0xffff, 0xffff, 0xffff, 0xffff, 0xffff, 0xffff, 0xffff, 0xffff, 0xffff, 0xffff, 0xffff, 0xffff,
    0xffff, 0xffff, 0xffff, 0xffff, 0xffff, 0xffff, 0xffff, 0xffff, 0xffff, 0xffff, 0xffff, 0xffff, 0xffff, 0xffff, 0xffff, 0xffff,
    0xffff, 0xffff, 0xffff, 0xffff, 0xffff, 0xffff, 0xffff, 0xffff, 0xffff, 0xffff, 0xffff, 0xffff, 0xffff, 0xffff, 0xffff, 0xffff,
    0xffff, 0xffff, 0xffff, 0xffff, 0xffff, 0xffff, 0xffff, 0xffff, 0xffff, 0x19ad, 0xa4d2, 0xff35, 0xfe93, 0xc4ad, 0x29ed, 0xef9f,
    0xff79, 0xff57, 0xff58, 0xff58, 0xff78, 0xff57, 0xfe94, 0xff58, 0xff78, 0xff57, 0xff58, 0xff58, 0xff58, 0xff57, 0xff57, 0xff57,
    0xff57, 0xff57, 0xff9a, 0xff99, 0xff58, 0xff57, 0xff57, 0xfe52, 0xfd6c, 0xdc8e, 0xb3ee, 0xed90, 0xfef5, 0xffb9, 0x738e, 0xbc4e,
    0xfd2d, 0xf52d, 0xe54f, 0xe550, 0xe570, 0xed6f, 0xfdef, 0xfef5, 0xfef6, 0xf5f1, 0xff36, 0xff56, 0xff57, 0xff9a, 0xffde, 0xffbc,
    0xff58, 0xff35, 0xff56, 0xf6d5, 0xf693, 0xf612, 0xfeb2, 0xb4f0, 0x73d1, 0xff9a, 0xf56e, 0xf50d, 0xfe51, 0xfef4, 0xff78, 0xff57,
    0xff58, 0xff57, 0xff57, 0xff57, 0xff79, 0xffde, 0xffff, 0xffff, 0xfffe, 0xffbb, 0xffff, 0xffff, 0xff9a, 0xff9b, 0xffdd, 0xff79,
    0xff57, 0xffbc, 0xffff, 0x3a6f, 0xc4f0, 0xff36, 0xf79c, 0xfffd, 0x73f2, 0x42f1, 0xffff, 0xffff, 0xffff, 0xffff, 0xffff, 0xffff,
    0xffff, 0xffff, 0xffff, 0xffff, 0xffff, 0xffff, 0xffff, 0xffff, 0xffff, 0xffff, 0xffff, 0xffff, 0xffff, 0xffff, 0xffff, 0xffff,
    0xffff, 0xffff, 0xffff, 0xffff, 0xffff, 0xffff, 0xffff, 0xffff, 0xffff, 0xffff, 0xffff, 0xffff, 0xffff, 0xffff, 0xffff, 0xffff,
    0xffff, 0xffff, 0xffff, 0xffff, 0xffff, 0xffff, 0xffff, 0xffff, 0xffff, 0xffff, 0xffff, 0xffff, 0xffff, 0xffff, 0xffff, 0xffff,
    0xffff, 0xffff, 0xffff, 0xffff, 0xffff, 0xffff, 0xffff, 0xffff, 0xffff, 0xffff, 0xffff, 0xffff, 0xffff, 0xffff, 0xffff, 0xffff,
    0xffff, 0xffff, 0xffff, 0xffff, 0xffff, 0xffff, 0xffff, 0xffff, 0xffff, 0xffff, 0xffff, 0xffff, 0xffff, 0xffff, 0xffff, 0xffff,
    0xffff, 0xffff, 0xffff, 0xffff, 0xffff, 0xffff, 0xffff, 0xffff, 0xffff, 0xffff, 0xffff, 0xffff, 0xffff, 0xffff, 0xffff, 0xffff,
    0xffff, 0xffff, 0xffff, 0xffff, 0xffff, 0xffff, 0xffff, 0xffff, 0xffff, 0xffff, 0xffff, 0xffff, 0xffff, 0xffff, 0xffff, 0xffff,
    0xffff, 0xffff, 0xffff, 0xffff, 0xffff, 0xffff, 0xffff, 0xffff, 0xffff, 0xffff, 0xffff, 0xffff, 0xffff, 0xffff, 0xffff, 0xffff,
    0xffff, 0xffff, 0xffff, 0xffff, 0xffff, 0xffff, 0xffff, 0xffff, 0xffff, 0xffff, 0xffff, 0xffff, 0xffff, 0xffff, 0xffff, 0xffff,
    0xffff, 0xffff, 0xffff, 0xffff, 0xffff, 0xffff, 0xffff, 0xffff, 0xffff, 0xffff, 0xffff, 0xffff, 0xffff, 0xffff, 0xffff, 0xffff,
    0xffff, 0xffff, 0xffff, 0xffff, 0xffff, 0xffff, 0xffff, 0xffff, 0xffff, 0xffff, 0xffff, 0xffff, 0xffff, 0xffff, 0xffff, 0xffff,
    0xffff, 0xffff, 0xffff, 0xffff, 0xffff, 0xffff, 0xffff, 0xffff, 0xffff, 0xffff, 0xffff, 0xffff, 0xffff, 0xffff, 0xffff, 0xffff,
    0xffff, 0xffff, 0xffff, 0xffff, 0xffff, 0xffff, 0xffff, 0xffff, 0xffff, 0xffff, 0xffff, 0xffff, 0xffff, 0xffff, 0xffff, 0xffff,
    0xffff, 0xffff, 0xffff, 0xffff, 0xffff, 0xffff, 0xffff, 0xffff, 0xffff, 0xadb9, 0x3a8f, 0x9c0f, 0xfe92, 0xd48e, 0x29ed, 0xef9f,
    0xff9a, 0xff57, 0xff58, 0xff57, 0xff78, 0xff36, 0xfe52, 0xff57, 0xff58, 0xff58, 0xff58, 0xff58, 0xff58, 0xff57, 0xff57, 0xff57,
    0xff57, 0xff58, 0xff57, 0xff57, 0xff57, 0xff77, 0xf652, 0xfd4d, 0xeced, 0xc40d, 0xe4cd, 0xff36, 0xff58, 0xff57, 0xeeb5, 0x528d,
    0xcc4e, 0xbbec, 0x116b, 0x19ad, 0x19cd, 0x3a2d, 0xd4af, 0xed2e, 0xfd4d, 0xf50d, 0xfe31, 0xfef5, 0xff35, 0xff36, 0xff16, 0xff15,
    0xfef5, 0xff76, 0xcdf5, 0x3a6e, 0x198c, 0x6aec, 0xcc2c, 0xa40e, 0xef3c, 0xffde, 0xff16, 0xf52d, 0xf56e, 0xfe92, 0xfef6, 0xff58,
    0xff58, 0xff77, 0xff57, 0xff57, 0xff57, 0xff58, 0xff9c, 0xffde, 0xfffe, 0xff78, 0xffdd, 0xffdc, 0xffbb, 0xffdc, 0xff58, 0xff77,
    0xff57, 0xffdc, 0xf7ff, 0x3270, 0xc572, 0xff76, 0xf758, 0xff99, 0x73b1, 0x5b93, 0xffff, 0xffff, 0xffff, 0xffff, 0xffff, 0xffff,
    0xffff, 0xffff, 0xffff, 0xffff, 0xffff, 0xffff, 0xffff, 0xffff, 0xffff, 0xffff, 0xffff, 0xffff, 0xffff, 0xffff, 0xffff, 0xffff,
    0xffff, 0xffff, 0xffff, 0xffff, 0xffff, 0xffff, 0xffff, 0xffff, 0xffff, 0xffff, 0xffff, 0xffff, 0xffff, 0xffff, 0xffff, 0xffff,
    0xffff, 0xffff, 0xffff, 0xffff, 0xffff, 0xffff, 0xffff, 0xffff, 0xffff, 0xffff, 0xffff, 0xffff, 0xffff, 0xffff, 0xffff, 0xffff,
    0xffff, 0xffff, 0xffff, 0xffff, 0xffff, 0xffff, 0xffff, 0xffff, 0xffff, 0xffff, 0xffff, 0xffff, 0xffff, 0xffff, 0xffff, 0xffff,
    0xffff, 0xffff, 0xffff, 0xffff, 0xffff, 0xffff, 0xffff, 0xffff, 0xffff, 0xffff, 0xffff, 0xffff, 0xffff, 0xffff, 0xffff, 0xffff,
    0xffff, 0xffff, 0xffff, 0xffff, 0xffff, 0xffff, 0xffff, 0xffff, 0xffff, 0xffff, 0xffff, 0xffff, 0xffff, 0xffff, 0xffff, 0xffff,
    0xffff, 0xffff, 0xffff, 0xffff, 0xffff, 0xffff, 0xffff, 0xffff, 0xffff, 0xffff, 0xffff, 0xffff, 0xffff, 0xffff, 0xffff, 0xffff,
    0xffff, 0xffff, 0xffff, 0xffff, 0xffff, 0xffff, 0xffff, 0xffff, 0xffff, 0xffff, 0xffff, 0xffff, 0xffff, 0xffff, 0xffff, 0xffff,
    0xffff, 0xffff, 0xffff, 0xffff, 0xffff, 0xffff, 0xffff, 0xffff, 0xffff, 0xffff, 0xffff, 0xffff, 0xffff, 0xffff, 0xffff, 0xffff,
    0xffff, 0xffff, 0xffff, 0xffff, 0xffff, 0xffff, 0xffff, 0xffff, 0xffff, 0xffff, 0xffff, 0xffff, 0xffff, 0xffff, 0xffff, 0xffff,
    0xffff, 0xffff, 0xffff, 0xffff, 0xffff, 0xffff, 0xffff, 0xffff, 0xffff, 0xffff, 0xffff, 0xffff, 0xffff, 0xffff, 0xffff, 0xffff,
    0xffff, 0xffff, 0xffff, 0xffff, 0xffff, 0xffff, 0xffff, 0xffff, 0xffff, 0xffff, 0xffff, 0xffff, 0xffff, 0xffff, 0xffff, 0xffff,
    0xffff, 0xffff, 0xffff, 0xffff, 0xffff, 0xffff, 0xffff, 0xffff, 0xffff, 0xffff, 0xffff, 0xffff, 0xffff, 0xffff, 0xffff, 0xffff,
    0xffff, 0xffff, 0xffff, 0xffff, 0xffff, 0xffff, 0xffff, 0xffff, 0xffff, 0xffff, 0x8d17, 0x52ef, 0x62cc, 0x524c, 0x118c, 0xf7bf,
    0xffdd, 0xff57, 0xff78, 0xff78, 0xff58, 0xff58, 0xff36, 0xff58, 0xff57, 0xff57, 0xff58, 0xff58, 0xff58, 0xff57, 0xff57, 0xff57,
    0xff57, 0xff57, 0xff57, 0xff57, 0xff57, 0xff15, 0xfdaf, 0xfd6e, 0xc44e, 0xcc6e, 0xfed4, 0xff78, 0xff58, 0xff58, 0xff57, 0xcdd3,
    0x52ae, 0x834e, 0xab8c, 0x7b0d, 0x11ad, 0x014d, 0x118c, 0x21ac, 0xc44e, 0xfd0d, 0xfd2d, 0xfd8f, 0xfe93, 0xff36, 0xff16, 0xff15,
    0xff16, 0x7bf1, 0x010c, 0x29cb, 0xac2d, 0xbb8b, 0x9bcf, 0xc65a, 0xffff, 0xffde, 0xffdd, 0xfe93, 0xf4ed, 0xfdd0, 0xfe92, 0xfef4,
    0xff57, 0xff58, 0xff57, 0xff57, 0xff57, 0xff57, 0xff57, 0xff78, 0xffbb, 0xff78, 0xff58, 0xff79, 0xff9b, 0xff58, 0xff58, 0xff57,
    0xff57, 0xffbc, 0xffff, 0x2a70, 0xc616, 0xff57, 0xffd8, 0x8452, 0x5332, 0xf7df, 0xffff, 0xffff, 0xffff, 0xffff, 0xffff, 0xffff,
    0xffff, 0xffff, 0xffff, 0xffff, 0xffff, 0xffff, 0xffff, 0xffff, 0xffff, 0xffff, 0xffff, 0xffff, 0xffff, 0xffff, 0xffff, 0xffff,
    0xffff, 0xffff, 0xffff, 0xffff, 0xffff, 0xffff, 0xffff, 0xffff, 0xffff, 0xffff, 0xffff, 0xffff, 0xffff, 0xffff, 0xffff, 0xffff,
    0xffff, 0xffff, 0xffff, 0xffff, 0xffff, 0xffff, 0xffff, 0xffff, 0xffff, 0xffff, 0xffff, 0xffff, 0xffff, 0xffff, 0xffff, 0xffff,
    0xffff, 0xffff, 0xffff, 0xffff, 0xffff, 0xffff, 0xffff, 0xffff, 0xffff, 0xffff, 0xffff, 0xffff, 0xffff, 0xffff, 0xffff, 0xffff,
    0xffff, 0xffff, 0xffff, 0xffff, 0xffff, 0xffff, 0xffff, 0xffff, 0xffff, 0xffff, 0xffff, 0xffff, 0xffff, 0xffff, 0xffff, 0xffff,
    0xffff, 0xffff, 0xffff, 0xffff, 0xffff, 0xffff, 0xffff, 0xffff, 0xffff, 0xffff, 0xffff, 0xffff, 0xffff, 0xffff, 0xffff, 0xffff,
    0xffff, 0xffff, 0xffff, 0xffff, 0xffff, 0xffff, 0xffff, 0xffff, 0xffff, 0xffff, 0xffff, 0xffff, 0xffff, 0xffff, 0xffff, 0xffff,
    0xffff, 0xffff, 0xffff, 0xffff, 0xffff, 0xffff, 0xffff, 0xffff, 0xffff, 0xffff, 0xffff, 0xffff, 0xffff, 0xffff, 0xffff, 0xffff,
    0xffff, 0xffff, 0xffff, 0xffff, 0xffff, 0xffff, 0xffff, 0xffff, 0xffff, 0xffff, 0xffff, 0xffff, 0xffff, 0xffff, 0xffff, 0xffff,
    0xffff, 0xffff, 0xffff, 0xffff, 0xffff, 0xffff, 0xffff, 0xffff, 0xffff, 0xffff, 0xffff, 0xffff, 0xffff, 0xffff, 0xffff, 0xffff,
    0xffff, 0xffff, 0xffff, 0xffff, 0xffff, 0xffff, 0xffff, 0xffff, 0xffff, 0xffff, 0xffff, 0xffff, 0xffff, 0xffff, 0xffff, 0xffff,
    0xffff, 0xffff, 0xffff, 0xffff, 0xffff, 0xffff, 0xffff, 0xffff, 0xffff, 0xffff, 0xffff, 0xffff, 0xffff, 0xffff, 0xffff, 0xffff,
    0xffff, 0xffff, 0xffff, 0xffff, 0xffff, 0xffff, 0xffff, 0xffff, 0xffff, 0xffff, 0xffff, 0xffff, 0xffff, 0xffff, 0xffff, 0xffff,
    0xffff, 0xffff, 0xffff, 0xffff, 0xffff, 0xffff, 0xffff, 0xffff, 0xffff, 0xffdf, 0xffff, 0x9d57, 0x3270, 0x4b52, 0x42f0, 0xa556,
    0xffdd, 0xff78, 0xff58, 0xff78, 0xff77, 0xff78, 0xff78, 0xff57, 0xff57, 0xff58, 0xff58, 0xff58, 0xff58, 0xff58, 0xff57, 0xff57,
    0xff57, 0xff57, 0xff57, 0xff57, 0xff58, 0xfe31, 0xfd6d, 0xecee, 0xcc2d, 0xf695, 0xff98, 0xff58, 0xff77, 0xff78, 0xff78, 0xfed3,
    0xd530, 0x62ee, 0x8b8e, 0xf50e, 0xc44c, 0xa3ac, 0x936d, 0x5aac, 0x29cb, 0xbc6e, 0xfd2d, 0xf50d, 0xf56e, 0xfe11, 0xfeb3, 0xfeb3,
    0x6b4f, 0x112d, 0x834e, 0xd48d, 0xe44b, 0xbc2f, 0xff7d, 0xffff, 0xffff, 0xffff, 0xffff, 0xffdb, 0xf5f0, 0xf4ec, 0xfe31, 0xfe92,
    0xff16, 0xff57, 0xff57, 0xff57, 0xff57, 0xff58, 0xff57, 0xff57, 0xff57, 0xff57, 0xff57, 0xff57, 0xff57, 0xff57, 0xff57, 0xff57,
    0xff57, 0xffbc, 0xf77d, 0x2a2f, 0xd615, 0xff76, 0xa4d1, 0x5311, 0xc67b, 0xffff, 0xffff, 0xffff, 0xffff, 0xffff, 0xffff, 0xffff,
    0xffff, 0xffff, 0xffff, 0xffff, 0xffff, 0xffff, 0xffff, 0xffff, 0xffff, 0xffff, 0xffff, 0xffff, 0xffff, 0xffff, 0xffff, 0xffff,
    0xffff, 0xffff, 0xffff, 0xffff, 0xffff, 0xffff, 0xffff, 0xffff, 0xffff, 0xffff, 0xffff, 0xffff, 0xffff, 0xffff, 0xffff, 0xffff,
    0xffff, 0xffff, 0xffff, 0xffff, 0xffff, 0xffff, 0xffff, 0xffff, 0xffff, 0xffff, 0xffff, 0xffff, 0xffff, 0xffff, 0xffff, 0xffff,
    0xffff, 0xffff, 0xffff, 0xffff, 0xffff, 0xffff, 0xffff, 0xffff, 0xffff, 0xffff, 0xffff, 0xffff, 0xffff, 0xffff, 0xffff, 0xffff,
    0xffff, 0xffff, 0xffff, 0xffff, 0xffff, 0xffff, 0xffff, 0xffff, 0xffff, 0xffff, 0xffff, 0xffff, 0xffff, 0xffff, 0xffff, 0xffff,
    0xffff, 0xffff, 0xffff, 0xffff, 0xffff, 0xffff, 0xffff, 0xffff, 0xffff, 0xffff, 0xffff, 0xffff, 0xffff, 0xffff, 0xffff, 0xffff,
    0xffff, 0xffff, 0xffff, 0xffff, 0xffff, 0xffff, 0xffff, 0xffff, 0xffff, 0xffff, 0xffff, 0xffff, 0xffff, 0xffff, 0xffff, 0xffff,
    0xffff, 0xffff, 0xffff, 0xffff, 0xffff, 0xffff, 0xffff, 0xffff, 0xffff, 0xffff, 0xffff, 0xffff, 0xffff, 0xffff, 0xffff, 0xffff,
    0xffff, 0xffff, 0xffff, 0xffff, 0xffff, 0xffff, 0xffff, 0xffff, 0xffff, 0xffff, 0xffff, 0xffff, 0xffff, 0xffff, 0xffff, 0xffff,
    0xffff, 0xffff, 0xffff, 0xffff, 0xffff, 0xffff, 0xffff, 0xffff, 0xffff, 0xffff, 0xffff, 0xffff, 0xffff, 0xffff, 0xffff, 0xffff,
    0xffff, 0xffff, 0xffff, 0xffff, 0xffff, 0xffff, 0xffff, 0xffff, 0xffff, 0xffff, 0xffff, 0xffff, 0xffff, 0xffff, 0xffff, 0xffff,
    0xffff, 0xffff, 0xffff, 0xffff, 0xffff, 0xffff, 0xffff, 0xffff, 0xffff, 0xffff, 0xffff, 0xffff, 0xffff, 0xffff, 0xffff, 0xffff,
    0xffff, 0xffff, 0xffff, 0xffff, 0xffff, 0xffff, 0xffff, 0xffff, 0xffff, 0xffff, 0xffff, 0xffff, 0xffff, 0xffff, 0xffff, 0xffff,
    0xffff, 0xffff, 0xffff, 0xffff, 0xffff, 0xffff, 0xffff, 0xffff, 0xffff, 0xffff, 0xffdf, 0xffff, 0xffff, 0xffff, 0xbe5a, 0x014b,
    0xe75d, 0xfffe, 0xff58, 0xff77, 0xff78, 0xff78, 0xff57, 0xf652, 0xff36, 0xff78, 0xff58, 0xff58, 0xff58, 0xff58, 0xff58, 0xff58,
    0xff57, 0xff57, 0xff57, 0xff57, 0xfe93, 0xfdae, 0xf4cd, 0xcc2c, 0xee54, 0xff78, 0xff78, 0xff58, 0xff78, 0xff78, 0xff57, 0xfed4,
    0xfe10, 0xd510, 0x6371, 0x8c10, 0xfdae, 0xfdae, 0xfd6e, 0xeced, 0x838e, 0x21cd, 0xd48d, 0xfd2d, 0xfd0d, 0xecac, 0xe46d, 0x9bad,
    0x7b6d, 0xcccf, 0xfd2d, 0xe42b, 0xc490, 0xf77c, 0xffff, 0xffff, 0xffff, 0xffff, 0xffff, 0xfffe, 0xff57, 0xed0d, 0xf54e, 0xfe72,
    0xfe93, 0xff15, 0xff57, 0xff57, 0xff57, 0xff58, 0xff58, 0xff58, 0xff58, 0xff58, 0xff58, 0xff58, 0xff58, 0xff58, 0xff58, 0xff57,
    0xff58, 0xff9a, 0xff16, 0x29ed, 0x6b6f, 0x8c0f, 0x3a4e, 0xb61a, 0xffff, 0xffdf, 0xffff, 0xffff, 0xffff, 0xffff, 0xffff, 0xffff,
    0xffff, 0xffff, 0xffff, 0xffff, 0xffff, 0xffff, 0xffff, 0xffff, 0xffff, 0xffff, 0xffff, 0xffff, 0xffff, 0xffff, 0xffff, 0xffff,
    0xffff, 0xffff, 0xffff, 0xffff, 0xffff, 0xffff, 0xffff, 0xffff, 0xffff, 0xffff, 0xffff, 0xffff, 0xffff, 0xffff, 0xffff, 0xffff,
    0xffff, 0xffff, 0xffff, 0xffff, 0xffff, 0xffff, 0xffff, 0xffff, 0xffff, 0xffff, 0xffff, 0xffff, 0xffff, 0xffff, 0xffff, 0xffff,
    0xffff, 0xffff, 0xffff, 0xffff, 0xffff, 0xffff, 0xffff, 0xffff, 0xffff, 0xffff, 0xffff, 0xffff, 0xffff, 0xffff, 0xffff, 0xffff,
    0xffff, 0xffff, 0xffff, 0xffff, 0xffff, 0xffff, 0xffff, 0xffff, 0xffff, 0xffff, 0xffff, 0xffff, 0xffff, 0xffff, 0xffff, 0xffff,
    0xffff, 0xffff, 0xffff, 0xffff, 0xffff, 0xffff, 0xffff, 0xffff, 0xffff, 0xffff, 0xffff, 0xffff, 0xffff, 0xffff, 0xffff, 0xffff,
    0xffff, 0xffff, 0xffff, 0xffff, 0xffff, 0xffff, 0xffff, 0xffff, 0xffff, 0xffff, 0xffff, 0xffff, 0xffff, 0xffff, 0xffff, 0xffff,
    0xffff, 0xffff, 0xffff, 0xffff, 0xffff, 0xffff, 0xffff, 0xffff, 0xffff, 0xffff, 0xffff, 0xffff, 0xffff, 0xffff, 0xffff, 0xffff,
    0xffff, 0xffff, 0xffff, 0xffff, 0xffff, 0xffff, 0xffff, 0xffff, 0xffff, 0xffff, 0xffff, 0xffff, 0xffff, 0xffff, 0xffff, 0xffff,
    0xffff, 0xffff, 0xffff, 0xffff, 0xffff, 0xffff, 0xffff, 0xffff, 0xffff, 0xffff, 0xffff, 0xffff, 0xffff, 0xffff, 0xffff, 0xffff,
    0xffff, 0xffff, 0xffff, 0xffff, 0xffff, 0xffff, 0xffff, 0xffff, 0xffff, 0xffff, 0xffff, 0xffff, 0xffff, 0xffff, 0xffff, 0xffff,
    0xffff, 0xffff, 0xffff, 0xffff, 0xffff, 0xffff, 0xffff, 0xffff, 0xffff, 0xffff, 0xffff, 0xffff, 0xffff, 0xffff, 0xffff, 0xffff,
    0xffff, 0xffff, 0xffff, 0xffff, 0xffff, 0xffff, 0xffff, 0xffff, 0xffff, 0xffff, 0xffff, 0xffff, 0xffff, 0xffff, 0xffff, 0xffff,
    0xffff, 0xffff, 0xffff, 0xffff, 0xffff, 0xffff, 0xffff, 0xffff, 0xffff, 0xffff, 0xffff, 0xffff, 0xffdf, 0xffff, 0xb5fa, 0x096d,
    0xe75e, 0xfffe, 0xff58, 0xff58, 0xff78, 0xff78, 0xff58, 0xfe72, 0xff16, 0xff78, 0xff57, 0xff78, 0xff78, 0xff58, 0xff58, 0xff58,
    0xff57, 0xff57, 0xff77, 0xff57, 0xf5af, 0xfd4e, 0xecee, 0xee34, 0xff78, 0xff77, 0xff58, 0xff78, 0xff57, 0xfef5, 0xfe93, 0xfeb3,
    0xfe11, 0xfdf0, 0xe550, 0x9c31, 0xac72, 0xb4b1, 0xc4f0, 0xfd8e, 0xecee, 0x93ae, 0x93af, 0x730e, 0x730e, 0xabcd, 0xe4ef, 0xbd11,
    0xfe72, 0xfef4, 0xf694, 0xee75, 0xffbb, 0xffff, 0xffff, 0xffff, 0xffff, 0xffff, 0xffff, 0xfffe, 0xfffe, 0xf613, 0xecab, 0xfe72,
    0xfe71, 0xfed4, 0xff57, 0xff57, 0xff57, 0xff58, 0xff58, 0xff58, 0xff58, 0xff58, 0xff58, 0xff58, 0xff58, 0xff58, 0xff58, 0xff57,
    0xff78, 0xf77b, 0x7390, 0x42b0, 0x32b1, 0x3270, 0xd6fd, 0xffff, 0xffdf, 0xffff, 0xffff, 0xffff, 0xffff, 0xffff, 0xffff, 0xffff,
    0xffff, 0xffff, 0xffff, 0xffff, 0xffff, 0xffff, 0xffff, 0xffff, 0xffff, 0xffff, 0xffff, 0xffff, 0xffff, 0xffff, 0xffff, 0xffff,
    0xffff, 0xffff, 0xffff, 0xffff, 0xffff, 0xffff, 0xffff, 0xffff, 0xffff, 0xffff, 0xffff, 0xffff, 0xffff, 0xffff, 0xffff, 0xffff,
    0xffff, 0xffff, 0xffff, 0xffff, 0xffff, 0xffff, 0xffff, 0xffff, 0xffff, 0xffff, 0xffff, 0xffff, 0xffff, 0xffff, 0xffff, 0xffff,
    0xffff, 0xffff, 0xffff, 0xffff, 0xffff, 0xffff, 0xffff, 0xffff, 0xffff, 0xffff, 0xffff, 0xffff, 0xffff, 0xffff, 0xffff, 0xffff,
    0xffff, 0xffff, 0xffff, 0xffff, 0xffff, 0xffff, 0xffff, 0xffff, 0xffff, 0xffff, 0xffff, 0xffff, 0xffff, 0xffff, 0xffff, 0xffff,
    0xffff, 0xffff, 0xffff, 0xffff, 0xffff, 0xffff, 0xffff, 0xffff, 0xffff, 0xffff, 0xffff, 0xffff, 0xffff, 0xffff, 0xffff, 0xffff,
    0xffff, 0xffff, 0xffff, 0xffff, 0xffff, 0xffff, 0xffff, 0xffff, 0xffff, 0xffff, 0xffff, 0xffff, 0xffff, 0xffff, 0xffff, 0xffff,
    0xffff, 0xffff, 0xffff, 0xffff, 0xffff, 0xffff, 0xffff, 0xffff, 0xffff, 0xffff, 0xffff, 0xffff, 0xffff, 0xffff, 0xffff, 0xffff,
    0xffff, 0xffff, 0xffff, 0xffff, 0xffff, 0xffff, 0xffff, 0xffff, 0xffff, 0xffff, 0xffff, 0xffff, 0xffff, 0xffff, 0xffff, 0xffff,
    0xffff, 0xffff, 0xffff, 0xffff, 0xffff, 0xffff, 0xffff, 0xffff, 0xffff, 0xffff, 0xffff, 0xffff, 0xffff, 0xffff, 0xffff, 0xffff,
    0xffff, 0xffff, 0xffff, 0xffff, 0xffff, 0xffff, 0xffff, 0xffff, 0xffff, 0xffff, 0xffff, 0xffff, 0xffff, 0xffff, 0xffff, 0xffff,
    0xffff, 0xffff, 0xffff, 0xffff, 0xffff, 0xffff, 0xffff, 0xffff, 0xffff, 0xffff, 0xffff, 0xffff, 0xffff, 0xffff, 0xffff, 0xffff,
    0xffff, 0xffff, 0xffff, 0xffff, 0xffff, 0xffff, 0xffff, 0xffff, 0xffff, 0xffff, 0xffff, 0xffff, 0xffff, 0xffff, 0xffff, 0xffff,
    0xffff, 0xffff, 0xffff, 0xffff, 0xffff, 0xffff, 0xffff, 0xffff, 0xffff, 0xffff, 0xffff, 0xffff, 0xffff, 0xffff, 0xb63a, 0x098c,
    0xdf3d, 0xfffe, 0xff58, 0xff78, 0xff77, 0xff78, 0xff78, 0xf652, 0xfef6, 0xff78, 0xff58, 0xff58, 0xff58, 0xff58, 0xff58, 0xff58,
    0xff58, 0xff57, 0xff77, 0xfe52, 0xfd6e, 0xfd0c, 0xf58f, 0xff78, 0xff58, 0xff58, 0xff58, 0xfef5, 0xff37, 0xfe31, 0xfe10, 0xe5b2,
    0xedd1, 0xfdef, 0xfdaf, 0xc4d1, 0xd531, 0xb4b2, 0x8c33, 0xbcb1, 0xfd2d, 0xfd4d, 0xa3f0, 0x7371, 0xac2f, 0xdd0f, 0xfe93, 0xfef2,
    0xfeb3, 0xff59, 0xff99, 0xff58, 0xff9a, 0xff9b, 0xffff, 0xffff, 0xffff, 0xffff, 0xffff, 0xffdf, 0xffff, 0xff79, 0xed8f, 0xed2e,
    0xfe93, 0xfe93, 0xff36, 0xff57, 0xff57, 0xff58, 0xff58, 0xff58, 0xff58, 0xff58, 0xff58, 0xff58, 0xff58, 0xff58, 0xff58, 0xff57,
    0xff78, 0xef9e, 0x016d, 0xa598, 0xffff, 0xffff, 0xffff, 0xffff, 0xffff, 0xffff, 0xffff, 0xffff, 0xffff, 0xffff, 0xffff, 0xffff,
    0xffff, 0xffff, 0xffff, 0xffff, 0xffff, 0xffff, 0xffff, 0xffff, 0xffff, 0xffff, 0xffff, 0xffff, 0xffff, 0xffff, 0xffff, 0xffff,
    0xffff, 0xffff, 0xffff, 0xffff, 0xffff, 0xffff, 0xffff, 0xffff, 0xffff, 0xffff, 0xffff, 0xffff, 0xffff, 0xffff, 0xffff, 0xffff,
    0xffff, 0xffff, 0xffff, 0xffff, 0xffff, 0xffff, 0xffff, 0xffff, 0xffff, 0xffff, 0xffff, 0xffff, 0xffff, 0xffff, 0xffff, 0xffff,
    0xffff, 0xffff, 0xffff, 0xffff, 0xffff, 0xffff, 0xffff, 0xffff, 0xffff, 0xffff, 0xffff, 0xffff, 0xffff, 0xffff, 0xffff, 0xffff,
    0xffff, 0xffff, 0xffff, 0xffff, 0xffff, 0xffff, 0xffff, 0xffff, 0xffff, 0xffff, 0xffff, 0xffff, 0xffff, 0xffff, 0xffff, 0xffff,
    0xffff, 0xffff, 0xffff, 0xffff, 0xffff, 0xffff, 0xffff, 0xffff, 0xffff, 0xffff, 0xffff, 0xffff, 0xffff, 0xffff, 0xffff, 0xffff,
    0xffff, 0xffff, 0xffff, 0xffff, 0xffff, 0xffff, 0xffff, 0xffff, 0xffff, 0xffff, 0xffff, 0xffff, 0xffff, 0xffff, 0xffff, 0xffff,
    0xffff, 0xffff, 0xffff, 0xffff, 0xffff, 0xffff, 0xffff, 0xffff, 0xffff, 0xffff, 0xffff, 0xffff, 0xffff, 0xffff, 0xffff, 0xffff,
    0xffff, 0xffff, 0xffff, 0xffff, 0xffff, 0xffff, 0xffff, 0xffff, 0xffff, 0xffff, 0xffff, 0xffff, 0xffff, 0xffff, 0xffff, 0xffff,
    0xffff, 0xffff, 0xffff, 0xffff, 0xffff, 0xffff, 0xffff, 0xffff, 0xffff, 0xffff, 0xffff, 0xffff, 0xffff, 0xffff, 0xffff, 0xffff,
    0xffff, 0xffff, 0xffff, 0xffff, 0xffff, 0xffff, 0xffff, 0xffff, 0xffff, 0xffff, 0xffff, 0xffff, 0xffff, 0xffff, 0xffff, 0xffff,
    0xffff, 0xffff, 0xffff, 0xffff, 0xffff, 0xffff, 0xffff, 0xffff, 0xffff, 0xffff, 0xffff, 0xffff, 0xffff, 0xffff, 0xffff, 0xffff,
    0xffff, 0xffff, 0xffff, 0xffff, 0xffff, 0xffff, 0xffff, 0xffff, 0xffff, 0xffff, 0xffff, 0xffff, 0xffff, 0xffff, 0xffff, 0xffff,
    0xffff, 0xffff, 0xffff, 0xffff, 0xffff, 0xffff, 0xffff, 0xffff, 0xffff, 0xffff, 0xffff, 0xffff, 0xffdf, 0xffff, 0xb5f9, 0x00eb,
    0xe77e, 0xffff, 0xff78, 0xff77, 0xff58, 0xff58, 0xff77, 0xfef5, 0xff36, 0xff78, 0xff58, 0xff58, 0xff58, 0xff58, 0xff58, 0xff77,
    0xff57, 0xff78, 0xff16, 0xfdaf, 0xfd2d, 0xf56e, 0xff16, 0xff57, 0xff58, 0xff57, 0xff16, 0xfef4, 0xf633, 0xf590, 0xe551, 0xe550,
    0xdd51, 0xf5b0, 0xed50, 0xe550, 0xed91, 0xdd31, 0xa493, 0x8434, 0xac92, 0xc4b0, 0x8413, 0x9c73, 0xed0f, 0xfd4f, 0xe633, 0xe613,
    0xfef5, 0xfe74, 0xf5b1, 0xedb1, 0xff58, 0xff57, 0xff7a, 0xffbc, 0xffff, 0xffff, 0xffff, 0xffff, 0xfffe, 0xfffe, 0xf6f9, 0xe4ad,
    0xf5d0, 0xfe73, 0xff16, 0xff77, 0xff57, 0xff58, 0xff58, 0xff78, 0xff58, 0xff58, 0xff58, 0xff58, 0xff58, 0xff58, 0xff58, 0xff57,
    0xff78, 0xf7be, 0x11cd, 0xa578, 0xffff, 0xffdf, 0xffff, 0xffff, 0xffff, 0xffff, 0xffff, 0xffff, 0xffff, 0xffff, 0xffff, 0xffff,
    0xffff, 0xffff, 0xffff, 0xffff, 0xffff, 0xffff, 0xffff, 0xffff, 0xffff, 0xffff, 0xffff, 0xffff, 0xffff, 0xffff, 0xffff, 0xffff,
    0xffff, 0xffff, 0xffff, 0xffff, 0xffff, 0xffff, 0xffff, 0xffff, 0xffff, 0xffff, 0xffff, 0xffff, 0xffff, 0xffff, 0xffff, 0xffff,
    0xffff, 0xffff, 0xffff, 0xffff, 0xffff, 0xffff, 0xffff, 0xffff, 0xffff, 0xffff, 0xffff, 0xffff, 0xffff, 0xffff, 0xffff, 0xffff,
    0xffff, 0xffff, 0xffff, 0xffff, 0xffff, 0xffff, 0xffff, 0xffff, 0xffff, 0xffff, 0xffff, 0xffff, 0xffff, 0xffff, 0xffff, 0xffff,
    0xffff, 0xffff, 0xffff, 0xffff, 0xffff, 0xffff, 0xffff, 0xffff, 0xffff, 0xffff, 0xffff, 0xffff, 0xffff, 0xffff, 0xffff, 0xffff,
    0xffff, 0xffff, 0xffff, 0xffff, 0xffff, 0xffff, 0xffff, 0xffff, 0xffff, 0xffff, 0xffff, 0xffff, 0xffff, 0xffff, 0xffff, 0xffff,
    0xffff, 0xffff, 0xffff, 0xffff, 0xffff, 0xffff, 0xffff, 0xffff, 0xffff, 0xffff, 0xffff, 0xffff, 0xffff, 0xffff, 0xffff, 0xffff,
    0xffff, 0xffff, 0xffff, 0xffff, 0xffff, 0xffff, 0xffff, 0xffff, 0xffff, 0xffff, 0xffff, 0xffff, 0xffff, 0xffff, 0xffff, 0xffff,
    0xffff, 0xffff, 0xffff, 0xffff, 0xffff, 0xffff, 0xffff, 0xffff, 0xffff, 0xffff, 0xffff, 0xffff, 0xffff, 0xffff, 0xffff, 0xffff,
    0xffff, 0xffff, 0xffff, 0xffff, 0xffff, 0xffff, 0xffff, 0xffff, 0xffff, 0xffff, 0xffff, 0xffff, 0xffff, 0xffff, 0xffff, 0xffff,
    0xffff, 0xffff, 0xffff, 0xffff, 0xffff, 0xffff, 0xffff, 0xffff, 0xffff, 0xffff, 0xffff, 0xffff, 0xffff, 0xffff, 0xffff, 0xffff,
    0xffff, 0xffff, 0xffff, 0xffff, 0xffff, 0xffff, 0xffff, 0xffff, 0xffff, 0xffff, 0xffff, 0xffff, 0xffff, 0xffff, 0xffff, 0xffff,
    0xffff, 0xffff, 0xffff, 0xffff, 0xffff, 0xffff, 0xffff, 0xffff, 0xffff, 0xffff, 0xffff, 0xffff, 0xffff, 0xffff, 0xffff, 0xffff,
    0xffff, 0xffff, 0xffff, 0xffff, 0xffff, 0xffff, 0xffff, 0xffff, 0xffff, 0xffff, 0xffff, 0xffff, 0xffff, 0xffff, 0xd6bc, 0x5b93,
    0x8495, 0xe75d, 0xffdc, 0xff57, 0xff77, 0xff57, 0xff57, 0xff77, 0xff58, 0xff57, 0xff58, 0xff58, 0xff58, 0xff58, 0xff58, 0xff58,
    0xff58, 0xff98, 0xfe52, 0xfd4d, 0xf54e, 0xf6b4, 0xff78, 0xff58, 0xff16, 0xff15, 0xf613, 0xfe93, 0xedb1, 0xed70, 0xdd51, 0xd511,
    0xd511, 0xdd50, 0xd531, 0xd552, 0xb4f3, 0xdd31, 0xbcd2, 0x8c75, 0x6416, 0x7435, 0x6c15, 0xbcd2, 0xac92, 0xa493, 0xa4b3, 0xbcd2,
    0xee54, 0xed70, 0xf5f1, 0xfe73, 0xf634, 0xff36, 0xf653, 0xfeb4, 0xffdc, 0xffdd, 0xff9b, 0xff7a, 0xffba, 0xffbc, 0xfffe, 0xf696,
    0xe4ec, 0xfe72, 0xfef5, 0xff57, 0xff58, 0xff58, 0xff78, 0xff78, 0xff78, 0xff78, 0xff58, 0xff58, 0xff57, 0xff57, 0xff58, 0xff57,
    0xff79, 0xf79e, 0x11ce, 0xa598, 0xffff, 0xffff, 0xffff, 0xffff, 0xffff, 0xffff, 0xffff, 0xffff, 0xffff, 0xffff, 0xffff, 0xffff,
    0xffff, 0xffff, 0xffff, 0xffff, 0xffff, 0xffff, 0xffff, 0xffff, 0xffff, 0xffff, 0xffff, 0xffff, 0xffff, 0xffff, 0xffff, 0xffff,
    0xffff, 0xffff, 0xffff, 0xffff, 0xffff, 0xffff, 0xffff, 0xffff, 0xffff, 0xffff, 0xffff, 0xffff, 0xffff, 0xffff, 0xffff, 0xffff,
    0xffff, 0xffff, 0xffff, 0xffff, 0xffff, 0xffff, 0xffff, 0xffff, 0xffff, 0xffff, 0xffff, 0xffff, 0xffff, 0xffff, 0xffff, 0xffff,
    0xffff, 0xffff, 0xffff, 0xffff, 0xffff, 0xffff, 0xffff, 0xffff, 0xffff, 0xffff, 0xffff, 0xffff, 0xffff, 0xffff, 0xffff, 0xffff,
    0xffff, 0xffff, 0xffff, 0xffff, 0xffff, 0xffff, 0xffff, 0xffff, 0xffff, 0xffff, 0xffff, 0xffff, 0xffff, 0xffff, 0xffff, 0xffff,
    0xffff, 0xffff, 0xffff, 0xffff, 0xffff, 0xffff, 0xffff, 0xffff, 0xffff, 0xffff, 0xffff, 0xffff, 0xffff, 0xffff, 0xffff, 0xffff,
    0xffff, 0xffff, 0xffff, 0xffff, 0xffff, 0xffff, 0xffff, 0xffff, 0xffff, 0xffff, 0xffff, 0xffff, 0xffff, 0xffff, 0xffff, 0xffff,
    0xffff, 0xffff, 0xffff, 0xffff, 0xffff, 0xffff, 0xffff, 0xffff, 0xffff, 0xffff, 0xffff, 0xffff, 0xffff, 0xffff, 0xffff, 0xffff,
    0xffff, 0xffff, 0xffff, 0xffff, 0xffff, 0xffff, 0xffff, 0xffff, 0xffff, 0xffff, 0xffff, 0xffff, 0xffff, 0xffff, 0xffff, 0xffff,
    0xffff, 0xffff, 0xffff, 0xffff, 0xffff, 0xffff, 0xffff, 0xffff, 0xffff, 0xffff, 0xffff, 0xffff, 0xffff, 0xffff, 0xffff, 0xffff,
    0xffff, 0xffff, 0xffff, 0xffff, 0xffff, 0xffff, 0xffff, 0xffff, 0xffff, 0xffff, 0xffff, 0xffff, 0xffff, 0xffff, 0xffff, 0xffff,
    0xffff, 0xffff, 0xffff, 0xffff, 0xffff, 0xffff, 0xffff, 0xffff, 0xffff, 0xffff, 0xffff, 0xffff, 0xffff, 0xffff, 0xffff, 0xffff,
    0xffff, 0xffff, 0xffff, 0xffff, 0xffff, 0xffff, 0xffff, 0xffff, 0xffff, 0xffff, 0xffff, 0xffff, 0xffff, 0xffff, 0xffff, 0xffff,
    0xffff, 0xffff, 0xffff, 0xffff, 0xffff, 0xffff, 0xffff, 0xffff, 0xffff, 0xffff, 0xffff, 0xffff, 0xffff, 0xffff, 0xffff, 0xffff,
    0x118d, 0xbe3b, 0xfffd, 0xff56, 0xff57, 0xff57, 0xff57, 0xff57, 0xff57, 0xff57, 0xff58, 0xff58, 0xff58, 0xff58, 0xff57, 0xff57,
    0xff78, 0xff15, 0xfdcf, 0xfd2d, 0xf673, 0xff78, 0xff57, 0xff37, 0xfe72, 0xfeb3, 0xe551, 0xf590, 0xedd1, 0xcd32, 0xf5d0, 0xacd3,
    0xe591, 0xc4f2, 0xcd52, 0xbcf2, 0xe571, 0xdd31, 0xa493, 0xa493, 0xacb3, 0x7436, 0x6bf5, 0xccd2, 0x9473, 0x7c55, 0xcd53, 0xf5b0,
    0xbcd2, 0xdd92, 0xf612, 0xee54, 0xedd1, 0xf612, 0xf6d7, 0xf674, 0xf694, 0xff57, 0xf693, 0xf675, 0xffb9, 0xff57, 0xff79, 0xffbb,
    0xee33, 0xed0d, 0xfe72, 0xff37, 0xff78, 0xff78, 0xff78, 0xff78, 0xff78, 0xff58, 0xff58, 0xff58, 0xff58, 0xff58, 0xff57, 0xff57,
    0xff78, 0xef9d, 0x19ce, 0xa5b9, 0xffff, 0xffff, 0xffff, 0xffff, 0xffff, 0xffff, 0xffff, 0xffff, 0xffff, 0xffff, 0xffff, 0xffff,
    0xffff, 0xffff, 0xffff, 0xffff, 0xffff, 0xffff, 0xffff, 0xffff, 0xffff, 0xffff, 0xffff, 0xffff, 0xffff, 0xffff, 0xffff, 0xffff,
    0xffff, 0xffff, 0xffff, 0xffff, 0xffff, 0xffff, 0xffff, 0xffff, 0xffff, 0xffff, 0xffff, 0xffff, 0xffff, 0xffff, 0xffff, 0xffff,
    0xffff, 0xffff, 0xffff, 0xffff, 0xffff, 0xffff, 0xffff, 0xffff, 0xffff, 0xffff, 0xffff, 0xffff, 0xffff, 0xffff, 0xffff, 0xffff,
    0xffff, 0xffff, 0xffff, 0xffff, 0xffff, 0xffff, 0xffff, 0xffff, 0xffff, 0xffff, 0xffff, 0xffff, 0xffff, 0xffff, 0xffff, 0xffff,
    0xffff, 0xffff, 0xffff, 0xffff, 0xffff, 0xffff, 0xffff, 0xffff, 0xffff, 0xffff, 0xffff, 0xffff, 0xffff, 0xffff, 0xffff, 0xffff,
    0xffff, 0xffff, 0xffff, 0xffff, 0xffff, 0xffff, 0xffff, 0xffff, 0xffff, 0xffff, 0xffff, 0xffff, 0xffff, 0xffff, 0xffff, 0xffff,
    0xffff, 0xffff, 0xffff, 0xffff, 0xffff, 0xffff, 0xffff, 0xffff, 0xffff, 0xffff, 0xffff, 0xffff, 0xffff, 0xffff, 0xffff, 0xffff,
    0xffff, 0xffff, 0xffff, 0xffff, 0xffff, 0xffff, 0xffff, 0xffff, 0xffff, 0xffff, 0xffff, 0xffff, 0xffff, 0xffff, 0xffff, 0xffff,
    0xffff, 0xffff, 0xffff, 0xffff, 0xffff, 0xffff, 0xffff, 0xffff, 0xffff, 0xffff, 0xffff, 0xffff, 0xffff, 0xffff, 0xffff, 0xffff,
    0xffff, 0xffff, 0xffff, 0xffff, 0xffff, 0xffff, 0xffff, 0xffff, 0xffff, 0xffff, 0xffff, 0xffff, 0xffff, 0xffff, 0xffff, 0xffff,
    0xffff, 0xffff, 0xffff, 0xffff, 0xffff, 0xffff, 0xffff, 0xffff, 0xffff, 0xffff, 0xffff, 0xffff, 0xffff, 0xffff, 0xffff, 0xffff,
    0xffff, 0xffff, 0xffff, 0xffff, 0xffff, 0xffff, 0xffff, 0xffff, 0xffff, 0xffff, 0xffff, 0xffff, 0xffff, 0xffff, 0xffff, 0xffff,
    0xffff, 0xffff, 0xffff, 0xffff, 0xffff, 0xffff, 0xffff, 0xffff, 0xffff, 0xffff, 0xffff, 0xffff, 0xffff, 0xffff, 0xffff, 0xffff,
    0xffff, 0xffff, 0xffff, 0xffff, 0xffff, 0xffff, 0xffff, 0xffff, 0xffff, 0xffff, 0xffff, 0xffff, 0xffff, 0xffff, 0xffff, 0xef9e,
    0x118d, 0xc69c, 0xfffe, 0xff59, 0xff57, 0xff57, 0xff57, 0xff57, 0xff57, 0xff57, 0xff57, 0xff57, 0xff58, 0xff58, 0xff78, 0xff57,
    0xff98, 0xfeb4, 0xfd2d, 0xf5d0, 0xff37, 0xff78, 0xff36, 0xf632, 0xfdd1, 0xd592, 0xfe52, 0xdd92, 0xccf1, 0xe551, 0xf590, 0xf570,
    0xbcd2, 0xbcf3, 0xcd32, 0xd552, 0xa4b4, 0xacd3, 0xbcf2, 0xed50, 0xbcf2, 0x7c35, 0x6c15, 0x9473, 0x8434, 0xc513, 0xc4f2, 0xbcd2,
    0xe551, 0xedf1, 0xedb1, 0xd511, 0xdd31, 0xed50, 0xe655, 0xff56, 0xf5f1, 0xed92, 0xfe94, 0xe531, 0xf716, 0xff57, 0xff16, 0xff58,
    0xff9a, 0xed90, 0xf56e, 0xff16, 0xff78, 0xff58, 0xff58, 0xff78, 0xff78, 0xff58, 0xff58, 0xff58, 0xff58, 0xff58, 0xff58, 0xff79,
    0xffdc, 0xffff, 0x014c, 0x9d78, 0xffff, 0xffff, 0xffff, 0xffff, 0xffff, 0xffff, 0xffff, 0xffff, 0xffff, 0xffff, 0xffff, 0xffff,
    0xffff, 0xffff, 0xffff, 0xffff, 0xffff, 0xffff, 0xffff, 0xffff, 0xffff, 0xffff, 0xffff, 0xffff, 0xffff, 0xffff, 0xffff, 0xffff,
    0xffff, 0xffff, 0xffff, 0xffff, 0xffff, 0xffff, 0xffff, 0xffff, 0xffff, 0xffff, 0xffff, 0xffff, 0xffff, 0xffff, 0xffff, 0xffff,
    0xffff, 0xffff, 0xffff, 0xffff, 0xffff, 0xffff, 0xffff, 0xffff, 0xffff, 0xffff, 0xffff, 0xffff, 0xffff, 0xffff, 0xffff, 0xffff,
    0xffff, 0xffff, 0xffff, 0xffff, 0xffff, 0xffff, 0xffff, 0xffff, 0xffff, 0xffff, 0xffff, 0xffff, 0xffff, 0xffff, 0xffff, 0xffff,
    0xffff, 0xffff, 0xffff, 0xffff, 0xffff, 0xffff, 0xffff, 0xffff, 0xffff, 0xffff, 0xffff, 0xffff, 0xffff, 0xffff, 0xffff, 0xffff,
    0xffff, 0xffff, 0xffff, 0xffff, 0xffff, 0xffff, 0xffff, 0xffff, 0xffff, 0xffff, 0xffff, 0xffff, 0xffff, 0xffff, 0xffff, 0xffff,
    0xffff, 0xffff, 0xffff, 0xffff, 0xffff, 0xffff, 0xffff, 0xffff, 0xffff, 0xffff, 0xffff, 0xffff, 0xffff, 0xffff, 0xffff, 0xffff,
    0xffff, 0xffff, 0xffff, 0xffff, 0xffff, 0xffff, 0xffff, 0xffff, 0xffff, 0xffff, 0xffff, 0xffff, 0xffff, 0xffff, 0xffff, 0xffff,
    0xffff, 0xffff, 0xffff, 0xffff, 0xffff, 0xffff, 0xffff, 0xffff, 0xffff, 0xffff, 0xffff, 0xffff, 0xffff, 0xffff, 0xffff, 0xffff,
    0xffff, 0xffff, 0xffff, 0xffff, 0xffff, 0xffff, 0xffff, 0xffff, 0xffff, 0xffff, 0xffff, 0xffff, 0xffff, 0xffff, 0xffff, 0xffff,
    0xffff, 0xffff, 0xffff, 0xffff, 0xffff, 0xffff, 0xffff, 0xffff, 0xffff, 0xffff, 0xffff, 0xffff, 0xffff, 0xffff, 0xffff, 0xffff,
    0xffff, 0xffff, 0xffff, 0xffff, 0xffff, 0xffff, 0xffff, 0xffff, 0xffff, 0xffff, 0xffff, 0xffff, 0xffff, 0xffff, 0xffff, 0xffff,
    0xffff, 0xffff, 0xffff, 0xffff, 0xffff, 0xffff, 0xffff, 0xffff, 0xffff, 0xffff, 0xffff, 0xffff, 0xffff, 0xffff, 0xffff, 0xffff,
    0xffff, 0xffff, 0xffff, 0xffff, 0xffff, 0xffff, 0xffff, 0xffff, 0xffff, 0xffff, 0xffff, 0xffff, 0xffff, 0xffff, 0xffff, 0xf7bf,
    0x42d0, 0x7c75, 0xe73d, 0xffdc, 0xff57, 0xff58, 0xff58, 0xff57, 0xff57, 0xff57, 0xff78, 0xff78, 0xff57, 0xff57, 0xfed5, 0xff57,
    0xfef5, 0xfdd0, 0xf58f, 0xf6b4, 0xff77, 0xfed4, 0xf5d1, 0xfdd0, 0xe551, 0xee53, 0xddb2, 0xee74, 0xfe72, 0xf612, 0xe570, 0xf56f,
    0xdd11, 0xed91, 0xf58f, 0xd512, 0xbcf3, 0xd531, 0xd531, 0xcd12, 0xcd12, 0xd551, 0x8434, 0xacb3, 0x9473, 0xb4d3, 0xcd12, 0xed91,
    0xfe30, 0xedd1, 0xe5b1, 0xee33, 0xee74, 0xe592, 0xe5b2, 0xed91, 0xee13, 0xf674, 0xe591, 0xfe73, 0xf693, 0xd573, 0xf672, 0xfef4,
    0xff78, 0xf6f6, 0xf5f0, 0xfed5, 0xff78, 0xff58, 0xff58, 0xff58, 0xff58, 0xff58, 0xff58, 0xff58, 0xff58, 0xff57, 0xff57, 0xffbb,
    0xe77e, 0x94f7, 0x7434, 0xcedc, 0xffff, 0xffff, 0xffff, 0xffff, 0xffff, 0xffff, 0xffff, 0xffff, 0xffff, 0xffff, 0xffff, 0xffff,
    0xffff, 0xffff, 0xffff, 0xffff, 0xffff, 0xffff, 0xffff, 0xffff, 0xffff, 0xffff, 0xffff, 0xffff, 0xffff, 0xffff, 0xffff, 0xffff,
    0xffff, 0xffff, 0xffff, 0xffff, 0xffff, 0xffff, 0xffff, 0xffff, 0xffff, 0xffff, 0xffff, 0xffff, 0xffff, 0xffff, 0xffff, 0xffff,
    0xffff, 0xffff, 0xffff, 0xffff, 0xffff, 0xffff, 0xffff, 0xffff, 0xffff, 0xffff, 0xffff, 0xffff, 0xffff, 0xffff, 0xffff, 0xffff,
    0xffff, 0xffff, 0xffff, 0xffff, 0xffff, 0xffff, 0xffff, 0xffff, 0xffff, 0xffff, 0xffff, 0xffff, 0xffff, 0xffff, 0xffff, 0xffff,
    0xffff, 0xffff, 0xffff, 0xffff, 0xffff, 0xffff, 0xffff, 0xffff, 0xffff, 0xffff, 0xffff, 0xffff, 0xffff, 0xffff, 0xffff, 0xffff,
    0xffff, 0xffff, 0xffff, 0xffff, 0xffff, 0xffff, 0xffff, 0xffff, 0xffff, 0xffff, 0xffff, 0xffff, 0xffff, 0xffff, 0xffff, 0xffff,
    0xffff, 0xffff, 0xffff, 0xffff, 0xffff, 0xffff, 0xffff, 0xffff, 0xffff, 0xffff, 0xffff, 0xffff, 0xffff, 0xffff, 0xffff, 0xffff,
    0xffff, 0xffff, 0xffff, 0xffff, 0xffff, 0xffff, 0xffff, 0xffff, 0xffff, 0xffff, 0xffff, 0xffff, 0xffff, 0xffff, 0xffff, 0xffff,
    0xffff, 0xffff, 0xffff, 0xffff, 0xffff, 0xffff, 0xffff, 0xffff, 0xffff, 0xffff, 0xffff, 0xffff, 0xffff, 0xffff, 0xffff, 0xffff,
    0xffff, 0xffff, 0xffff, 0xffff, 0xffff, 0xffff, 0xffff, 0xffff, 0xffff, 0xffff, 0xffff, 0xffff, 0xffff, 0xffff, 0xffff, 0xffff,
    0xffff, 0xffff, 0xffff, 0xffff, 0xffff, 0xffff, 0xffff, 0xffff, 0xffff, 0xffff, 0xffff, 0xffff, 0xffff, 0xffff, 0xffff, 0xffff,
    0xffff, 0xffff, 0xffff, 0xffff, 0xffff, 0xffff, 0xffff, 0xffff, 0xffff, 0xffff, 0xffff, 0xffff, 0xffff, 0xffff, 0xffff, 0xffff,
    0xffff, 0xffff, 0xffff, 0xffff, 0xffff, 0xffff, 0xffff, 0xffff, 0xffff, 0xffff, 0xffff, 0xffff, 0xffff, 0xffff, 0xffff, 0xffff,
    0xffff, 0xffff, 0xffff, 0xffff, 0xffff, 0xffff, 0xffff, 0xffff, 0xffff, 0xffff, 0xffff, 0xffff, 0xffff, 0xffff, 0xffff, 0xffff,
    0xffff, 0x19cd, 0x9d58, 0xfffd, 0xff57, 0xff58, 0xff58, 0xff57, 0xff57, 0xff78, 0xfed5, 0xfed5, 0xff78, 0xff57, 0xfed4, 0xff57,
    0xfe94, 0xfd4d, 0xfe72, 0xff76, 0xff15, 0xd572, 0xccb0, 0xc512, 0xd510, 0xf5f1, 0xee14, 0xf613, 0xfe93, 0xfed4, 0xfe52, 0xfe30,
    0xfdef, 0xed50, 0xfdaf, 0xe571, 0xe551, 0xe50f, 0xe570, 0xd571, 0xed90, 0xedb1, 0x8c34, 0xac93, 0x8454, 0xa4d4, 0xd552, 0xfdd0,
    0xfe92, 0xfe92, 0xfed4, 0xff56, 0xfef5, 0xedd2, 0xfed4, 0xf633, 0xff15, 0xff56, 0xf6b5, 0xff77, 0xfef5, 0xedd1, 0xf611, 0xedf3,
    0xe5f3, 0xffb9, 0xfe92, 0xfe94, 0xff78, 0xff57, 0xff58, 0xff58, 0xff58, 0xff58, 0xff58, 0xff58, 0xff58, 0xff58, 0xff57, 0xfffb,
    0xc67b, 0x010c, 0xef9f, 0xffff, 0xffff, 0xffff, 0xffff, 0xffff, 0xffff, 0xffff, 0xffff, 0xffff, 0xffff, 0xffff, 0xffff, 0xffff,
    0xffff, 0xffff, 0xffff, 0xffff, 0xffff, 0xffff, 0xffff, 0xffff, 0xffff, 0xffff, 0xffff, 0xffff, 0xffff, 0xffff, 0xffff, 0xffff,
    0xffff, 0xffff, 0xffff, 0xffff, 0xffff, 0xffff, 0xffff, 0xffff, 0xffff, 0xffff, 0xffff, 0xffff, 0xffff, 0xffff, 0xffff, 0xffff,
    0xffff, 0xffff, 0xffff, 0xffff, 0xffff, 0xffff, 0xffff, 0xffff, 0xffff, 0xffff, 0xffff, 0xffff, 0xffff, 0xffff, 0xffff, 0xffff,
    0xffff, 0xffff, 0xffff, 0xffff, 0xffff, 0xffff, 0xffff, 0xffff, 0xffff, 0xffff, 0xffff, 0xffff, 0xffff, 0xffff, 0xffff, 0xffff,
    0xffff, 0xffff, 0xffff, 0xffff, 0xffff, 0xffff, 0xffff, 0xffff, 0xffff, 0xffff, 0xffff, 0xffff, 0xffff, 0xffff, 0xffff, 0xffff,
    0xffff, 0xffff, 0xffff, 0xffff, 0xffff, 0xffff, 0xffff, 0xffff, 0xffff, 0xffff, 0xffff, 0xffff, 0xffff, 0xffff, 0xffff, 0xffff,
    0xffff, 0xffff, 0xffff, 0xffff, 0xffff, 0xffff, 0xffff, 0xffff, 0xffff, 0xffff, 0xffff, 0xffff, 0xffff, 0xffff, 0xffff, 0xffff,
    0xffff, 0xffff, 0xffff, 0xffff, 0xffff, 0xffff, 0xffff, 0xffff, 0xffff, 0xffff, 0xffff, 0xffff, 0xffff, 0xffff, 0xffff, 0xffff,
    0xffff, 0xffff, 0xffff, 0xffff, 0xffff, 0xffff, 0xffff, 0xffff, 0xffff, 0xffff, 0xffff, 0xffff, 0xffff, 0xffff, 0xffff, 0xffff,
    0xffff, 0xffff, 0xffff, 0xffff, 0xffff, 0xffff, 0xffff, 0xffff, 0xffff, 0xffff, 0xffff, 0xffff, 0xffff, 0xffff, 0xffff, 0xffff,
    0xffff, 0xffff, 0xffff, 0xffff, 0xffff, 0xffff, 0xffff, 0xffff, 0xffff, 0xffff, 0xffff, 0xffff, 0xffff, 0xffff, 0xffff, 0xffff,
    0xffff, 0xffff, 0xffff, 0xffff, 0xffff, 0xffff, 0xffff, 0xffff, 0xffff, 0xffff, 0xffff, 0xffff, 0xffff, 0xffff, 0xffff, 0xffff,
    0xffff, 0xffff, 0xffff, 0xffff, 0xffff, 0xffff, 0xffff, 0xffff, 0xffff, 0xffff, 0xffff, 0xffff, 0xffff, 0xffff, 0xffff, 0xffff,
    0xffff, 0xffff, 0xffff, 0xffff, 0xffff, 0xffff, 0xffff, 0xffff, 0xffff, 0xffff, 0xffff, 0xffff, 0xffff, 0xffff, 0xffff, 0xffff,
    0xffff, 0x21ee, 0xadf9, 0xffff, 0xff9b, 0xff57, 0xff57, 0xff57, 0xff57, 0xff98, 0xfe94, 0xfe73, 0xff77, 0xff57, 0xff57, 0xff78,
    0xfe93, 0xf54d, 0xfe93, 0xf716, 0xd593, 0xb4d2, 0xcd12, 0x8c74, 0xbcb1, 0xfd6f, 0xf653, 0xf694, 0xfef4, 0xfef4, 0xfe72, 0xfeb2,
    0xfe51, 0xfe51, 0xfdf0, 0xfdcf, 0xfdcf, 0xed8f, 0xfe30, 0xfe91, 0xfe30, 0xf5d0, 0xd531, 0xd511, 0xbc91, 0xf570, 0xfdef, 0xfdf0,
    0xfeb2, 0xfeb2, 0xfef4, 0xff56, 0xff35, 0xff14, 0xff36, 0xff57, 0xff57, 0xff77, 0xff78, 0xff57, 0xfef4, 0xe5b1, 0xd512, 0xe634,
    0xf651, 0xf6b5, 0xfeb4, 0xf611, 0xff15, 0xff78, 0xff57, 0xff58, 0xff58, 0xff58, 0xff58, 0xff58, 0xff57, 0xff58, 0xff57, 0xffdc,
    0xce9c, 0x118e, 0xdf1d, 0xffff, 0xffff, 0xffff, 0xffff, 0xffff, 0xffff, 0xffff, 0xffff, 0xffff, 0xffff, 0xffff, 0xffff, 0xffff,
    0xffff, 0xffff, 0xffff, 0xffff, 0xffff, 0xffff, 0xffff, 0xffff, 0xffff, 0xffff, 0xffff, 0xffff, 0xffff, 0xffff, 0xffff, 0xffff,
    0xffff, 0xffff, 0xffff, 0xffff, 0xffff, 0xffff, 0xffff, 0xffff, 0xffff, 0xffff, 0xffff, 0xffff, 0xffff, 0xffff, 0xffff, 0xffff,
    0xffff, 0xffff, 0xffff, 0xffff, 0xffff, 0xffff, 0xffff, 0xffff, 0xffff, 0xffff, 0xffff, 0xffff, 0xffff, 0xffff, 0xffff, 0xffff,
    0xffff, 0xffff, 0xffff, 0xffff, 0xffff, 0xffff, 0xffff, 0xffff, 0xffff, 0xffff, 0xffff, 0xffff, 0xffff, 0xffff, 0xffff, 0xffff,
    0xffff, 0xffff, 0xffff, 0xffff, 0xffff, 0xffff, 0xffff, 0xffff, 0xffff, 0xffff, 0xffff, 0xffff, 0xffff, 0xffff, 0xffff, 0xffff,
    0xffff, 0xffff, 0xffff, 0xffff, 0xffff, 0xffff, 0xffff, 0xffff, 0xffff, 0xffff, 0xffff, 0xffff, 0xffff, 0xffff, 0xffff, 0xffff,
    0xffff, 0xffff, 0xffff, 0xffff, 0xffff, 0xffff, 0xffff, 0xffff, 0xffff, 0xffff, 0xffff, 0xffff, 0xffff, 0xffff, 0xffff, 0xffff,
    0xffff, 0xffff, 0xffff, 0xffff, 0xffff, 0xffff, 0xffff, 0xffff, 0xffff, 0xffff, 0xffff, 0xffff, 0xffff, 0xffff, 0xffff, 0xffff,
    0xffff, 0xffff, 0xffff, 0xffff, 0xffff, 0xffff, 0xffff, 0xffff, 0xffff, 0xffff, 0xffff, 0xffff, 0xffff, 0xffff, 0xffff, 0xffff,
    0xffff, 0xffff, 0xffff, 0xffff, 0xffff, 0xffff, 0xffff, 0xffff, 0xffff, 0xffff, 0xffff, 0xffff, 0xffff, 0xffff, 0xffff, 0xffff,
    0xffff, 0xffff, 0xffff, 0xffff, 0xffff, 0xffff, 0xffff, 0xffff, 0xffff, 0xffff, 0xffff, 0xffff, 0xffff, 0xffff, 0xffff, 0xffff,
    0xffff, 0xffff, 0xffff, 0xffff, 0xffff, 0xffff, 0xffff, 0xffff, 0xffff, 0xffff, 0xffff, 0xffff, 0xffff, 0xffff, 0xffff, 0xffff,
    0xffff, 0xffff, 0xffff, 0xffff, 0xffff, 0xffff, 0xffff, 0xffff, 0xffff, 0xffff, 0xffff, 0xffff, 0xffff, 0xffff, 0xffff, 0xffff,
    0xffff, 0xffff, 0xffff, 0xffff, 0xffff, 0xffff, 0xffff, 0xffff, 0xffff, 0xffff, 0xffff, 0xffff, 0xffff, 0xffff, 0xffff, 0xffff,
    0xffdf, 0x3a90, 0x6bd3, 0xd6db, 0xffdd, 0xff57, 0xff57, 0xff57, 0xff57, 0xff78, 0xfed4, 0xfe93, 0xff58, 0xff57, 0xff57, 0xff57,
    0xff15, 0xf5af, 0xfe93, 0xe676, 0x9c94, 0xdd72, 0xbcd2, 0x9473, 0xb471, 0xfd2e, 0xfe10, 0xffba, 0xff98, 0xff99, 0xff79, 0xff78,
    0xff57, 0xff98, 0xff57, 0xff37, 0xff57, 0xff76, 0xff58, 0xff59, 0xff38, 0xff38, 0xfef5, 0xfe51, 0xfe0f, 0xfdf0, 0xfeb3, 0xff16,
    0xff58, 0xff99, 0xff9a, 0xff9a, 0xff9a, 0xff9b, 0xffbc, 0xff79, 0xff59, 0xff58, 0xff57, 0xff36, 0xfdf1, 0xcc6f, 0xcc90, 0xe550,
    0xe530, 0xe5b2, 0xfef5, 0xfe10, 0xfeb4, 0xff78, 0xff57, 0xff58, 0xff58, 0xff58, 0xff58, 0xff58, 0xff58, 0xff58, 0xff58, 0xfffb,
    0xc638, 0x012c, 0xdf5d, 0xffff, 0xffff, 0xffff, 0xffff, 0xffff, 0xffff, 0xffff, 0xffff, 0xffff, 0xffff, 0xffff, 0xffff, 0xffff,
    0xffff, 0xffff, 0xffff, 0xffff, 0xffff, 0xffff, 0xffff, 0xffff, 0xffff, 0xffff, 0xffff, 0xffff, 0xffff, 0xffff, 0xffff, 0xffff,
    0xffff, 0xffff, 0xffff, 0xffff, 0xffff, 0xffff, 0xffff, 0xffff, 0xffff, 0xffff, 0xffff, 0xffff, 0xffff, 0xffff, 0xffff, 0xffff,
    0xffff, 0xffff, 0xffff, 0xffff, 0xffff, 0xffff, 0xffff, 0xffff, 0xffff, 0xffff, 0xffff, 0xffff, 0xffff, 0xffff, 0xffff, 0xffff,
    0xffff, 0xffff, 0xffff, 0xffff, 0xffff, 0xffff, 0xffff, 0xffff, 0xffff, 0xffff, 0xffff, 0xffff, 0xffff, 0xffff, 0xffff, 0xffff,
    0xffff, 0xffff, 0xffff, 0xffff, 0xffff, 0xffff, 0xffff, 0xffff, 0xffff, 0xffff, 0xffff, 0xffff, 0xffff, 0xffff, 0xffff, 0xffff,
    0xffff, 0xffff, 0xffff, 0xffff, 0xffff, 0xffff, 0xffff, 0xffff, 0xffff, 0xffff, 0xffff, 0xffff, 0xffff, 0xffff, 0xffff, 0xffff,
    0xffff, 0xffff, 0xffff, 0xffff, 0xffff, 0xffff, 0xffff, 0xffff, 0xffff, 0xffff, 0xffff, 0xffff, 0xffff, 0xffff, 0xffff, 0xffff,
    0xffff, 0xffff, 0xffff, 0xffff, 0xffff, 0xffff, 0xffff, 0xffff, 0xffff, 0xffff, 0xffff, 0xffff, 0xffff, 0xffff, 0xffff, 0xffff,
    0xffff, 0xffff, 0xffff, 0xffff, 0xffff, 0xffff, 0xffff, 0xffff, 0xffff, 0xffff, 0xffff, 0xffff, 0xffff, 0xffff, 0xffff, 0xffff,
    0xffff, 0xffff, 0xffff, 0xffff, 0xffff, 0xffff, 0xffff, 0xffff, 0xffff, 0xffff, 0xffff, 0xffff, 0xffff, 0xffff, 0xffff, 0xffff,
    0xffff, 0xffff, 0xffff, 0xffff, 0xffff, 0xffff, 0xffff, 0xffff, 0xffff, 0xffff, 0xffff, 0xffff, 0xffff, 0xffff, 0xffff, 0xffff,
    0xffff, 0xffff, 0xffff, 0xffff, 0xffff, 0xffff, 0xffff, 0xffff, 0xffff, 0xffff, 0xffff, 0xffff, 0xffff, 0xffff, 0xffff, 0xffff,
    0xffff, 0xffff, 0xffff, 0xffff, 0xffff, 0xffff, 0xffff, 0xffff, 0xffff, 0xffff, 0xffff, 0xffff, 0xffff, 0xffff, 0xffff, 0xffff,
    0xffff, 0xffff, 0xffff, 0xffff, 0xffff, 0xffff, 0xffff, 0xffff, 0xffff, 0xffff, 0xffff, 0xffff, 0xffff, 0xffff, 0xffff, 0xffff,
    0xffff, 0xf7be, 0x19cd, 0x7435, 0xfffd, 0xff37, 0xff57, 0xff57, 0xff57, 0xff98, 0xfed5, 0xfe93, 0xff78, 0xff57, 0xff57, 0xff57,
    0xff56, 0xf5d0, 0xf611, 0xee94, 0xc513, 0xb4b3, 0x7455, 0x3290, 0x29cd, 0xac2d, 0xf5d0, 0xf6f7, 0xf6b6, 0xf6d7, 0xff38, 0xf634,
    0xf634, 0xedf4, 0xedf4, 0xee14, 0xee35, 0xee15, 0xf718, 0xffda, 0xffdb, 0xffff, 0xffdd, 0xff9a, 0xff79, 0xff99, 0xfffd, 0xffff,
    0xff9b, 0xf6d8, 0xff5a, 0xffff, 0xffff, 0xfffe, 0xfffe, 0xffff, 0xfffc, 0xfffa, 0xffd9, 0xf738, 0x6b4f, 0x428e, 0x7bd2, 0x8c12,
    0xccf1, 0xf5af, 0xff16, 0xff36, 0xff36, 0xff78, 0xff58, 0xff58, 0xff58, 0xff58, 0xff58, 0xff58, 0xff58, 0xff57, 0xffdb, 0xd6ba,
    0x52ef, 0xb61a, 0xf7df, 0xffff, 0xffff, 0xffff, 0xffff, 0xffff, 0xffff, 0xffff, 0xffff, 0xffff, 0xffff, 0xffff, 0xffff, 0xffff,
    0xffff, 0xffff, 0xffff, 0xffff, 0xffff, 0xffff, 0xffff, 0xffff, 0xffff, 0xffff, 0xffff, 0xffff, 0xffff, 0xffff, 0xffff, 0xffff,
    0xffff, 0xffff, 0xffff, 0xffff, 0xffff, 0xffff, 0xffff, 0xffff, 0xffff, 0xffff, 0xffff, 0xffff, 0xffff, 0xffff, 0xffff, 0xffff,
    0xffff, 0xffff, 0xffff, 0xffff, 0xffff, 0xffff, 0xffff, 0xffff, 0xffff, 0xffff, 0xffff, 0xffff, 0xffff, 0xffff, 0xffff, 0xffff,
    0xffff, 0xffff, 0xffff, 0xffff, 0xffff, 0xffff, 0xffff, 0xffff, 0xffff, 0xffff, 0xffff, 0xffff, 0xffff, 0xffff, 0xffff, 0xffff,
    0xffff, 0xffff, 0xffff, 0xffff, 0xffff, 0xffff, 0xffff, 0xffff, 0xffff, 0xffff, 0xffff, 0xffff, 0xffff, 0xffff, 0xffff, 0xffff,
    0xffff, 0xffff, 0xffff, 0xffff, 0xffff, 0xffff, 0xffff, 0xffff, 0xffff, 0xffff, 0xffff, 0xffff, 0xffff, 0xffff, 0xffff, 0xffff,
    0xffff, 0xffff, 0xffff, 0xffff, 0xffff, 0xffff, 0xffff, 0xffff, 0xffff, 0xffff, 0xffff, 0xffff, 0xffff, 0xffff, 0xffff, 0xffff,
    0xffff, 0xffff, 0xffff, 0xffff, 0xffff, 0xffff, 0xffff, 0xffff, 0xffff, 0xffff, 0xffff, 0xffff, 0xffff, 0xffff, 0xffff, 0xffff,
    0xffff, 0xffff, 0xffff, 0xffff, 0xffff, 0xffff, 0xffff, 0xffff, 0xffff, 0xffff, 0xffff, 0xffff, 0xffff, 0xffff, 0xffff, 0xffff,
    0xffff, 0xffff, 0xffff, 0xffff, 0xffff, 0xffff, 0xffff, 0xffff, 0xffff, 0xffff, 0xffff, 0xffff, 0xffff, 0xffff, 0xffff, 0xffff,
    0xffff, 0xffff, 0xffff, 0xffff, 0xffff, 0xffff, 0xffff, 0xffff, 0xffff, 0xffff, 0xffff, 0xffff, 0xffff, 0xffff, 0xffff, 0xffff,
    0xffff, 0xffff, 0xffff, 0xffff, 0xffff, 0xffff, 0xffff, 0xffff, 0xffff, 0xffff, 0xffff, 0xffff, 0xffff, 0xffff, 0xffff, 0xffff,
    0xffff, 0xffff, 0xffff, 0xffff, 0xffff, 0xffff, 0xffff, 0xffff, 0xffff, 0xffff, 0xffff, 0xffff, 0xffff, 0xffff, 0xffff, 0xffff,
    0xffff, 0xffff, 0xffff, 0xffff, 0xffff, 0xffff, 0xffff, 0xffff, 0xffff, 0xffff, 0xffff, 0xffff, 0xffff, 0xffff, 0xffff, 0xffff,
    0xffff, 0xffff, 0x220e, 0x63b3, 0xfffe, 0xff57, 0xff57, 0xff57, 0xff58, 0xff16, 0xfe72, 0xfe73, 0xff78, 0xff57, 0xff57, 0xff57,
    0xff56, 0xf5b0, 0xf5f0, 0xee74, 0xb4b3, 0x9c74, 0x5bd4, 0x11af, 0x00cb, 0x00ea, 0x194a, 0x6a8b, 0x8acb, 0x72ab, 0x936c, 0x92ca,
    0x8aab, 0xb32b, 0xe3aa, 0xdbaa, 0xe3aa, 0xdbaa, 0xdc4d, 0xecee, 0xe592, 0xee98, 0xffdd, 0xfffe, 0xf719, 0xee35, 0xee14, 0xedf3,
    0xf52e, 0xfc6b, 0xf4cd, 0xf571, 0xf570, 0xf56f, 0xc512, 0xb576, 0xad56, 0xb534, 0xa4f2, 0x21ac, 0x00cc, 0x012e, 0x4b12, 0x73d3,
    0xbc90, 0xed2f, 0xfe94, 0xff16, 0xff78, 0xff57, 0xff58, 0xff58, 0xff78, 0xff78, 0xff58, 0xff58, 0xff78, 0xff37, 0xfffb, 0x8cd5,
    0x19ce, 0xffff, 0xffff, 0xffff, 0xffff, 0xffff, 0xffff, 0xffff, 0xffff, 0xffff, 0xffff, 0xffff, 0xffff, 0xffff, 0xffff, 0xffff,
    0xffff, 0xffff, 0xffff, 0xffff, 0xffff, 0xffff, 0xffff, 0xffff, 0xffff, 0xffff, 0xffff, 0xffff, 0xffff, 0xffff, 0xffff, 0xffff,
    0xffff, 0xffff, 0xffff, 0xffff, 0xffff, 0xffff, 0xffff, 0xffff, 0xffff, 0xffff, 0xffff, 0xffff, 0xffff, 0xffff, 0xffff, 0xffff,
    0xffff, 0xffff, 0xffff, 0xffff, 0xffff, 0xffff, 0xffff, 0xffff, 0xffff, 0xffff, 0xffff, 0xffff, 0xffff, 0xffff, 0xffff, 0xffff,
    0xffff, 0xffff, 0xffff, 0xffff, 0xffff, 0xffff, 0xffff, 0xffff, 0xffff, 0xffff, 0xffff, 0xffff, 0xffff, 0xffff, 0xffff, 0xffff,
    0xffff, 0xffff, 0xffff, 0xffff, 0xffff, 0xffff, 0xffff, 0xffff, 0xffff, 0xffff, 0xffff, 0xffff, 0xffff, 0xffff, 0xffff, 0xffff,
    0xffff, 0xffff, 0xffff, 0xffff, 0xffff, 0xffff, 0xffff, 0xffff, 0xffff, 0xffff, 0xffff, 0xffff, 0xffff, 0xffff, 0xffff, 0xffff,
    0xffff, 0xffff, 0xffff, 0xffff, 0xffff, 0xffff, 0xffff, 0xffff, 0xffff, 0xffff, 0xffff, 0xffff, 0xffff, 0xffff, 0xffff, 0xffff,
    0xffff, 0xffff, 0xffff, 0xffff, 0xffff, 0xffff, 0xffff, 0xffff, 0xffff, 0xffff, 0xffff, 0xffff, 0xffff, 0xffff, 0xffff, 0xffff,
    0xffff, 0xffff, 0xffff, 0xffff, 0xffff, 0xffff, 0xffff, 0xffff, 0xffff, 0xffff, 0xffff, 0xffff, 0xffff, 0xffff, 0xffff, 0xffff,
    0xffff, 0xffff, 0xffff, 0xffff, 0xffff, 0xffff, 0xffff, 0xffff, 0xffff, 0xffff, 0xffff, 0xffff, 0xffff, 0xffff, 0xffff, 0xffff,
    0xffff, 0xffff, 0xffff, 0xffff, 0xffff, 0xffff, 0xffff, 0xffff, 0xffff, 0xffff, 0xffff, 0xffff, 0xffff, 0xffff, 0xffff, 0xffff,
    0xffff, 0xffff, 0xffff, 0xffff, 0xffff, 0xffff, 0xffff, 0xffff, 0xffff, 0xffff, 0xffff, 0xffff, 0xffff, 0xffff, 0xffff, 0xffff,
    0xffff, 0xffff, 0xffff, 0xffff, 0xffff, 0xffff, 0xffff, 0xffff, 0xffff, 0xffff, 0xffff, 0xffff, 0xffff, 0xffff, 0xffff, 0xffff,
    0xffff, 0xffff, 0xffff, 0xffff, 0xffff, 0xffff, 0xffff, 0xffff, 0xffff, 0xffff, 0xffff, 0xffff, 0xffff, 0xffff, 0xffff, 0xffff,
    0xffff, 0xffff, 0xce9b, 0x42f0, 0x5b51, 0xf79d, 0xff78, 0xff57, 0xff98, 0xfe52, 0xfe32, 0xff36, 0xff57, 0xff57, 0xff57, 0xff57,
    0xff57, 0xfe93, 0xfe31, 0xedd1, 0xc4b2, 0xa4b4, 0x3af2, 0x098e, 0x526c, 0xbc0d, 0x4a2c, 0x010c, 0x094c, 0x218c, 0x196c, 0x114c,
    0x094c, 0x31cd, 0x6a8c, 0x626d, 0x626d, 0x5a4c, 0x92ec, 0xb34c, 0xd38b, 0xe3ea, 0xed2f, 0xf570, 0xec6c, 0xec0a, 0xe40a, 0xd3eb,
    0x9b0c, 0x9b2d, 0x930d, 0x92ec, 0x82ac, 0x7acd, 0x190b, 0x08ab, 0x2969, 0x212a, 0x112a, 0x4a8d, 0x6b4f, 0x118e, 0x2230, 0x73b2,
    0xac71, 0xcd31, 0xfe31, 0xf632, 0xff57, 0xff58, 0xff58, 0xff58, 0xff57, 0xfed5, 0xff16, 0xff78, 0xff58, 0xff38, 0xfffc, 0x8c92,
    0x19ad, 0xffff, 0xffff, 0xffff, 0xffff, 0xffff, 0xffff, 0xffff, 0xffff, 0xffff, 0xffff, 0xffff, 0xffff, 0xffff, 0xffff, 0xffff,
    0xffff, 0xffff, 0xffff, 0xffff, 0xffff, 0xffff, 0xffff, 0xffff, 0xffff, 0xffff, 0xffff, 0xffff, 0xffff, 0xffff, 0xffff, 0xffff,
    0xffff, 0xffff, 0xffff, 0xffff, 0xffff, 0xffff, 0xffff, 0xffff, 0xffff, 0xffff, 0xffff, 0xffff, 0xffff, 0xffff, 0xffff, 0xffff,
    0xffff, 0xffff, 0xffff, 0xffff, 0xffff, 0xffff, 0xffff, 0xffff, 0xffff, 0xffff, 0xffff, 0xffff, 0xffff, 0xffff, 0xffff, 0xffff,
    0xffff, 0xffff, 0xffff, 0xffff, 0xffff, 0xffff, 0xffff, 0xffff, 0xffff, 0xffff, 0xffff, 0xffff, 0xffff, 0xffff, 0xffff, 0xffff,
    0xffff, 0xffff, 0xffff, 0xffff, 0xffff, 0xffff, 0xffff, 0xffff, 0xffff, 0xffff, 0xffff, 0xffff, 0xffff, 0xffff, 0xffff, 0xffff,
    0xffff, 0xffff, 0xffff, 0xffff, 0xffff, 0xffff, 0xffff, 0xffff, 0xffff, 0xffff, 0xffff, 0xffff, 0xffff, 0xffff, 0xffff, 0xffff,
    0xffff, 0xffff, 0xffff, 0xffff, 0xffff, 0xffff, 0xffff, 0xffff, 0xffff, 0xffff, 0xffff, 0xffff, 0xffff, 0xffff, 0xffff, 0xffff,
    0xffff, 0xffff, 0xffff, 0xffff, 0xffff, 0xffff, 0xffff, 0xffff, 0xffff, 0xffff, 0xffff, 0xffff, 0xffff, 0xffff, 0xffff, 0xffff,
    0xffff, 0xffff, 0xffff, 0xffff, 0xffff, 0xffff, 0xffff, 0xffff, 0xffff, 0xffff, 0xffff, 0xffff, 0xffff, 0xffff, 0xffff, 0xffff,
    0xffff, 0xffff, 0xffff, 0xffff, 0xffff, 0xffff, 0xffff, 0xffff, 0xffff, 0xffff, 0xffff, 0xffff, 0xffff, 0xffff, 0xffff, 0xffff,
    0xffff, 0xffff, 0xffff, 0xffff, 0xffff, 0xffff, 0xffff, 0xffff, 0xffff, 0xffff, 0xffff, 0xffff, 0xffff, 0xffff, 0xffff, 0xffff,
    0xffff, 0xffff, 0xffff, 0xffff, 0xffff, 0xffff, 0xffff, 0xffff, 0xffff, 0xffff, 0xffff, 0xffff, 0xffff, 0xffff, 0xffff, 0xffff,
    0xffff, 0xffff, 0xffff, 0xffff, 0xffff, 0xffff, 0xffff, 0xffff, 0xffff, 0xffff, 0xffff, 0xffff, 0xffff, 0xffff, 0xffff, 0xffff,
    0xffff, 0xffff, 0xffff, 0xffff, 0xffff, 0xffff, 0xffff, 0xffff, 0xffff, 0xffff, 0xffff, 0xffff, 0xffff, 0xffff, 0xffff, 0xffff,
    0xffff, 0xffdf, 0xffff, 0x5393, 0x11ad, 0xffff, 0xffba, 0xff57, 0xff98, 0xfed4, 0xfe52, 0xfeb4, 0xff37, 0xff57, 0xff57, 0xff57,
    0xff56, 0xfed4, 0xfdf1, 0xfdb0, 0xe50f, 0x9c94, 0x6392, 0xbc4f, 0xf50e, 0xfe10, 0xfe73, 0x8bce, 0x420d, 0xabb0, 0xd42d, 0xdcef,
    0xc42d, 0x49ea, 0x092b, 0x116c, 0x196c, 0x118d, 0x016e, 0x098e, 0x62ad, 0xa34c, 0xc3ac, 0xcbec, 0xab8d, 0x932d, 0x5a4c, 0x31ed,
    0x094c, 0x094c, 0x092c, 0x110b, 0x194c, 0x29ac, 0x7bd1, 0xa491, 0xf590, 0xcbcd, 0xa3ce, 0xfed4, 0xfeb3, 0x7b8e, 0x11f0, 0x5332,
    0xe4cf, 0xfdb0, 0xfe94, 0xfe93, 0xff57, 0xff58, 0xff58, 0xff58, 0xff57, 0xfe93, 0xff36, 0xff78, 0xff57, 0xffbb, 0xc5f8, 0x73f1,
    0x8495, 0xffff, 0xffff, 0xffff, 0xffff, 0xffff, 0xffff, 0xffff, 0xffff, 0xffff, 0xffff, 0xffff, 0xffff, 0xffff, 0xffff, 0xffff,
    0xffff, 0xffff, 0xffff, 0xffff, 0xffff, 0xffff, 0xffff, 0xffff, 0xffff, 0xffff, 0xffff, 0xffff, 0xffff, 0xffff, 0xffff, 0xffff,
    0xffff, 0xffff, 0xffff, 0xffff, 0xffff, 0xffff, 0xffff, 0xffff, 0xffff, 0xffff, 0xffff, 0xffff, 0xffff, 0xffff, 0xffff, 0xffff,
    0xffff, 0xffff, 0xffff, 0xffff, 0xffff, 0xffff, 0xffff, 0xffff, 0xffff, 0xffff, 0xffff, 0xffff, 0xffff, 0xffff, 0xffff, 0xffff,
    0xffff, 0xffff, 0xffff, 0xffff, 0xffff, 0xffff, 0xffff, 0xffff, 0xffff, 0xffff, 0xffff, 0xffff, 0xffff, 0xffff, 0xffff, 0xffff,
    0xffff, 0xffff, 0xffff, 0xffff, 0xffff, 0xffff, 0xffff, 0xffff, 0xffff, 0xffff, 0xffff, 0xffff, 0xffff, 0xffff, 0xffff, 0xffff,
    0xffff, 0xffff, 0xffff, 0xffff, 0xffff, 0xffff, 0xffff, 0xffff, 0xffff, 0xffff, 0xffff, 0xffff, 0xffff, 0xffff, 0xffff, 0xffff,
    0xffff, 0xffff, 0xffff, 0xffff, 0xffff, 0xffff, 0xffff, 0xffff, 0xffff, 0xffff, 0xffff, 0xffff, 0xffff, 0xffff, 0xffff, 0xffff,
    0xffff, 0xffff, 0xffff, 0xffff, 0xffff, 0xffff, 0xffff, 0xffff, 0xffff, 0xffff, 0xffff, 0xffff, 0xffff, 0xffff, 0xffff, 0xffff,
    0xffff, 0xffff, 0xffff, 0xffff, 0xffff, 0xffff, 0xffff, 0xffff, 0xffff, 0xffff, 0xffff, 0xffff, 0xffff, 0xffff, 0xffff, 0xffff,
    0xffff, 0xffff, 0xffff, 0xffff, 0xffff, 0xffff, 0xffff, 0xffff, 0xffff, 0xffff, 0xffff, 0xffff, 0xffff, 0xffff, 0xffff, 0xffff,
    0xffff, 0xffff, 0xffff, 0xffff, 0xffff, 0xffff, 0xffff, 0xffff, 0xffff, 0xffff, 0xffff, 0xffff, 0xffff, 0xffff, 0xffff, 0xffff,
    0xffff, 0xffff, 0xffff, 0xffff, 0xffff, 0xffff, 0xffff, 0xffff, 0xffff, 0xffff, 0xffff, 0xffff, 0xffff, 0xffff, 0xffff, 0xffff,
    0xffff, 0xffff, 0xffff, 0xffff, 0xffff, 0xffff, 0xffff, 0xffff, 0xffff, 0xffff, 0xffff, 0xffff, 0xffff, 0xffff, 0xffff, 0xffff,
    0xffff, 0xffff, 0xffff, 0xffff, 0xffff, 0xffff, 0xffff, 0xffff, 0xffff, 0xffff, 0xffff, 0xffff, 0xffff, 0xffff, 0xffff, 0xffff,
    0xffff, 0xffff, 0xffff, 0x4b32, 0x2a4f, 0xef1a, 0xf758, 0xff77, 0xff78, 0xfed4, 0xfe31, 0xfe93, 0xfeb3, 0xfef5, 0xff77, 0xff78,
    0xfeb4, 0xfdcf, 0xe571, 0xd511, 0xe550, 0x8c54, 0xbd12, 0xfdcf, 0xfd6e, 0xfe52, 0xfe93, 0xfeb3, 0xcd31, 0xc3cd, 0xfc6c, 0xf54e,
    0xff16, 0xeeb6, 0xe654, 0xd46e, 0xdc2d, 0xcc2e, 0x420c, 0x31cd, 0x298b, 0x218c, 0x29ee, 0x320e, 0x094c, 0x196c, 0x092c, 0x218b,
    0xc3ed, 0xd3ec, 0xd4cf, 0xd5b2, 0xe6d9, 0xe6d9, 0xffdc, 0xffb8, 0xfdb0, 0xe46d, 0xfe95, 0xff77, 0xfe93, 0xfe32, 0x5b30, 0x5b52,
    0xccd1, 0xf58f, 0xfe93, 0xfed4, 0xff16, 0xff37, 0xff57, 0xff78, 0xff78, 0xfeb4, 0xff57, 0xff78, 0xff57, 0xffb8, 0x422d, 0x4b12,
    0xffff, 0xffff, 0xffff, 0xffff, 0xffff, 0xffff, 0xffff, 0xffff, 0xffff, 0xffff, 0xffff, 0xffff, 0xffff, 0xffff, 0xffff, 0xffff,
    0xffff, 0xffff, 0xffff, 0xffff, 0xffff, 0xffff, 0xffff, 0xffff, 0xffff, 0xffff, 0xffff, 0xffff, 0xffff, 0xffff, 0xffff, 0xffff,
    0xffff, 0xffff, 0xffff, 0xffff, 0xffff, 0xffff, 0xffff, 0xffff, 0xffff, 0xffff, 0xffff, 0xffff, 0xffff, 0xffff, 0xffff, 0xffff,
    0xffff, 0xffff, 0xffff, 0xffff, 0xffff, 0xffff, 0xffff, 0xffff, 0xffff, 0xffff, 0xffff, 0xffff, 0xffff, 0xffff, 0xffff, 0xffff,
    0xffff, 0xffff, 0xffff, 0xffff, 0xffff, 0xffff, 0xffff, 0xffff, 0xffff, 0xffff, 0xffff, 0xffff, 0xffff, 0xffff, 0xffff, 0xffff,
    0xffff, 0xffff, 0xffff, 0xffff, 0xffff, 0xffff, 0xffff, 0xffff, 0xffff, 0xffff, 0xffff, 0xffff, 0xffff, 0xffff, 0xffff, 0xffff,
    0xffff, 0xffff, 0xffff, 0xffff, 0xffff, 0xffff, 0xffff, 0xffff, 0xffff, 0xffff, 0xffff, 0xffff, 0xffff, 0xffff, 0xffff, 0xffff,
    0xffff, 0xffff, 0xffff, 0xffff, 0xffff, 0xffff, 0xffff, 0xffff, 0xffff, 0xffff, 0xffff, 0xffff, 0xffff, 0xffff, 0xffff, 0xffff,
    0xffff, 0xffff, 0xffff, 0xffff, 0xffff, 0xffff, 0xffff, 0xffff, 0xffff, 0xffff, 0xffff, 0xffff, 0xffff, 0xffff, 0xffff, 0xffff,
    0xffff, 0xffff, 0xffff, 0xffff, 0xffff, 0xffff, 0xffff, 0xffff, 0xffff, 0xffff, 0xffff, 0xffff, 0xffff, 0xffff, 0xffff, 0xffff,
    0xffff, 0xffff, 0xffff, 0xffff, 0xffff, 0xffff, 0xffff, 0xffff, 0xffff, 0xffff, 0xffff, 0xffff, 0xffff, 0xffff, 0xffff, 0xffff,
    0xffff, 0xffff, 0xffff, 0xffff, 0xffff, 0xffff, 0xffff, 0xffff, 0xffff, 0xffff, 0xffff, 0xffff, 0xffff, 0xffff, 0xffff, 0xffff,
    0xffff, 0xffff, 0xffff, 0xffff, 0xffff, 0xffff, 0xffff, 0xffff, 0xffff, 0xffff, 0xffff, 0xffff, 0xffff, 0xffff, 0xffff, 0xffff,
    0xffff, 0xffff, 0xffff, 0xffff, 0xffff, 0xffff, 0xffff, 0xffff, 0xffff, 0xffff, 0xffff, 0xffff, 0xffff, 0xffff, 0xffff, 0xffff,
    0xffff, 0xffff, 0xffff, 0xffff, 0xffff, 0xffff, 0xffff, 0xffff, 0xffff, 0xffff, 0xffff, 0xffff, 0xffff, 0xffff, 0xffff, 0xffff,
    0xffff, 0xffff, 0xffff, 0xd6dc, 0x3270, 0x19ac, 0xef3b, 0xff98, 0xff78, 0xff15, 0xfe93, 0xf673, 0xfe52, 0xfe93, 0xff16, 0xff77,
    0xfeb5, 0xf5b1, 0xed50, 0xdd11, 0xacb2, 0xcd32, 0xfdf0, 0xfe31, 0xfe73, 0xfef5, 0xfeb4, 0xf5f1, 0xff56, 0xf673, 0xec6d, 0xf4ad,
    0xf634, 0xff16, 0xff97, 0xff16, 0xfe94, 0xf653, 0xf590, 0xf590, 0xed70, 0xc40c, 0x6a8c, 0x62ac, 0xa38e, 0xdcef, 0xdd10, 0xdd92,
    0xfdef, 0xfe94, 0xff5a, 0xffdc, 0xfffe, 0xfffe, 0xff9b, 0xf612, 0xf570, 0xf6b6, 0xff98, 0xff37, 0xfeb3, 0xfe73, 0xf5f1, 0xbd12,
    0x9433, 0xfdb0, 0xfed5, 0xfe93, 0xfe52, 0xff37, 0xff58, 0xff58, 0xfef6, 0xfe93, 0xff58, 0xff58, 0xffdb, 0x9cf5, 0x6371, 0xd6dc,
    0xffdf, 0xffff, 0xffff, 0xffff, 0xffff, 0xffff, 0xffff, 0xffff, 0xffff, 0xffff, 0xffff, 0xffff, 0xffff, 0xffff, 0xffff, 0xffff,
    0xffff, 0xffff, 0xffff, 0xffff, 0xffff, 0xffff, 0xffff, 0xffff, 0xffff, 0xffff, 0xffff, 0xffff, 0xffff, 0xffff, 0xffff, 0xffff,
    0xffff, 0xffff, 0xffff, 0xffff, 0xffff, 0xffff, 0xffff, 0xffff, 0xffff, 0xffff, 0xffff, 0xffff, 0xffff, 0xffff, 0xffff, 0xffff,
    0xffff, 0xffff, 0xffff, 0xffff, 0xffff, 0xffff, 0xffff, 0xffff, 0xffff, 0xffff, 0xffff, 0xffff, 0xffff, 0xffff, 0xffff, 0xffff,
    0xffff, 0xffff, 0xffff, 0xffff, 0xffff, 0xffff, 0xffff, 0xffff, 0xffff, 0xffff, 0xffff, 0xffff, 0xffff, 0xffff, 0xffff, 0xffff,
    0xffff, 0xffff, 0xffff, 0xffff, 0xffff, 0xffff, 0xffff, 0xffff, 0xffff, 0xffff, 0xffff, 0xffff, 0xffff, 0xffff, 0xffff, 0xffff,
    0xffff, 0xffff, 0xffff, 0xffff, 0xffff, 0xffff, 0xffff, 0xffff, 0xffff, 0xffff, 0xffff, 0xffff, 0xffff, 0xffff, 0xffff, 0xffff,
    0xffff, 0xffff, 0xffff, 0xffff, 0xffff, 0xffff, 0xffff, 0xffff, 0xffff, 0xffff, 0xffff, 0xffff, 0xffff, 0xffff, 0xffff, 0xffff,
    0xffff, 0xffff, 0xffff, 0xffff, 0xffff, 0xffff, 0xffff, 0xffff, 0xffff, 0xffff, 0xffff, 0xffff, 0xffff, 0xffff, 0xffff, 0xffff,
    0xffff, 0xffff, 0xffff, 0xffff, 0xffff, 0xffff, 0xffff, 0xffff, 0xffff, 0xffff, 0xffff, 0xffff, 0xffff, 0xffff, 0xffff, 0xffff,
    0xffff, 0xffff, 0xffff, 0xffff, 0xffff, 0xffff, 0xffff, 0xffff, 0xffff, 0xffff, 0xffff, 0xffff, 0xffff, 0xffff, 0xffff, 0xffff,
    0xffff, 0xffff, 0xffff, 0xffff, 0xffff, 0xffff, 0xffff, 0xffff, 0xffff, 0xffff, 0xffff, 0xffff, 0xffff, 0xffff, 0xffff, 0xffff,
    0xffff, 0xffff, 0xffff, 0xffff, 0xffff, 0xffff, 0xffff, 0xffff, 0xffff, 0xffff, 0xffff, 0xffff, 0xffff, 0xffff, 0xffff, 0xffff,
    0xffff, 0xffff, 0xffff, 0xffff, 0xffff, 0xffff, 0xffff, 0xffff, 0xffff, 0xffff, 0xffff, 0xffff, 0xffff, 0xffff, 0xffff, 0xffff,
    0xffff, 0xffff, 0xffff, 0xffff, 0xffff, 0xffff, 0xffff, 0xffff, 0xffff, 0xffff, 0xffff, 0xffff, 0xffff, 0xffff, 0xffff, 0xffff,
    0xffff, 0xffff, 0xffff, 0xffff, 0x3ad1, 0x012c, 0x4af0, 0xff99, 0xff77, 0xff57, 0xf6d5, 0xedd1, 0xfe92, 0xfe92, 0xfe93, 0xff15,
    0xff56, 0xee33, 0xed0f, 0xbcf2, 0xacb3, 0xf5d0, 0xfdef, 0xfeb4, 0xff57, 0xff57, 0xfef5, 0xfe32, 0xfe11, 0xfef5, 0xf6d6, 0xec8c,
    0xf4ac, 0xf52e, 0xf5b0, 0xfef6, 0xff78, 0xfffb, 0xffb9, 0xff99, 0xff37, 0xfe52, 0xfef5, 0xfef6, 0xfd8f, 0xfe52, 0xfed5, 0xff9a,
    0xff37, 0xfffd, 0xffff, 0xfffe, 0xffbc, 0xfef7, 0xfdd0, 0xf5b0, 0xff17, 0xff99, 0xff57, 0xff57, 0xff36, 0xfeb3, 0xfe92, 0xd5b3,
    0xa472, 0xedb2, 0xfeb5, 0xfe73, 0xfe92, 0xfeb4, 0xff78, 0xff57, 0xfe73, 0xfed4, 0xfeb4, 0xf6f5, 0xffb9, 0x4aaf, 0x5bb4, 0xffff,
    0xffdf, 0xffff, 0xffff, 0xffff, 0xffff, 0xffff, 0xffff, 0xffff, 0xffff, 0xffff, 0xffff, 0xffff, 0xffff, 0xffff, 0xffff, 0xffff,
    0xffff, 0xffff, 0xffff, 0xffff, 0xffff, 0xffff, 0xffff, 0xffff, 0xffff, 0xffff, 0xffff, 0xffff, 0xffff, 0xffff, 0xffff, 0xffff,
    0xffff, 0xffff, 0xffff, 0xffff, 0xffff, 0xffff, 0xffff, 0xffff, 0xffff, 0xffff, 0xffff, 0xffff, 0xffff, 0xffff, 0xffff, 0xffff,
    0xffff, 0xffff, 0xffff, 0xffff, 0xffff, 0xffff, 0xffff, 0xffff, 0xffff, 0xffff, 0xffff, 0xffff, 0xffff, 0xffff, 0xffff, 0xffff,
    0xffff, 0xffff, 0xffff, 0xffff, 0xffff, 0xffff, 0xffff, 0xffff, 0xffff, 0xffff, 0xffff, 0xffff, 0xffff, 0xffff, 0xffff, 0xffff,
    0xffff, 0xffff, 0xffff, 0xffff, 0xffff, 0xffff, 0xffff, 0xffff, 0xffff, 0xffff, 0xffff, 0xffff, 0xffff, 0xffff, 0xffff, 0xffff,
    0xffff, 0xffff, 0xffff, 0xffff, 0xffff, 0xffff, 0xffff, 0xffff, 0xffff, 0xffff, 0xffff, 0xffff, 0xffff, 0xffff, 0xffff, 0xffff,
    0xffff, 0xffff, 0xffff, 0xffff, 0xffff, 0xffff, 0xffff, 0xffff, 0xffff, 0xffff, 0xffff, 0xffff, 0xffff, 0xffff, 0xffff, 0xffff,
    0xffff, 0xffff, 0xffff, 0xffff, 0xffff, 0xffff, 0xffff, 0xffff, 0xffff, 0xffff, 0xffff, 0xffff, 0xffff, 0xffff, 0xffff, 0xffff,
    0xffff, 0xffff, 0xffff, 0xffff, 0xffff, 0xffff, 0xffff, 0xffff, 0xffff, 0xffff, 0xffff, 0xffff, 0xffff, 0xffff, 0xffff, 0xffff,
    0xffff, 0xffff, 0xffff, 0xffff, 0xffff, 0xffff, 0xffff, 0xffff, 0xffff, 0xffff, 0xffff, 0xffff, 0xffff, 0xffff, 0xffff, 0xffff,
    0xffff, 0xffff, 0xffff, 0xffff, 0xffff, 0xffff, 0xffff, 0xffff, 0xffff, 0xffff, 0xffff, 0xffff, 0xffff, 0xffff, 0xffff, 0xffff,
    0xffff, 0xffff, 0xffff, 0xffff, 0xffff, 0xffff, 0xffff, 0xffff, 0xffff, 0xffff, 0xffff, 0xffff, 0xffff, 0xffff, 0xffff, 0xffff,
    0xffff, 0xffff, 0xffff, 0xffff, 0xffff, 0xffff, 0xffff, 0xffff, 0xffff, 0xffff, 0xffff, 0xffff, 0xffff, 0xffff, 0xffff, 0xffff,
    0xffff, 0xffff, 0xffff, 0xffff, 0xffff, 0xffff, 0xffff, 0xffff, 0xffff, 0xffff, 0xffff, 0xffff, 0xffff, 0xffff, 0xffff, 0xffff,
    0xffff, 0xffff, 0xffff, 0xffdf, 0x3290, 0x6bb1, 0x4a6d, 0xa4d2, 0xff76, 0xff37, 0xff16, 0xf611, 0xfed3, 0xfe31, 0xfeb3, 0xfe93,
    0xfe92, 0xddb2, 0xdd31, 0xc4f2, 0xdd51, 0xfe10, 0xfeb4, 0xff16, 0xff37, 0xff36, 0xff57, 0xff15, 0xfe51, 0xfdf0, 0xfe93, 0xff16,
    0xf591, 0xf46b, 0xf4ed, 0xf54e, 0xf5f1, 0xff17, 0xff57, 0xffb9, 0xffba, 0xffdb, 0xfffc, 0xffbd, 0xee12, 0xff9b, 0xfffe, 0xffdc,
    0xff79, 0xff38, 0xff77, 0xff76, 0xf612, 0xf4cd, 0xf5d2, 0xff37, 0xff98, 0xff57, 0xff58, 0xff78, 0xff57, 0xfed4, 0xfed4, 0xfe53,
    0xd511, 0xa493, 0xf5b0, 0xfe10, 0xfef5, 0xff37, 0xff58, 0xfef5, 0xf673, 0xff16, 0xfef6, 0xff36, 0x62cb, 0x6bd2, 0xd6fc, 0xffdf,
    0xffff, 0xffff, 0xffff, 0xffff, 0xffff, 0xffff, 0xffff, 0xffff, 0xffff, 0xffff, 0xffff, 0xffff, 0xffff, 0xffff, 0xffff, 0xffff,
    0xffff, 0xffff, 0xffff, 0xffff, 0xffff, 0xffff, 0xffff, 0xffff, 0xffff, 0xffff, 0xffff, 0xffff, 0xffff, 0xffff, 0xffff, 0xffff,
    0xffff, 0xffff, 0xffff, 0xffff, 0xffff, 0xffff, 0xffff, 0xffff, 0xffff, 0xffff, 0xffff, 0xffff, 0xffff, 0xffff, 0xffff, 0xffff,
    0xffff, 0xffff, 0xffff, 0xffff, 0xffff, 0xffff, 0xffff, 0xffff, 0xffff, 0xffff, 0xffff, 0xffff, 0xffff, 0xffff, 0xffff, 0xffff,
    0xffff, 0xffff, 0xffff, 0xffff, 0xffff, 0xffff, 0xffff, 0xffff, 0xffff, 0xffff, 0xffff, 0xffff, 0xffff, 0xffff, 0xffff, 0xffff,
    0xffff, 0xffff, 0xffff, 0xffff, 0xffff, 0xffff, 0xffff, 0xffff, 0xffff, 0xffff, 0xffff, 0xffff, 0xffff, 0xffff, 0xffff, 0xffff,
    0xffff, 0xffff, 0xffff, 0xffff, 0xffff, 0xffff, 0xffff, 0xffff, 0xffff, 0xffff, 0xffff, 0xffff, 0xffff, 0xffff, 0xffff, 0xffff,
    0xffff, 0xffff, 0xffff, 0xffff, 0xffff, 0xffff, 0xffff, 0xffff, 0xffff, 0xffff, 0xffff, 0xffff, 0xffff, 0xffff, 0xffff, 0xffff,
    0xffff, 0xffff, 0xffff, 0xffff, 0xffff, 0xffff, 0xffff, 0xffff, 0xffff, 0xffff, 0xffff, 0xffff, 0xffff, 0xffff, 0xffff, 0xffff,
    0xffff, 0xffff, 0xffff, 0xffff, 0xffff, 0xffff, 0xffff, 0xffff, 0xffff, 0xffff, 0xffff, 0xffff, 0xffff, 0xffff, 0xffff, 0xffff,
    0xffff, 0xffff, 0xffff, 0xffff, 0xffff, 0xffff, 0xffff, 0xffff, 0xffff, 0xffff, 0xffff, 0xffff, 0xffff, 0xffff, 0xffff, 0xffff,
    0xffff, 0xffff, 0xffff, 0xffff, 0xffff, 0xffff, 0xffff, 0xffff, 0xffff, 0xffff, 0xffff, 0xffff, 0xffff, 0xffff, 0xffff, 0xffff,
    0xffff, 0xffff, 0xffff, 0xffff, 0xffff, 0xffff, 0xffff, 0xffff, 0xffff, 0xffff, 0xffff, 0xffff, 0xffff, 0xffff, 0xffff, 0xffff,
    0xffff, 0xffff, 0xffff, 0xffff, 0xffff, 0xffff, 0xffff, 0xffff, 0xffff, 0xffff, 0xffff, 0xffff, 0xffff, 0xffff, 0xffff, 0xffff,
    0xffff, 0xffff, 0xffff, 0xffff, 0xffff, 0xffff, 0xffff, 0xffff, 0xffff, 0xffff, 0xffff, 0xffff, 0xffff, 0xffff, 0xffff, 0xffff,
    0xffff, 0xffff, 0xffff, 0xffff, 0x2a2f, 0xb5d8, 0xde14, 0x090a, 0xacd1, 0xff35, 0xf6f6, 0xf632, 0xfe73, 0xfdd0, 0xf674, 0xfef4,
    0xfe31, 0xbd13, 0xacd4, 0xccf1, 0xed90, 0xfe10, 0xfef5, 0xff56, 0xff37, 0xff36, 0xff37, 0xff36, 0xfef4, 0xfdef, 0xfd8e, 0xfe11,
    0xf653, 0xf5f2, 0xec6b, 0xec4b, 0xf48c, 0xf4ad, 0xf56f, 0xf631, 0xf632, 0xff58, 0xff77, 0xff58, 0xf5b0, 0xff37, 0xff37, 0xfef5,
    0xfe31, 0xfdf0, 0xfdcf, 0xf50d, 0xf4ad, 0xf634, 0xff37, 0xfef5, 0xff58, 0xff78, 0xff58, 0xff58, 0xff58, 0xff57, 0xff35, 0xf672,
    0xed2e, 0xed90, 0xcd33, 0xe592, 0xfe71, 0xff38, 0xff36, 0xfe93, 0xf5d0, 0xff16, 0xf6f6, 0xb4d0, 0x4aaf, 0xbe5b, 0xffff, 0xffff,
    0xffff, 0xffff, 0xffff, 0xffff, 0xffff, 0xffff, 0xffff, 0xffff, 0xffff, 0xffff, 0xffff, 0xffff, 0xffff, 0xffff, 0xffff, 0xffff,
    0xffff, 0xffff, 0xffff, 0xffff, 0xffff, 0xffff, 0xffff, 0xffff, 0xffff, 0xffff, 0xffff, 0xffff, 0xffff, 0xffff, 0xffff, 0xffff,
    0xffff, 0xffff, 0xffff, 0xffff, 0xffff, 0xffff, 0xffff, 0xffff, 0xffff, 0xffff, 0xffff, 0xffff, 0xffff, 0xffff, 0xffff, 0xffff,
    0xffff, 0xffff, 0xffff, 0xffff, 0xffff, 0xffff, 0xffff, 0xffff, 0xffff, 0xffff, 0xffff, 0xffff, 0xffff, 0xffff, 0xffff, 0xffff,
    0xffff, 0xffff, 0xffff, 0xffff, 0xffff, 0xffff, 0xffff, 0xffff, 0xffff, 0xffff, 0xffff, 0xffff, 0xffff, 0xffff, 0xffff, 0xffff,
    0xffff, 0xffff, 0xffff, 0xffff, 0xffff, 0xffff, 0xffff, 0xffff, 0xffff, 0xffff, 0xffff, 0xffff, 0xffff, 0xffff, 0xffff, 0xffff,
    0xffff, 0xffff, 0xffff, 0xffff, 0xffff, 0xffff, 0xffff, 0xffff, 0xffff, 0xffff, 0xffff, 0xffff, 0xffff, 0xffff, 0xffff, 0xffff,
    0xffff, 0xffff, 0xffff, 0xffff, 0xffff, 0xffff, 0xffff, 0xffff, 0xffff, 0xffff, 0xffff, 0xffff, 0xffff, 0xffff, 0xffff, 0xffff,
    0xffff, 0xffff, 0xffff, 0xffff, 0xffff, 0xffff, 0xffff, 0xffff, 0xffff, 0xffff, 0xffff, 0xffff, 0xffff, 0xffff, 0xffff, 0xffff,
    0xffff, 0xffff, 0xffff, 0xffff, 0xffff, 0xffff, 0xffff, 0xffff, 0xffff, 0xffff, 0xffff, 0xffff, 0xffff, 0xffff, 0xffff, 0xffff,
    0xffff, 0xffff, 0xffff, 0xffff, 0xffff, 0xffff, 0xffff, 0xffff, 0xffff, 0xffff, 0xffff, 0xffff, 0xffff, 0xffff, 0xffff, 0xffff,
    0xffff, 0xffff, 0xffff, 0xffff, 0xffff, 0xffff, 0xffff, 0xffff, 0xffff, 0xffff, 0xffff, 0xffff, 0xffff, 0xffff, 0xffff, 0xffff,
    0xffff, 0xffff, 0xffff, 0xffff, 0xffff, 0xffff, 0xffff, 0xffff, 0xffff, 0xffff, 0xffff, 0xffff, 0xffff, 0xffff, 0xffff, 0xffff,
    0xffff, 0xffff, 0xffff, 0xffff, 0xffff, 0xffff, 0xffff, 0xffff, 0xffff, 0xffff, 0xffff, 0xffff, 0xffff, 0xffff, 0xffff, 0xffff,
    0xffff, 0xffff, 0xffff, 0xffff, 0xffff, 0xffff, 0xffff, 0xffff, 0xffff, 0xffff, 0xffff, 0xffff, 0xffff, 0xffff, 0xffff, 0xffff,
    0xffff, 0xffdf, 0xe73d, 0xb5fa, 0x19ed, 0xadfa, 0xfffa, 0x838d, 0x21ac, 0xc5b3, 0xff15, 0xf6d6, 0xedb2, 0xf633, 0xedf3, 0xfe72,
    0xf5b1, 0xd512, 0xc532, 0xed50, 0xfdb0, 0xfe51, 0xfe71, 0xfef4, 0xff57, 0xff36, 0xff57, 0xff36, 0xfe72, 0xfeb3, 0xfe10, 0xfd2d,
    0xfdd0, 0xf653, 0xf5d1, 0xf5d2, 0xf571, 0xec2b, 0xec0c, 0xec0b, 0xf42b, 0xf4ee, 0xf4ee, 0xf50d, 0xf48c, 0xfccd, 0xfccd, 0xfccd,
    0xfcad, 0xfcce, 0xf4ad, 0xed91, 0xfeb5, 0xfe73, 0xfe72, 0xfe93, 0xff78, 0xff78, 0xff58, 0xff78, 0xff78, 0xff58, 0xfed4, 0xf673,
    0xfdf1, 0xed70, 0xb4d3, 0xdd72, 0xe5b3, 0xf653, 0xfef4, 0xfe93, 0xfeb4, 0xff15, 0xf652, 0x08eb, 0xbe7c, 0xffff, 0xffdf, 0xffff,
    0xffff, 0xffff, 0xffff, 0xffff, 0xffff, 0xffff, 0xffff, 0xffff, 0xffff, 0xffff, 0xffff, 0xffff, 0xffff, 0xffff, 0xffff, 0xffff,
    0xffff, 0xffff, 0xffff, 0xffff, 0xffff, 0xffff, 0xffff, 0xffff, 0xffff, 0xffff, 0xffff, 0xffff, 0xffff, 0xffff, 0xffff, 0xffff,
    0xffff, 0xffff, 0xffff, 0xffff, 0xffff, 0xffff, 0xffff, 0xffff, 0xffff, 0xffff, 0xffff, 0xffff, 0xffff, 0xffff, 0xffff, 0xffff,
    0xffff, 0xffff, 0xffff, 0xffff, 0xffff, 0xffff, 0xffff, 0xffff, 0xffff, 0xffff, 0xffff, 0xffff, 0xffff, 0xffff, 0xffff, 0xffff,
    0xffff, 0xffff, 0xffff, 0xffff, 0xffff, 0xffff, 0xffff, 0xffff, 0xffff, 0xffff, 0xffff, 0xffff, 0xffff, 0xffff, 0xffff, 0xffff,
    0xffff, 0xffff, 0xffff, 0xffff, 0xffff, 0xffff, 0xffff, 0xffff, 0xffff, 0xffff, 0xffff, 0xffff, 0xffff, 0xffff, 0xffff, 0xffff,
    0xffff, 0xffff, 0xffff, 0xffff, 0xffff, 0xffff, 0xffff, 0xffff, 0xffff, 0xffff, 0xffff, 0xffff, 0xffff, 0xffff, 0xffff, 0xffff,
    0xffff, 0xffff, 0xffff, 0xffff, 0xffff, 0xffff, 0xffff, 0xffff, 0xffff, 0xffff, 0xffff, 0xffff, 0xffff, 0xffff, 0xffff, 0xffff,
    0xffff, 0xffff, 0xffff, 0xffff, 0xffff, 0xffff, 0xffff, 0xffff, 0xffff, 0xffff, 0xffff, 0xffff, 0xffff, 0xffff, 0xffff, 0xffff,
    0xffff, 0xffff, 0xffff, 0xffff, 0xffff, 0xffff, 0xffff, 0xffff, 0xffff, 0xffff, 0xffff, 0xffff, 0xffff, 0xffff, 0xffff, 0xffff,
    0xffff, 0xffff, 0xffff, 0xffff, 0xffff, 0xffff, 0xffff, 0xffff, 0xffff, 0xffff, 0xffff, 0xffff, 0xffff, 0xffff, 0xffff, 0xffff,
    0xffff, 0xffff, 0xffff, 0xffff, 0xffff, 0xffff, 0xffff, 0xffff, 0xffff, 0xffff, 0xffff, 0xffff, 0xffff, 0xffff, 0xffff, 0xffff,
    0xffff, 0xffff, 0xffff, 0xffff, 0xffff, 0xffff, 0xffff, 0xffff, 0xffff, 0xffff, 0xffff, 0xffff, 0xffff, 0xffff, 0xffff, 0xffff,
    0xffff, 0xffff, 0xffff, 0xffff, 0xffff, 0xffff, 0xffff, 0xffff, 0xffff, 0xffff, 0xffff, 0xffff, 0xffff, 0xffff, 0xffff, 0xffff,
    0xffff, 0xffff, 0xffff, 0xffff, 0xffff, 0xffff, 0xffff, 0xffff, 0xffff, 0xffff, 0xffff, 0xffff, 0xffff, 0xffff, 0xffff, 0xffdf,
    0xffff, 0xffff, 0xadb9, 0x0008, 0x9d57, 0xffdf, 0xf77a, 0xfed3, 0x7b0c, 0x734e, 0xf674, 0xf652, 0xf612, 0xdd73, 0xedf3, 0xee13,
    0xf5b1, 0xcd32, 0xcd32, 0xfdaf, 0xfd90, 0xfe93, 0xfeb2, 0xfef5, 0xff57, 0xff57, 0xff57, 0xff57, 0xff15, 0xfe93, 0xfe31, 0xfd6e,
    0xf52e, 0xeced, 0xfe52, 0xf695, 0xe634, 0xcc8d, 0xd44d, 0xdcad, 0xdc8d, 0xdc6d, 0xdc4c, 0xdc4d, 0xdc4c, 0xdc4d, 0xdc6c, 0xdc8d,
    0xdcaf, 0xcc8e, 0xdd71, 0xe614, 0xedf1, 0xfd6e, 0xfe52, 0xfef6, 0xff78, 0xff78, 0xff78, 0xff78, 0xff78, 0xff57, 0xfe93, 0xf632,
    0xfe11, 0xd551, 0xc513, 0xed92, 0xd553, 0xfe12, 0xfeb3, 0xf612, 0xff16, 0xe5f1, 0x422d, 0x7455, 0xef9e, 0xffff, 0xffff, 0xffff,
    0xffff, 0xffff, 0xffff, 0xffff, 0xffff, 0xffff, 0xffff, 0xffff, 0xffff, 0xffff, 0xffff, 0xffff, 0xffff, 0xffff, 0xffff, 0xffff,
    0xffff, 0xffff, 0xffff, 0xffff, 0xffff, 0xffff, 0xffff, 0xffff, 0xffff, 0xffff, 0xffff, 0xffff, 0xffff, 0xffff, 0xffff, 0xffff,
    0xffff, 0xffff, 0xffff, 0xffff, 0xffff, 0xffff, 0xffff, 0xffff, 0xffff, 0xffff, 0xffff, 0xffff, 0xffff, 0xffff, 0xffff, 0xffff,
    0xffff, 0xffff, 0xffff, 0xffff, 0xffff, 0xffff, 0xffff, 0xffff, 0xffff, 0xffff, 0xffff, 0xffff, 0xffff, 0xffff, 0xffff, 0xffff,
    0xffff, 0xffff, 0xffff, 0xffff, 0xffff, 0xffff, 0xffff, 0xffff, 0xffff, 0xffff, 0xffff, 0xffff, 0xffff, 0xffff, 0xffff, 0xffff,
    0xffff, 0xffff, 0xffff, 0xffff, 0xffff, 0xffff, 0xffff, 0xffff, 0xffff, 0xffff, 0xffff, 0xffff, 0xffff, 0xffff, 0xffff, 0xffff,
    0xffff, 0xffff, 0xffff, 0xffff, 0xffff, 0xffff, 0xffff, 0xffff, 0xffff, 0xffff, 0xffff, 0xffff, 0xffff, 0xffff, 0xffff, 0xffff,
    0xffff, 0xffff, 0xffff, 0xffff, 0xffff, 0xffff, 0xffff, 0xffff, 0xffff, 0xffff, 0xffff, 0xffff, 0xffff, 0xffff, 0xffff, 0xffff,
    0xffff, 0xffff, 0xffff, 0xffff, 0xffff, 0xffff, 0xffff, 0xffff, 0xffff, 0xffff, 0xffff, 0xffff, 0xffff, 0xffff, 0xffff, 0xffff,
    0xffff, 0xffff, 0xffff, 0xffff, 0xffff, 0xffff, 0xffff, 0xffff, 0xffff, 0xffff, 0xffff, 0xffff, 0xffff, 0xffff, 0xffff, 0xffff,
    0xffff, 0xffff, 0xffff, 0xffff, 0xffff, 0xffff, 0xffff, 0xffff, 0xffff, 0xffff, 0xffff, 0xffff, 0xffff, 0xffff, 0xffff, 0xffff,
    0xffff, 0xffff, 0xffff, 0xffff, 0xffff, 0xffff, 0xffff, 0xffff, 0xffff, 0xffff, 0xffff, 0xffff, 0xffff, 0xffff, 0xffff, 0xffff,
    0xffff, 0xffff, 0xffff, 0xffff, 0xffff, 0xffff, 0xffff, 0xffff, 0xffff, 0xffff, 0xffff, 0xffff, 0xffff, 0xffff, 0xffff, 0xffff,
    0xffff, 0xffff, 0xffff, 0xffff, 0xffff, 0xffff, 0xffff, 0xffff, 0xffff, 0xffff, 0xffff, 0xffff, 0xffff, 0xffff, 0xffff, 0xffff,
    0xffff, 0xffff, 0xffff, 0xffff, 0xffff, 0xffff, 0xffff, 0xffff, 0xffff, 0xffff, 0xffff, 0xffff, 0xffff, 0xffff, 0xffff, 0xffff,
    0xcebb, 0x5b73, 0x4b52, 0x6aed, 0xe699, 0xffff, 0xffbb, 0xfed4, 0xfe30, 0x8b8e, 0x422c, 0xfeb4, 0xe5d3, 0xedd2, 0xfdf1, 0xbd35,
    0xcd53, 0xd512, 0x9cb4, 0xdd32, 0xfe31, 0xfe91, 0xff15, 0xff36, 0xff36, 0xff36, 0xff57, 0xff57, 0xff37, 0xfeb3, 0xfeb3, 0xe5f2,
    0xe52f, 0xfd6e, 0xe4cd, 0xc42e, 0x936d, 0x52ce, 0x21ed, 0x118d, 0x118c, 0x118c, 0x118d, 0x118c, 0x116c, 0x096c, 0x096c, 0x094b,
    0x2a4e, 0x42d0, 0xabef, 0xe4ce, 0xed8f, 0xfe51, 0xfe93, 0xff57, 0xff78, 0xff99, 0xff99, 0xff78, 0xff78, 0xfef5, 0xfed4, 0xfe94,
    0xfdb0, 0xe571, 0xdd72, 0xd572, 0xf612, 0xf5d0, 0xfeb4, 0xff16, 0xe5d2, 0x6b4f, 0x2a50, 0xef7e, 0xffff, 0xffff, 0xffff, 0xffff,
    0xffff, 0xffff, 0xffff, 0xffff, 0xffff, 0xffff, 0xffff, 0xffff, 0xffff, 0xffff, 0xffff, 0xffff, 0xffff, 0xffff, 0xffff, 0xffff,
    0xffff, 0xffff, 0xffff, 0xffff, 0xffff, 0xffff, 0xffff, 0xffff, 0xffff, 0xffff, 0xffff, 0xffff, 0xffff, 0xffff, 0xffff, 0xffff,
    0xffff, 0xffff, 0xffff, 0xffff, 0xffff, 0xffff, 0xffff, 0xffff, 0xffff, 0xffff, 0xffff, 0xffff, 0xffff, 0xffff, 0xffff, 0xffff,
    0xffff, 0xffff, 0xffff, 0xffff, 0xffff, 0xffff, 0xffff, 0xffff, 0xffff, 0xffff, 0xffff, 0xffff, 0xffff, 0xffff, 0xffff, 0xffff,
    0xffff, 0xffff, 0xffff, 0xffff, 0xffff, 0xffff, 0xffff, 0xffff, 0xffff, 0xffff, 0xffff, 0xffff, 0xffff, 0xffff, 0xffff, 0xffff,
    0xffff, 0xffff, 0xffff, 0xffff, 0xffff, 0xffff, 0xffff, 0xffff, 0xffff, 0xffff, 0xffff, 0xffff, 0xffff, 0xffff, 0xffff, 0xffff,
    0xffff, 0xffff, 0xffff, 0xffff, 0xffff, 0xffff, 0xffff, 0xffff, 0xffff, 0xffff, 0xffff, 0xffff, 0xffff, 0xffff, 0xffff, 0xffff,
    0xffff, 0xffff, 0xffff, 0xffff, 0xffff, 0xffff, 0xffff, 0xffff, 0xffff, 0xffff, 0xffff, 0xffff, 0xffff, 0xffff, 0xffff, 0xffff,
    0xffff, 0xffff, 0xffff, 0xffff, 0xffff, 0xffff, 0xffff, 0xffff, 0xffff, 0xffff, 0xffff, 0xffff, 0xffff, 0xffff, 0xffff, 0xffff,
    0xffff, 0xffff, 0xffff, 0xffff, 0xffff, 0xffff, 0xffff, 0xffff, 0xffff, 0xffff, 0xffff, 0xffff, 0xffff, 0xffff, 0xffff, 0xffff,
    0xffff, 0xffff, 0xffff, 0xffff, 0xffff, 0xffff, 0xffff, 0xffff, 0xffff, 0xffff, 0xffff, 0xffff, 0xffff, 0xffff, 0xffff, 0xffff,
    0xffff, 0xffff, 0xffff, 0xffff, 0xffff, 0xffff, 0xffff, 0xffff, 0xffff, 0xffff, 0xffff, 0xffff, 0xffff, 0xffff, 0xffff, 0xffff,
    0xffff, 0xffff, 0xffff, 0xffff, 0xffff, 0xffff, 0xffff, 0xffff, 0xffff, 0xffff, 0xffff, 0xffff, 0xffff, 0xffff, 0xffff, 0xffff,
    0xffff, 0xffff, 0xffff, 0xffff, 0xffff, 0xffff, 0xffff, 0xffff, 0xffff, 0xffff, 0xffff, 0xffff, 0xffff, 0xffff, 0xffff, 0xffff,
    0xffff, 0xffff, 0xffff, 0xffff, 0xffff, 0xffff, 0xffff, 0xffff, 0xffff, 0xffff, 0xffff, 0xffff, 0xffff, 0xffff, 0xbe5a, 0x9d37,
    0x6c14, 0x196c, 0xa578, 0xe592, 0xe657, 0xffff, 0xff9b, 0xff36, 0xfe71, 0xe52e, 0x528c, 0x530e, 0xddd4, 0xb555, 0xe5b2, 0xed91,
    0xc512, 0xc4f2, 0xacb4, 0xdd31, 0xfe71, 0xfe71, 0xfef5, 0xfef4, 0xfe93, 0xfe93, 0xff36, 0xff57, 0xff37, 0xff57, 0xfeb3, 0xf611,
    0xf58f, 0xfd4d, 0xdcef, 0xd4d0, 0xbcb2, 0x9433, 0x5b72, 0x11f0, 0x016f, 0x018f, 0x01af, 0x01af, 0x01af, 0x1230, 0x2291, 0x52cf,
    0x9bd0, 0xdcaf, 0xf50e, 0xfd2e, 0xfe31, 0xfed3, 0xff16, 0xff58, 0xff78, 0xff99, 0xff99, 0xfef5, 0xff16, 0xff15, 0xfe92, 0xfe73,
    0xf5d2, 0xcd32, 0xb4f3, 0xddb3, 0xcd13, 0xedd2, 0xfef4, 0xfe72, 0x9c30, 0x012c, 0xf7df, 0xffff, 0xffff, 0xffff, 0xffff, 0xffff,
    0xffff, 0xffff, 0xffff, 0xffff, 0xffff, 0xffff, 0xffff, 0xffff, 0xffff, 0xffff, 0xffff, 0xffff, 0xffff, 0xffff, 0xffff, 0xffff,
    0xffff, 0xffff, 0xffff, 0xffff, 0xffff, 0xffff, 0xffff, 0xffff, 0xffff, 0xffff, 0xffff, 0xffff, 0xffff, 0xffff, 0xffff, 0xffff,
    0xffff, 0xffff, 0xffff, 0xffff, 0xffff, 0xffff, 0xffff, 0xffff, 0xffff, 0xffff, 0xffff, 0xffff, 0xffff, 0xffff, 0xffff, 0xffff,
    0xffff, 0xffff, 0xffff, 0xffff, 0xffff, 0xffff, 0xffff, 0xffff, 0xffff, 0xffff, 0xffff, 0xffff, 0xffff, 0xffff, 0xffff, 0xffff,
    0xffff, 0xffff, 0xffff, 0xffff, 0xffff, 0xffff, 0xffff, 0xffff, 0xffff, 0xffff, 0xffff, 0xffff, 0xffff, 0xffff, 0xffff, 0xffff,
    0xffff, 0xffff, 0xffff, 0xffff, 0xffff, 0xffff, 0xffff, 0xffff, 0xffff, 0xffff, 0xffff, 0xffff, 0xffff, 0xffff, 0xffff, 0xffff,
    0xffff, 0xffff, 0xffff, 0xffff, 0xffff, 0xffff, 0xffff, 0xffff, 0xffff, 0xffff, 0xffff, 0xffff, 0xffff, 0xffff, 0xffff, 0xffff,
    0xffff, 0xffff, 0xffff, 0xffff, 0xffff, 0xffff, 0xffff, 0xffff, 0xffff, 0xffff, 0xffff, 0xffff, 0xffff, 0xffff, 0xffff, 0xffff,
    0xffff, 0xffff, 0xffff, 0xffff, 0xffff, 0xffff, 0xffff, 0xffff, 0xffff, 0xffff, 0xffff, 0xffff, 0xffff, 0xffff, 0xffff, 0xffff,
    0xffff, 0xffff, 0xffff, 0xffff, 0xffff, 0xffff, 0xffff, 0xffff, 0xffff, 0xffff, 0xffff, 0xffff, 0xffff, 0xffff, 0xffff, 0xffff,
    0xffff, 0xffff, 0xffff, 0xffff, 0xffff, 0xffff, 0xffff, 0xffff, 0xffff, 0xffff, 0xffff, 0xffff, 0xffff, 0xffff, 0xffff, 0xffff,
    0xffff, 0xffff, 0xffff, 0xffff, 0xffff, 0xffff, 0xffff, 0xffff, 0xffff, 0xffff, 0xffff, 0xffff, 0xffff, 0xffff, 0xffff, 0xffff,
    0xffff, 0xffff, 0xffff, 0xffff, 0xffff, 0xffff, 0xffff, 0xffff, 0xffff, 0xffff, 0xffff, 0xffff, 0xffff, 0xffff, 0xffff, 0xffff,
    0xffff, 0xffff, 0xffff, 0xffff, 0xffff, 0xffff, 0xffff, 0xffff, 0xffff, 0xffff, 0xffff, 0xffff, 0xffff, 0xffff, 0xffff, 0xffff,
    0xffff, 0xffff, 0xffff, 0xffff, 0xffff, 0xffff, 0xffff, 0xffff, 0xffff, 0xffff, 0xffff, 0xefbe, 0xe77e, 0xf79e, 0x63b3, 0x090b,
    0x5372, 0xffff, 0xffff, 0xd4ef, 0xe678, 0xffff, 0xff9b, 0xff57, 0xfeb3, 0xfdae, 0xe590, 0x39ec, 0x8bf0, 0xdd93, 0xe591, 0xf5d0,
    0xd532, 0xa4d3, 0x94b5, 0xc513, 0xf5d1, 0xfe51, 0xedd1, 0xf5d1, 0xfed4, 0xff37, 0xff57, 0xff57, 0xff57, 0xff36, 0xfef5, 0xfeb3,
    0xfe31, 0xf58e, 0xfd2d, 0xed2e, 0xa472, 0x9c53, 0x8c33, 0x73f3, 0x63b3, 0x6bb3, 0x63b3, 0x63b3, 0x63b3, 0x8bd2, 0xa3f0, 0xdcf0,
    0xf52e, 0xfcec, 0xfe0f, 0xfe72, 0xfed4, 0xff35, 0xff58, 0xff9a, 0xff99, 0xff57, 0xff78, 0xff57, 0xff37, 0xfe93, 0xfe71, 0xfe52,
    0xbd13, 0xacf3, 0xd593, 0xa4d4, 0xedb1, 0xf652, 0xfe93, 0x9bee, 0x326f, 0xcebb, 0xffff, 0xffff, 0xffff, 0xffff, 0xffff, 0xffff,
    0xffff, 0xffff, 0xffff, 0xffff, 0xffff, 0xffff, 0xffff, 0xffff, 0xffff, 0xffff, 0xffff, 0xffff, 0xffff, 0xffff, 0xffff, 0xffff,
    0xffff, 0xffff, 0xffff, 0xffff, 0xffff, 0xffff, 0xffff, 0xffff, 0xffff, 0xffff, 0xffff, 0xffff, 0xffff, 0xffff, 0xffff, 0xffff,
    0xffff, 0xffff, 0xffff, 0xffff, 0xffff, 0xffff, 0xffff, 0xffff, 0xffff, 0xffff, 0xffff, 0xffff, 0xffff, 0xffff, 0xffff, 0xffff,
    0xffff, 0xffff, 0xffff, 0xffff, 0xffff, 0xffff, 0xffff, 0xffff, 0xffff, 0xffff, 0xffff, 0xffff, 0xffff, 0xffff, 0xffff, 0xffff,
    0xffff, 0xffff, 0xffff, 0xffff, 0xffff, 0xffff, 0xffff, 0xffff, 0xffff, 0xffff, 0xffff, 0xffff, 0xffff, 0xffff, 0xffff, 0xffff,
    0xffff, 0xffff, 0xffff, 0xffff, 0xffff, 0xffff, 0xffff, 0xffff, 0xffff, 0xffff, 0xffff, 0xffff, 0xffff, 0xffff, 0xffff, 0xffff,
    0xffff, 0xffff, 0xffff, 0xffff, 0xffff, 0xffff, 0xffff, 0xffff, 0xffff, 0xffff, 0xffff, 0xffff, 0xffff, 0xffff, 0xffff, 0xffff,
    0xffff, 0xffff, 0xffff, 0xffff, 0xffff, 0xffff, 0xffff, 0xffff, 0xffff, 0xffff, 0xffff, 0xffff, 0xffff, 0xffff, 0xffff, 0xffff,
    0xffff, 0xffff, 0xffff, 0xffff, 0xffff, 0xffff, 0xffff, 0xffff, 0xffff, 0xffff, 0xffff, 0xffff, 0xffff, 0xffff, 0xffff, 0xffff,
    0xffff, 0xffff, 0xffff, 0xffff, 0xffff, 0xffff, 0xffff, 0xffff, 0xffff, 0xffff, 0xffff, 0xffff, 0xffff, 0xffff, 0xffff, 0xffff,
    0xffff, 0xffff, 0xffff, 0xffff, 0xffff, 0xffff, 0xffff, 0xffff, 0xffff, 0xffff, 0xffff, 0xffff, 0xffff, 0xffff, 0xffff, 0xffff,
    0xffff, 0xffff, 0xffff, 0xffff, 0xffff, 0xffff, 0xffff, 0xffff, 0xffff, 0xffff, 0xffff, 0xffff, 0xffff, 0xffff, 0xffff, 0xffff,
    0xffff, 0xffff, 0xffff, 0xffff, 0xffff, 0xffff, 0xffff, 0xffff, 0xffff, 0xffff, 0xffff, 0xffff, 0xffff, 0xffff, 0xffff, 0xffff,
    0xffff, 0xffff, 0xffff, 0xffff, 0xffff, 0xffff, 0xffff, 0xffff, 0xffff, 0xffff, 0xffff, 0xffff, 0xffff, 0xffff, 0xffff, 0xffff,
    0xcebc, 0xadb9, 0xb5fa, 0xb5f9, 0xe73d, 0xffff, 0xffff, 0xffff, 0xffff, 0xffff, 0xffff, 0x6c14, 0x096d, 0x11cd, 0xadb9, 0xf7df,
    0xf7be, 0xffff, 0xfffd, 0xd4ce, 0xe678, 0xffff, 0xff9b, 0xff57, 0xfef5, 0xf5ae, 0xfdef, 0xb46f, 0x320d, 0xc4d0, 0xcd33, 0xbd13,
    0xd511, 0xc513, 0x8c95, 0xa4f4, 0xe551, 0xf5b0, 0xe571, 0xed90, 0xff14, 0xff77, 0xff57, 0xff57, 0xff56, 0xff57, 0xff58, 0xfef5,
    0xfed3, 0xfe52, 0xfdcf, 0xf5cf, 0xf5d0, 0xf5b0, 0xcd12, 0x8c34, 0x9c73, 0xb4b3, 0xacb2, 0xb4b2, 0xb492, 0xd531, 0xed91, 0xfe52,
    0xfe71, 0xfdcf, 0xfeb4, 0xff56, 0xff7a, 0xffbd, 0xff7a, 0xffdc, 0xffdc, 0xff99, 0xffbb, 0xff79, 0xff36, 0xff15, 0xee12, 0xd552,
    0xc512, 0xf5b1, 0xcd52, 0xacf4, 0xfdf0, 0xfdf1, 0x732f, 0x19ce, 0x098e, 0x6c35, 0xa5b9, 0xffdf, 0xffff, 0xffff, 0xffff, 0xffff,
    0xffff, 0xffff, 0xffff, 0xffff, 0xffff, 0xffff, 0xffff, 0xffff, 0xffff, 0xffff, 0xffff, 0xffff, 0xffff, 0xffff, 0xffff, 0xffff,
    0xffff, 0xffff, 0xffff, 0xffff, 0xffff, 0xffff, 0xffff, 0xffff, 0xffff, 0xffff, 0xffff, 0xffff, 0xffff, 0xffff, 0xffff, 0xffff,
    0xffff, 0xffff, 0xffff, 0xffff, 0xffff, 0xffff, 0xffff, 0xffff, 0xffff, 0xffff, 0xffff, 0xffff, 0xffff, 0xffff, 0xffff, 0xffff,
    0xffff, 0xffff, 0xffff, 0xffff, 0xffff, 0xffff, 0xffff, 0xffff, 0xffff, 0xffff, 0xffff, 0xffff, 0xffff, 0xffff, 0xffff, 0xffff,
    0xffff, 0xffff, 0xffff, 0xffff, 0xffff, 0xffff, 0xffff, 0xffff, 0xffff, 0xffff, 0xffff, 0xffff, 0xffff, 0xffff, 0xffff, 0xffff,
    0xffff, 0xffff, 0xffff, 0xffff, 0xffff, 0xffff, 0xffff, 0xffff, 0xffff, 0xffff, 0xffff, 0xffff, 0xffff, 0xffff, 0xffff, 0xffff,
    0xffff, 0xffff, 0xffff, 0xffff, 0xffff, 0xffff, 0xffff, 0xffff, 0xffff, 0xffff, 0xffff, 0xffff, 0xffff, 0xffff, 0xffff, 0xffff,
    0xffff, 0xffff, 0xffff, 0xffff, 0xffff, 0xffff, 0xffff, 0xffff, 0xffff, 0xffff, 0xffff, 0xffff, 0xffff, 0xffff, 0xffff, 0xffff,
    0xffff, 0xffff, 0xffff, 0xffff, 0xffff, 0xffff, 0xffff, 0xffff, 0xffff, 0xffff, 0xffff, 0xffff, 0xffff, 0xffff, 0xffff, 0xffff,
    0xffff, 0xffff, 0xffff, 0xffff, 0xffff, 0xffff, 0xffff, 0xffff, 0xffff, 0xffff, 0xffff, 0xffff, 0xffff, 0xffff, 0xffff, 0xffff,
    0xffff, 0xffff, 0xffff, 0xffff, 0xffff, 0xffff, 0xffff, 0xffff, 0xffff, 0xffff, 0xffff, 0xffff, 0xffff, 0xffff, 0xffff, 0xffff,
    0xffff, 0xffff, 0xffff, 0xffff, 0xffff, 0xffff, 0xffff, 0xffff, 0xffff, 0xffff, 0xffff, 0xffff, 0xffff, 0xffff, 0xffff, 0xffff,
    0xffff, 0xffff, 0xffff, 0xffff, 0xffff, 0xffff, 0xffff, 0xffff, 0xffff, 0xffff, 0xffff, 0xffff, 0xffff, 0xffff, 0xffff, 0xffff,
    0xffff, 0xffff, 0xffff, 0xffff, 0xffff, 0xffff, 0xffff, 0xffff, 0xffff, 0xffff, 0xffff, 0xffff, 0xffff, 0xffff, 0xdefc, 0xb5b9,
    0x4311, 0x11ae, 0x1a0f, 0x00ec, 0xa598, 0xffff, 0xffff, 0xbe1a, 0x21ed, 0x2a4f, 0x21ee, 0x63d3, 0xadfa, 0xb5fa, 0xef7e, 0xffff,
    0xffff, 0xffff, 0xffdc, 0xcc6d, 0xde38, 0xffff, 0xff9b, 0xff57, 0xfef5, 0xfe51, 0xfd8f, 0xfdf0, 0x5acc, 0x5aae, 0xacb4, 0xacf5,
    0xe591, 0xacd4, 0xb4f4, 0x9cd5, 0x8496, 0xacf4, 0xf5d1, 0xfe11, 0xf5f2, 0xfef5, 0xff77, 0xff57, 0xff57, 0xff56, 0xff57, 0xff57,
    0xff57, 0xff36, 0xff15, 0xfed3, 0xfe71, 0xfe71, 0xfe11, 0xed91, 0xf5b0, 0xfdaf, 0xfd8f, 0xfdd0, 0xfdaf, 0xfe72, 0xff56, 0xff57,
    0xff78, 0xff56, 0xffbb, 0xffde, 0xfffe, 0xffff, 0xfffe, 0xffbc, 0xffbc, 0xffdd, 0xff79, 0xff58, 0xff56, 0xee75, 0xbd14, 0xbcf2,
    0xdd51, 0xcd33, 0xe551, 0xed70, 0xfd8f, 0x83b0, 0x19ce, 0x014d, 0xa5b9, 0x5bd4, 0x010c, 0x9d58, 0xdefc, 0xffff, 0xffff, 0xffff,
    0xffff, 0xffff, 0xffff, 0xffff, 0xffff, 0xffff, 0xffff, 0xffff, 0xffff, 0xffff, 0xffff, 0xffff, 0xffff, 0xffff, 0xffff, 0xffff,
    0xffff, 0xffff, 0xffff, 0xffff, 0xffff, 0xffff, 0xffff, 0xffff, 0xffff, 0xffff, 0xffff, 0xffff, 0xffff, 0xffff, 0xffff, 0xffff,
    0xffff, 0xffff, 0xffff, 0xffff, 0xffff, 0xffff, 0xffff, 0xffff, 0xffff, 0xffff, 0xffff, 0xffff, 0xffff, 0xffff, 0xffff, 0xffff,
    0xffff, 0xffff, 0xffff, 0xffff, 0xffff, 0xffff, 0xffff, 0xffff, 0xffff, 0xffff, 0xffff, 0xffff, 0xffff, 0xffff, 0xffff, 0xffff,
    0xffff, 0xffff, 0xffff, 0xffff, 0xffff, 0xffff, 0xffff, 0xffff, 0xffff, 0xffff, 0xffff, 0xffff, 0xffff, 0xffff, 0xffff, 0xffff,
    0xffff, 0xffff, 0xffff, 0xffff, 0xffff, 0xffff, 0xffff, 0xffff, 0xffff, 0xffff, 0xffff, 0xffff, 0xffff, 0xffff, 0xffff, 0xffff,
    0xffff, 0xffff, 0xffff, 0xffff, 0xffff, 0xffff, 0xffff, 0xffff, 0xffff, 0xffff, 0xffff, 0xffff, 0xffff, 0xffff, 0xffff, 0xffff,
    0xffff, 0xffff, 0xffff, 0xffff, 0xffff, 0xffff, 0xffff, 0xffff, 0xffff, 0xffff, 0xffff, 0xffff, 0xffff, 0xffff, 0xffff, 0xffff,
    0xffff, 0xffff, 0xffff, 0xffff, 0xffff, 0xffff, 0xffff, 0xffff, 0xffff, 0xffff, 0xffff, 0xffff, 0xffff, 0xffff, 0xffff, 0xffff,
    0xffff, 0xffff, 0xffff, 0xffff, 0xffff, 0xffff, 0xffff, 0xffff, 0xffff, 0xffff, 0xffff, 0xffff, 0xffff, 0xffff, 0xffff, 0xffff,
    0xffff, 0xffff, 0xffff, 0xffff, 0xffff, 0xffff, 0xffff, 0xffff, 0xffff, 0xffff, 0xffff, 0xffff, 0xffff, 0xffff, 0xffff, 0xffff,
    0xffff, 0xffff, 0xffff, 0xffff, 0xffff, 0xffff, 0xffff, 0xffff, 0xffff, 0xffff, 0xffff, 0xffff, 0xffff, 0xffff, 0xffff, 0xffff,
    0xffff, 0xffff, 0xffff, 0xffff, 0xffff, 0xffff, 0xffff, 0xffff, 0xffff, 0xffff, 0xffff, 0xffff, 0xffff, 0xffff, 0xffff, 0xffff,
    0xffff, 0xffff, 0xffff, 0xffff, 0xffff, 0xffff, 0xffff, 0xffff, 0xffff, 0xffff, 0xffff, 0xffff, 0xf7be, 0xd6bb, 0x6c14, 0x08ca,
    0x9517, 0xe79e, 0xd6fd, 0x2270, 0x2270, 0x4332, 0x3ad1, 0x4b52, 0x84b6, 0x84d6, 0x8495, 0xce9b, 0xffff, 0xffff, 0xffff, 0xffff,
    0xffff, 0xffff, 0xfed5, 0xedf2, 0xf79e, 0xffff, 0xffbc, 0xff58, 0xff36, 0xfeb3, 0xfe10, 0xfd6e, 0xf58f, 0x732d, 0x52f0, 0xad15,
    0x9cd4, 0x8c95, 0x94b5, 0x8c96, 0x8496, 0xb4f4, 0xb513, 0xc513, 0xed51, 0xfeb5, 0xfed4, 0xfe73, 0xff57, 0xff57, 0xff57, 0xff57,
    0xff57, 0xff57, 0xff57, 0xff37, 0xff36, 0xff16, 0xfef4, 0xfed3, 0xfeb3, 0xfeb3, 0xfe11, 0xfed3, 0xfeb3, 0xfeb4, 0xff9b, 0xffde,
    0xffde, 0xffdd, 0xffdf, 0xffff, 0xffff, 0xffff, 0xffff, 0xff9b, 0xff58, 0xffbb, 0xff57, 0xff36, 0xfeb3, 0xb533, 0x9496, 0xe572,
    0xdd72, 0x94b5, 0xdd72, 0xdd51, 0x8bd0, 0x00eb, 0x9538, 0x6416, 0x6c56, 0xe77e, 0xdf3d, 0x19ce, 0x2a2f, 0xef7e, 0xffbf, 0xffff,
    0xffff, 0xffff, 0xffff, 0xffff, 0xffff, 0xffff, 0xffff, 0xffff, 0xffff, 0xffff, 0xffff, 0xffff, 0xffff, 0xffff, 0xffff, 0xffff,
    0xffff, 0xffff, 0xffff, 0xffff, 0xffff, 0xffff, 0xffff, 0xffff, 0xffff, 0xffff, 0xffff, 0xffff, 0xffff, 0xffff, 0xffff, 0xffff,
    0xffff, 0xffff, 0xffff, 0xffff, 0xffff, 0xffff, 0xffff, 0xffff, 0xffff, 0xffff, 0xffff, 0xffff, 0xffff, 0xffff, 0xffff, 0xffff,
    0xffff, 0xffff, 0xffff, 0xffff, 0xffff, 0xffff, 0xffff, 0xffff, 0xffff, 0xffff, 0xffff, 0xffff, 0xffff, 0xffff, 0xffff, 0xffff,
    0xffff, 0xffff, 0xffff, 0xffff, 0xffff, 0xffff, 0xffff, 0xffff, 0xffff, 0xffff, 0xffff, 0xffff, 0xffff, 0xffff, 0xffff, 0xffff,
    0xffff, 0xffff, 0xffff, 0xffff, 0xffff, 0xffff, 0xffff, 0xffff, 0xffff, 0xffff, 0xffff, 0xffff, 0xffff, 0xffff, 0xffff, 0xffff,
    0xffff, 0xffff, 0xffff, 0xffff, 0xffff, 0xffff, 0xffff, 0xffff, 0xffff, 0xffff, 0xffff, 0xffff, 0xffff, 0xffff, 0xffff, 0xffff,
    0xffff, 0xffff, 0xffff, 0xffff, 0xffff, 0xffff, 0xffff, 0xffff, 0xffff, 0xffff, 0xffff, 0xffff, 0xffff, 0xffff, 0xffff, 0xffff,
    0xffff, 0xffff, 0xffff, 0xffff, 0xffff, 0xffff, 0xffff, 0xffff, 0xffff, 0xffff, 0xffff, 0xffff, 0xffff, 0xffff, 0xffff, 0xffff,
    0xffff, 0xffff, 0xffff, 0xffff, 0xffff, 0xffff, 0xffff, 0xffff, 0xffff, 0xffff, 0xffff, 0xffff, 0xffff, 0xffff, 0xffff, 0xffff,
    0xffff, 0xffff, 0xffff, 0xffff, 0xffff, 0xffff, 0xffff, 0xffff, 0xffff, 0xffff, 0xffff, 0xffff, 0xffff, 0xffff, 0xffff, 0xffff,
    0xffff, 0xffff, 0xffff, 0xffff, 0xffff, 0xffff, 0xffff, 0xffff, 0xffff, 0xffff, 0xffff, 0xffff, 0xffff, 0xffff, 0xffff, 0xffff,
    0xffff, 0xffff, 0xffff, 0xffff, 0xffff, 0xffff, 0xffff, 0xffff, 0xffff, 0xffff, 0xffff, 0xffff, 0xffff, 0xffff, 0xffff, 0xffff,
    0xffff, 0xffff, 0xffff, 0xffff, 0xffff, 0xffff, 0xffff, 0xffff, 0xc67b, 0xadf9, 0xb5fa, 0xce9c, 0x9d58, 0x010b, 0x5372, 0xffff,
    0x8d58, 0x1a10, 0x2250, 0x01af, 0x018e, 0x09ae, 0x014d, 0x5352, 0xffff, 0xffff, 0xffff, 0xffff, 0xffff, 0xffff, 0xffff, 0xffff,
    0xffff, 0xff9a, 0xfe92, 0xfeb5, 0xffff, 0xffff, 0xffde, 0xff9a, 0xff57, 0xfed4, 0xfe72, 0xfd6e, 0xfd2c, 0xf54e, 0x62ee, 0x4af1,
    0x9495, 0x8c95, 0xbd13, 0x9cb4, 0x9cb4, 0xedb2, 0x9cb4, 0xa4f5, 0xed70, 0xfe31, 0xfe51, 0xfe11, 0xfef5, 0xff36, 0xff57, 0xff57,
    0xff77, 0xff58, 0xff57, 0xff77, 0xfed5, 0xf6b5, 0xff58, 0xfef5, 0xfe95, 0xff57, 0xfe53, 0xfeb4, 0xff57, 0xffbb, 0xffff, 0xffff,
    0xffff, 0xffff, 0xffff, 0xffff, 0xfffe, 0xffff, 0xffbc, 0xffde, 0xff79, 0xfef5, 0xff15, 0xfe53, 0xe530, 0xcd52, 0xacf5, 0xa4f5,
    0xacf5, 0xa4d5, 0x9cf5, 0x5352, 0x012d, 0xa5b9, 0xffff, 0xb67c, 0x018f, 0xae1b, 0xffff, 0xcebb, 0x7c96, 0x012d, 0xdf1d, 0xffff,
    0xffff, 0xffff, 0xffff, 0xffff, 0xffff, 0xffff, 0xffff, 0xffff, 0xffff, 0xffff, 0xffff, 0xffff, 0xffff, 0xffff, 0xffff, 0xffff,
    0xffff, 0xffff, 0xffff, 0xffff, 0xffff, 0xffff, 0xffff, 0xffff, 0xffff, 0xffff, 0xffff, 0xffff, 0xffff, 0xffff, 0xffff, 0xffff,
    0xffff, 0xffff, 0xffff, 0xffff, 0xffff, 0xffff, 0xffff, 0xffff, 0xffff, 0xffff, 0xffff, 0xffff, 0xffff, 0xffff, 0xffff, 0xffff,
    0xffff, 0xffff, 0xffff, 0xffff, 0xffff, 0xffff, 0xffff, 0xffff, 0xffff, 0xffff, 0xffff, 0xffff, 0xffff, 0xffff, 0xffff, 0xffff,
    0xffff, 0xffff, 0xffff, 0xffff, 0xffff, 0xffff, 0xffff, 0xffff, 0xffff, 0xffff, 0xffff, 0xffff, 0xffff, 0xffff, 0xffff, 0xffff,
    0xffff, 0xffff, 0xffff, 0xffff, 0xffff, 0xffff, 0xffff, 0xffff, 0xffff, 0xffff, 0xffff, 0xffff, 0xffff, 0xffff, 0xffff, 0xffff,
    0xffff, 0xffff, 0xffff, 0xffff, 0xffff, 0xffff, 0xffff, 0xffff, 0xffff, 0xffff, 0xffff, 0xffff, 0xffff, 0xffff, 0xffff, 0xffff,
    0xffff, 0xffff, 0xffff, 0xffff, 0xffff, 0xffff, 0xffff, 0xffff, 0xffff, 0xffff, 0xffff, 0xffff, 0xffff, 0xffff, 0xffff, 0xffff,
    0xffff, 0xffff, 0xffff, 0xffff, 0xffff, 0xffff, 0xffff, 0xffff, 0xffff, 0xffff, 0xffff, 0xffff, 0xffff, 0xffff, 0xffff, 0xffff,
    0xffff, 0xffff, 0xffff, 0xffff, 0xffff, 0xffff, 0xffff, 0xffff, 0xffff, 0xffff, 0xffff, 0xffff, 0xffff, 0xffff, 0xffff, 0xffff,
    0xffff, 0xffff, 0xffff, 0xffff, 0xffff, 0xffff, 0xffff, 0xffff, 0xffff, 0xffff, 0xffff, 0xffff, 0xffff, 0xffff, 0xffff, 0xffff,
    0xffff, 0xffff, 0xffff, 0xffff, 0xffff, 0xffff, 0xffff, 0xffff, 0xffff, 0xffff, 0xffff, 0xffff, 0xffff, 0xffff, 0xffff, 0xffff,
    0xffff, 0xffff, 0xffff, 0xffff, 0xffff, 0xffff, 0xffff, 0xffff, 0xffff, 0xffff, 0xffff, 0xffff, 0xffff, 0xffff, 0xffff, 0xffff,
    0xffff, 0xffff, 0xffff, 0xffff, 0xffff, 0xffff, 0xcebc, 0x4b52, 0x11ae, 0x4312, 0x2a90, 0x00eb, 0x11ce, 0xc69c, 0xef7e, 0x9558,
    0x2a91, 0x014e, 0x012e, 0x012c, 0xa5b8, 0xef7e, 0xe75d, 0xef9e, 0xffdf, 0xffdf, 0xffdf, 0xffff, 0xffff, 0xffff, 0xffff, 0xffff,
    0xffff, 0xff79, 0xfe72, 0xff3a, 0xffff, 0xffff, 0xffff, 0xffbc, 0xff57, 0xfed4, 0xfe51, 0xfe10, 0xfd6e, 0xf52c, 0xed6f, 0x7bcf,
    0x220f, 0x73f3, 0xcd13, 0xa4d4, 0x6c15, 0x8c74, 0xb4f4, 0xa4d4, 0xe572, 0xf570, 0xf611, 0xfe52, 0xfdf0, 0xfe73, 0xff78, 0xff58,
    0xff36, 0xff36, 0xfef5, 0xfed4, 0xff36, 0xff37, 0xff57, 0xff57, 0xff77, 0xff97, 0xfe53, 0xfed5, 0xf717, 0xf737, 0xff9b, 0xfffe,
    0xffdc, 0xffde, 0xffff, 0xffff, 0xffbb, 0xffbb, 0xff58, 0xff58, 0xff57, 0xfed3, 0xfef4, 0xd552, 0xbcb2, 0xb513, 0xa4d5, 0x94d5,
    0xa4f5, 0xa4d4, 0x7bd2, 0x320c, 0x018d, 0xbe9c, 0xefdf, 0xd75e, 0x1a51, 0x4395, 0xf7df, 0xffff, 0xae1b, 0x2a4f, 0x7455, 0xbe3a,
    0xb5f9, 0xb5fa, 0xadb9, 0xdf1c, 0xffff, 0xffdf, 0xffff, 0xffff, 0xffff, 0xffff, 0xffff, 0xffff, 0xffff, 0xffff, 0xffff, 0xffff,
    0xffff, 0xffff, 0xffff, 0xffff, 0xffff, 0xffff, 0xffff, 0xffff, 0xffff, 0xffff, 0xffff, 0xffff, 0xffff, 0xffff, 0xffff, 0xffff,
    0xffff, 0xffff, 0xffff, 0xffff, 0xffff, 0xffff, 0xffff, 0xffff, 0xffff, 0xffff, 0xffff, 0xffff, 0xffff, 0xffff, 0xffff, 0xffff,
    0xffff, 0xffff, 0xffff, 0xffff, 0xffff, 0xffff, 0xffff, 0xffff, 0xffff, 0xffff, 0xffff, 0xffff, 0xffff, 0xffff, 0xffff, 0xffff,
    0xffff, 0xffff, 0xffff, 0xffff, 0xffff, 0xffff, 0xffff, 0xffff, 0xffff, 0xffff, 0xffff, 0xffff, 0xffff, 0xffff, 0xffff, 0xffff,
    0xffff, 0xffff, 0xffff, 0xffff, 0xffff, 0xffff, 0xffff, 0xffff, 0xffff, 0xffff, 0xffff, 0xffff, 0xffff, 0xffff, 0xffff, 0xffff,
    0xffff, 0xffff, 0xffff, 0xffff, 0xffff, 0xffff, 0xffff, 0xffff, 0xffff, 0xffff, 0xffff, 0xffff, 0xffff, 0xffff, 0xffff, 0xffff,
    0xffff, 0xffff, 0xffff, 0xffff, 0xffff, 0xffff, 0xffff, 0xffff, 0xffff, 0xffff, 0xffff, 0xffff, 0xffff, 0xffff, 0xffff, 0xffff,
    0xffff, 0xffff, 0xffff, 0xffff, 0xffff, 0xffff, 0xffff, 0xffff, 0xffff, 0xffff, 0xffff, 0xffff, 0xffff, 0xffff, 0xffff, 0xffff,
    0xffff, 0xffff, 0xffff, 0xffff, 0xffff, 0xffff, 0xffff, 0xffff, 0xffff, 0xffff, 0xffff, 0xffff, 0xffff, 0xffff, 0xffff, 0xffff,
    0xffff, 0xffff, 0xffff, 0xffff, 0xffff, 0xffff, 0xffff, 0xffff, 0xffff, 0xffff, 0xffff, 0xffff, 0xffff, 0xffff, 0xffff, 0xffff,
    0xffff, 0xffff, 0xffff, 0xffff, 0xffff, 0xffff, 0xffff, 0xffff, 0xffff, 0xffff, 0xffff, 0xffff, 0xffff, 0xffff, 0xffff, 0xffff,
    0xffff, 0xffff, 0xffff, 0xffff, 0xffff, 0xffff, 0xffff, 0xffff, 0xffff, 0xffff, 0xffff, 0xffff, 0xffff, 0xffff, 0xffff, 0xffff,
    0xffff, 0xffff, 0xffff, 0xffff, 0x7c74, 0x5393, 0x32b0, 0x3270, 0xdf3d, 0xefbf, 0x3290, 0x9d58, 0xcebc, 0xffdf, 0xffff, 0x5373,
    0x00cc, 0x1a0e, 0x9516, 0xc69b, 0xffff, 0xffff, 0xffff, 0xffff, 0xffff, 0xffff, 0xffff, 0xffff, 0xffff, 0xffff, 0xffff, 0xffbb,
    0xff9b, 0xffbc, 0xfe72, 0xffbc, 0xffff, 0xffff, 0xfffe, 0xff79, 0xff77, 0xfed5, 0xfe52, 0xfe72, 0xfdcf, 0xf50c, 0xfd4d, 0xe52e,
    0xa450, 0x2a30, 0x6372, 0x6bd4, 0x7414, 0x9495, 0x8475, 0x94b5, 0xa4b3, 0xb4b2, 0xed71, 0xf590, 0xfe10, 0xfe51, 0xff15, 0xff78,
    0xfed4, 0xfe11, 0xfe93, 0xfeb4, 0xff16, 0xfed4, 0xff77, 0xff77, 0xff57, 0xff36, 0xfef4, 0xff15, 0xc512, 0xde34, 0xf654, 0xfef7,
    0xff98, 0xff7a, 0xffde, 0xffbc, 0xff78, 0xff78, 0xff9a, 0xff14, 0xfe93, 0xee33, 0xee54, 0xb4f3, 0x9cb4, 0x7c54, 0x6c15, 0x9cb5,
    0x9cd5, 0x52f0, 0x62ed, 0xd5b2, 0x012b, 0xa5fb, 0xdf7f, 0xdf7f, 0x1a31, 0x3335, 0xf7ff, 0xdf3e, 0x95bb, 0xf7ff, 0x4b32, 0x11ce,
    0x1a0e, 0x220e, 0x19ad, 0x7c75, 0xdefd, 0xffff, 0xffff, 0x9537, 0x19ce, 0x21ef, 0xadb9, 0xffff, 0xffff, 0xffff, 0xffff, 0xffff,
    0xffff, 0xffff, 0xffff, 0xffff, 0xffff, 0xffff, 0xffff, 0xffff, 0xffff, 0xffff, 0xffff, 0xffff, 0xffff, 0xffff, 0xffff, 0xffff,
    0xffff, 0xffff, 0xffff, 0xffff, 0xffff, 0xffff, 0xffff, 0xffff, 0xffff, 0xffff, 0xffff, 0xffff, 0xffff, 0xffff, 0xffff, 0xffff,
    0xffff, 0xffff, 0xffff, 0xffff, 0xffff, 0xffff, 0xffff, 0xffff, 0xffff, 0xffff, 0xffff, 0xffff, 0xffff, 0xffff, 0xffff, 0xffff,
    0xffff, 0xffff, 0xffff, 0xffff, 0xffff, 0xffff, 0xffff, 0xffff, 0xffff, 0xffff, 0xffff, 0xffff, 0xffff, 0xffff, 0xffff, 0xffff,
    0xffff, 0xffff, 0xffff, 0xffff, 0xffff, 0xffff, 0xffff, 0xffff, 0xffff, 0xffff, 0xffff, 0xffff, 0xffff, 0xffff, 0xffff, 0xffff,
    0xffff, 0xffff, 0xffff, 0xffff, 0xffff, 0xffff, 0xffff, 0xffff, 0xffff, 0xffff, 0xffff, 0xffff, 0xffff, 0xffff, 0xffff, 0xffff,
    0xffff, 0xffff, 0xffff, 0xffff, 0xffff, 0xffff, 0xffff, 0xffff, 0xffff, 0xffff, 0xffff, 0xffff, 0xffff, 0xffff, 0xffff, 0xffff,
    0xffff, 0xffff, 0xffff, 0xffff, 0xffff, 0xffff, 0xffff, 0xffff, 0xffff, 0xffff, 0xffff, 0xffff, 0xffff, 0xffff, 0xffff, 0xffff,
    0xffff, 0xffff, 0xffff, 0xffff, 0xffff, 0xffff, 0xffff, 0xffff, 0xffff, 0xffff, 0xffff, 0xffff, 0xffff, 0xffff, 0xffff, 0xffff,
    0xffff, 0xffff, 0xffff, 0xffff, 0xffff, 0xffff, 0xffff, 0xffff, 0xffff, 0xffff, 0xffff, 0xffff, 0xffff, 0xffff, 0xffff, 0xffff,
    0xffff, 0xffff, 0xffff, 0xffff, 0xffff, 0xffff, 0xffff, 0xffff, 0xffff, 0xffff, 0xffff, 0xffff, 0xffff, 0xffff, 0xffff, 0xffff,
    0xffff, 0xffff, 0xffff, 0xffff, 0xffff, 0xffff, 0xffff, 0xffff, 0xffff, 0xffff, 0xffff, 0xffff, 0xffff, 0xffff, 0xffff, 0xffff,
    0xffff, 0xffff, 0x8cd6, 0x63f4, 0x4b52, 0x4b52, 0x8d17, 0xffdf, 0xffff, 0x3ad1, 0x7cb7, 0xffff, 0xffff, 0xffdf, 0xffff, 0x53b4,
    0x3a2d, 0xce17, 0xffff, 0xffff, 0xffff, 0xffff, 0xffff, 0xffff, 0xffff, 0xffff, 0xffff, 0xffff, 0xffff, 0xffff, 0xffdd, 0xff58,
    0xff99, 0xff9c, 0xfe52, 0xff9c, 0xffff, 0xffff, 0xffff, 0xffbc, 0xff78, 0xff36, 0xfe93, 0xfe52, 0xfe31, 0xf58e, 0xf50d, 0xfd6d,
    0xfdcf, 0xc4d1, 0x5353, 0x09f0, 0x5b32, 0x6392, 0x53d5, 0x8c75, 0xd553, 0xcd52, 0xc513, 0xc4f2, 0xedd1, 0xfdf1, 0xfdef, 0xee12,
    0xfe52, 0xedb0, 0xf632, 0xfe73, 0xfe51, 0xfe32, 0xfef6, 0xff35, 0xff57, 0xfe12, 0xfeb3, 0xfeb3, 0xee12, 0xf6d5, 0xff37, 0xfe33,
    0xfef6, 0xff57, 0xff16, 0xff15, 0xff99, 0xff38, 0xff15, 0xee11, 0xd571, 0xe5d2, 0xb4f3, 0xbd35, 0x4333, 0x6bf4, 0x8c74, 0xa4f5,
    0x4b12, 0x6b6f, 0xf6d4, 0xc593, 0x010b, 0xa61c, 0xc6ff, 0xd75f, 0x1a31, 0x3b75, 0xffff, 0xdf1d, 0x22b3, 0xe75e, 0xe79f, 0xc71e,
    0xe79f, 0xf7df, 0xffff, 0x7455, 0x11ae, 0x7476, 0x7435, 0x4b31, 0x8d38, 0xa599, 0x3270, 0x7434, 0xffdf, 0xffdf, 0xffff, 0xffff,
    0xffff, 0xffff, 0xffff, 0xffff, 0xffff, 0xffff, 0xffff, 0xffff, 0xffff, 0xffff, 0xffff, 0xffff, 0xffff, 0xffff, 0xffff, 0xffff,
    0xffff, 0xffff, 0xffff, 0xffff, 0xffff, 0xffff, 0xffff, 0xffff, 0xffff, 0xffff, 0xffff, 0xffff, 0xffff, 0xffff, 0xffff, 0xffff,
    0xffff, 0xffff, 0xffff, 0xffff, 0xffff, 0xffff, 0xffff, 0xffff, 0xffff, 0xffff, 0xffff, 0xffff, 0xffff, 0xffff, 0xffff, 0xffff,
    0xffff, 0xffff, 0xffff, 0xffff, 0xffff, 0xffff, 0xffff, 0xffff, 0xffff, 0xffff, 0xffff, 0xffff, 0xffff, 0xffff, 0xffff, 0xffff,
    0xffff, 0xffff, 0xffff, 0xffff, 0xffff, 0xffff, 0xffff, 0xffff, 0xffff, 0xffff, 0xffff, 0xffff, 0xffff, 0xffff, 0xffff, 0xffff,
    0xffff, 0xffff, 0xffff, 0xffff, 0xffff, 0xffff, 0xffff, 0xffff, 0xffff, 0xffff, 0xffff, 0xffff, 0xffff, 0xffff, 0xffff, 0xffff,
    0xffff, 0xffff, 0xffff, 0xffff, 0xffff, 0xffff, 0xffff, 0xffff, 0xffff, 0xffff, 0xffff, 0xffff, 0xffff, 0xffff, 0xffff, 0xffff,
    0xffff, 0xffff, 0xffff, 0xffff, 0xffff, 0xffff, 0xffff, 0xffff, 0xffff, 0xffff, 0xffff, 0xffff, 0xffff, 0xffff, 0xffff, 0xffff,
    0xffff, 0xffff, 0xffff, 0xffff, 0xffff, 0xffff, 0xffff, 0xffff, 0xffff, 0xffff, 0xffff, 0xffff, 0xffff, 0xffff, 0xffff, 0xffff,
    0xffff, 0xffff, 0xffff, 0xffff, 0xffff, 0xffff, 0xffff, 0xffff, 0xffff, 0xffff, 0xffff, 0xffff, 0xffff, 0xffff, 0xffff, 0xffff,
    0xffff, 0xffff, 0xffff, 0xffff, 0xffff, 0xffff, 0xffff, 0xffff, 0xffff, 0xffff, 0xffff, 0xffff, 0xffff, 0xffff, 0xffff, 0xffff,
    0xffff, 0xffff, 0xffff, 0xffff, 0xffff, 0xffff, 0xffff, 0xffff, 0xffff, 0xffff, 0xffff, 0xffff, 0xffff, 0xffff, 0xf7be, 0xc67b,
    0xc69b, 0xbe5b, 0x4b10, 0x21ed, 0xc69c, 0xffff, 0xffff, 0xffff, 0xf7be, 0x098e, 0xa5b9, 0xffff, 0xffdf, 0xffdf, 0xffff, 0x4b73,
    0x62ab, 0xffb9, 0xffff, 0xffdf, 0xffff, 0xffff, 0xffff, 0xffff, 0xffff, 0xffff, 0xffff, 0xffff, 0xffff, 0xffdd, 0xff78, 0xff57,
    0xff57, 0xff36, 0xfe51, 0xff9c, 0xffff, 0xffff, 0xffff, 0xfffe, 0xff79, 0xff36, 0xfe72, 0xfe72, 0xfe93, 0xf58f, 0xf50c, 0xf4ec,
    0xf58d, 0xfdef, 0xccf1, 0x94b5, 0x4312, 0x3270, 0x1230, 0x5b52, 0x7371, 0x6c13, 0x94d5, 0xacd3, 0xc533, 0xacd4, 0xe571, 0xccf2,
    0xd531, 0xed70, 0xf590, 0xed0f, 0xc4f2, 0xedb1, 0xe572, 0xfe72, 0xf6b4, 0xf653, 0xf633, 0xf652, 0xfed4, 0xfe52, 0xfe93, 0xfe31,
    0xfe72, 0xfe92, 0xf590, 0xedd1, 0xff15, 0xfdf2, 0xfdd0, 0xf5b0, 0xbcf2, 0xcd94, 0x9cb5, 0x4312, 0x3291, 0x8454, 0xb4f5, 0x6372,
    0x8411, 0xf6b2, 0xffd9, 0xc639, 0x00ea, 0xae1b, 0xbeff, 0x961d, 0x1211, 0x3b75, 0xffff, 0xd6fd, 0x1231, 0xd6fd, 0xe77f, 0xc6de,
    0xef9f, 0xffff, 0xffdf, 0xf79e, 0xb65b, 0x224f, 0x19ce, 0x84d6, 0xffff, 0xffff, 0xadda, 0x4b12, 0x5b92, 0xffff, 0xffdf, 0xffff,
    0xffff, 0xffff, 0xffff, 0xffff, 0xffff, 0xffff, 0xffff, 0xffff, 0xffff, 0xffff, 0xffff, 0xffff, 0xffff, 0xffff, 0xffff, 0xffff,
    0xffff, 0xffff, 0xffff, 0xffff, 0xffff, 0xffff, 0xffff, 0xffff, 0xffff, 0xffff, 0xffff, 0xffff, 0xffff, 0xffff, 0xffff, 0xffff,
    0xffff, 0xffff, 0xffff, 0xffff, 0xffff, 0xffff, 0xffff, 0xffff, 0xffff, 0xffff, 0xffff, 0xffff, 0xffff, 0xffff, 0xffff, 0xffff,
    0xffff, 0xffff, 0xffff, 0xffff, 0xffff, 0xffff, 0xffff, 0xffff, 0xffff, 0xffff, 0xffff, 0xffff, 0xffff, 0xffff, 0xffff, 0xffff,
    0xffff, 0xffff, 0xffff, 0xffff, 0xffff, 0xffff, 0xffff, 0xffff, 0xffff, 0xffff, 0xffff, 0xffff, 0xffff, 0xffff, 0xffff, 0xffff,
    0xffff, 0xffff, 0xffff, 0xffff, 0xffff, 0xffff, 0xffff, 0xffff, 0xffff, 0xffff, 0xffff, 0xffff, 0xffff, 0xffff, 0xffff, 0xffff,
    0xffff, 0xffff, 0xffff, 0xffff, 0xffff, 0xffff, 0xffff, 0xffff, 0xffff, 0xffff, 0xffff, 0xffff, 0xffff, 0xffff, 0xffff, 0xffff,
    0xffff, 0xffff, 0xffff, 0xffff, 0xffff, 0xffff, 0xffff, 0xffff, 0xffff, 0xffff, 0xffff, 0xffff, 0xffff, 0xffff, 0xffff, 0xffff,
    0xffff, 0xffff, 0xffff, 0xffff, 0xffff, 0xffff, 0xffff, 0xffff, 0xffff, 0xffff, 0xffff, 0xffff, 0xffff, 0xffff, 0xffff, 0xffff,
    0xffff, 0xffff, 0xffff, 0xffff, 0xffff, 0xffff, 0xffff, 0xffff, 0xffff, 0xffff, 0xffff, 0xffff, 0xffff, 0xffff, 0xffff, 0xffff,
    0xffff, 0xffff, 0xffff, 0xffff, 0xffff, 0xffff, 0xffff, 0xffff, 0xffff, 0xffff, 0xffff, 0xffff, 0xffff, 0xffff, 0xffff, 0xffff,
    0xffff, 0xffff, 0xffff, 0xffff, 0xffff, 0xffff, 0xffff, 0xffff, 0xffff, 0xffff, 0xffdf, 0xffff, 0xffff, 0xffff, 0xdf1d, 0x118d,
    0x098e, 0x118d, 0xdf3d, 0xffff, 0xffff, 0xf7bf, 0xef9f, 0xffdf, 0xf7bf, 0x1a0f, 0x9558, 0xe7bf, 0xd73e, 0xf7df, 0xffff, 0x5393,
    0x5a8b, 0xff78, 0xffff, 0xffff, 0xffff, 0xffff, 0xffff, 0xffff, 0xffff, 0xffff, 0xffff, 0xffde, 0xfffe, 0xff79, 0xff57, 0xff57,
    0xff57, 0xff36, 0xfe51, 0xffbc, 0xffff, 0xffff, 0xffdd, 0xff78, 0xff77, 0xff36, 0xfed4, 0xfe93, 0xfe72, 0xfe11, 0xf58e, 0xf4ac,
    0xed0c, 0xf611, 0xfdce, 0xbcf2, 0x7c56, 0x8476, 0x4b32, 0x4333, 0x11ef, 0x4291, 0x6393, 0xa515, 0xbd13, 0x8496, 0xd531, 0xacb3,
    0xb4d3, 0xbcd2, 0xc4d2, 0xfd6f, 0xacd3, 0xdd92, 0xd512, 0xf5d0, 0xf5b0, 0xf5b2, 0xf5d1, 0xf5b0, 0xf653, 0xed91, 0xfdaf, 0xfe30,
    0xedd2, 0xf5b1, 0xf530, 0xed50, 0xfdf0, 0xc4f2, 0xbcf2, 0xfe10, 0xc534, 0x42f2, 0x3ab0, 0x4aef, 0x8455, 0x8c95, 0x9453, 0xacb2,
    0xfeb4, 0xff57, 0xfffb, 0xc659, 0x010b, 0xae3b, 0xb6be, 0x7dbd, 0x1211, 0x4396, 0xffff, 0xcedd, 0x11f0, 0xc6dd, 0xffff, 0xffff,
    0xc6dd, 0xefbf, 0xffff, 0xffff, 0xe77f, 0xf7df, 0xffff, 0xf7df, 0xf7df, 0xf7df, 0xffff, 0x74b7, 0x3290, 0xffff, 0xffff, 0xffff,
    0xffff, 0xffdf, 0xffdf, 0xffff, 0xd6dc, 0x9d58, 0x9d99, 0xadd9, 0xffff, 0xffff, 0xffff, 0xffff, 0xffff, 0xffff, 0xffff, 0xffff,
    0xffff, 0xffff, 0xffff, 0xffff, 0xffff, 0xffff, 0xffff, 0xffff, 0xffff, 0xffff, 0xffff, 0xffff, 0xffff, 0xffff, 0xffff, 0xffff,
    0xffff, 0xffff, 0xffff, 0xffff, 0xffff, 0xffff, 0xffff, 0xffff, 0xffff, 0xffff, 0xffff, 0xffff, 0xffff, 0xffff, 0xffff, 0xffff,
    0xffff, 0xffff, 0xffff, 0xffff, 0xffff, 0xffff, 0xffff, 0xffff, 0xffff, 0xffff, 0xffff, 0xffff, 0xffff, 0xffff, 0xffff, 0xffff,
    0xffff, 0xffff, 0xffff, 0xffff, 0xffff, 0xffff, 0xffff, 0xffff, 0xffff, 0xffff, 0xffff, 0xffff, 0xffff, 0xffff, 0xffff, 0xffff,
    0xffff, 0xffff, 0xffff, 0xffff, 0xffff, 0xffff, 0xffff, 0xffff, 0xffff, 0xffff, 0xffff, 0xffff, 0xffff, 0xffff, 0xffff, 0xffff,
    0xffff, 0xffff, 0xffff, 0xffff, 0xffff, 0xffff, 0xffff, 0xffff, 0xffff, 0xffff, 0xffff, 0xffff, 0xffff, 0xffff, 0xffff, 0xffff,
    0xffff, 0xffff, 0xffff, 0xffff, 0xffff, 0xffff, 0xffff, 0xffff, 0xffff, 0xffff, 0xffff, 0xffff, 0xffff, 0xffff, 0xffff, 0xffff,
    0xffff, 0xffff, 0xffff, 0xffff, 0xffff, 0xffff, 0xffff, 0xffff, 0xffff, 0xffff, 0xffff, 0xffff, 0xffff, 0xffff, 0xffff, 0xffff,
    0xffff, 0xffff, 0xffff, 0xffff, 0xffff, 0xffff, 0xffff, 0xffff, 0xffff, 0xffff, 0xffff, 0xffff, 0xffff, 0xffff, 0xffff, 0xffff,
    0xffff, 0xffff, 0xffff, 0xffff, 0xffff, 0xffff, 0xffff, 0xffff, 0xffff, 0xffff, 0xffff, 0xffff, 0xffff, 0xffff, 0xffff, 0xffff,
    0xffff, 0xffff, 0xffff, 0xffff, 0xffff, 0xffff, 0xffff, 0xffff, 0xffff, 0xffff, 0xffff, 0xd6dc, 0x2a2e, 0x2a50, 0x4311, 0xcebc,
    0xdf1d, 0xdf1d, 0xf7df, 0xffff, 0xefbf, 0xbebd, 0xd75e, 0xffdf, 0xf7bf, 0x11ef, 0x8539, 0xcf5f, 0xc6fe, 0xf7df, 0xffff, 0x5bb4,
    0x5a6b, 0xff17, 0xffff, 0xffff, 0xffff, 0xffff, 0xffff, 0xffff, 0xffff, 0xffff, 0xffff, 0xffbc, 0xff79, 0xff78, 0xff57, 0xff57,
    0xff58, 0xff36, 0xfe31, 0xff9c, 0xffff, 0xffff, 0xffdd, 0xff58, 0xff57, 0xff78, 0xff78, 0xfed5, 0xfe72, 0xfe92, 0xfe31, 0xf52d,
    0xecec, 0xed6f, 0xfe10, 0xf590, 0xacd2, 0x7c75, 0x84b7, 0x84b6, 0x7cb7, 0x3ab1, 0x2a30, 0x4b32, 0x6c14, 0x8c75, 0x9c73, 0x9494,
    0x9494, 0xbcd2, 0xacb3, 0xbcf2, 0xa495, 0xa4b4, 0xe572, 0xc533, 0xe5b2, 0xd532, 0xbd13, 0xed71, 0x9c94, 0xb4f4, 0xfdb0, 0xfdd0,
    0x9cb4, 0xd532, 0xd532, 0xc4f2, 0xe531, 0x9c93, 0x9495, 0xa4b3, 0x3aaf, 0x19cf, 0x6392, 0xb556, 0x7435, 0xac93, 0xfd8f, 0xfe93,
    0xff77, 0xffbc, 0xfffd, 0xc658, 0x012b, 0xae3c, 0xb6bf, 0x7d9d, 0x09d0, 0x6457, 0xd77f, 0xae3c, 0x1210, 0xc6bd, 0xf7df, 0xffdf,
    0xb69d, 0xbebe, 0xe77f, 0xffdf, 0xf7bf, 0xefbf, 0xcf1e, 0xdf5f, 0xffdf, 0xffff, 0xbede, 0x6c98, 0x4b11, 0x5373, 0x4b73, 0x4311,
    0x9537, 0xffff, 0xffff, 0xce9b, 0x6bf3, 0x21ee, 0x2a4f, 0x3a8f, 0xb61a, 0xffff, 0xffff, 0xffff, 0xffff, 0xffff, 0xffff, 0xffff,
    0xffff, 0xffff, 0xffff, 0xffff, 0xffff, 0xffff, 0xffff, 0xffff, 0xffff, 0xffff, 0xffff, 0xffff, 0xffff, 0xffff, 0xffff, 0xffff,
    0xffff, 0xffff, 0xffff, 0xffff, 0xffff, 0xffff, 0xffff, 0xffff, 0xffff, 0xffff, 0xffff, 0xffff, 0xffff, 0xffff, 0xffff, 0xffff,
    0xffff, 0xffff, 0xffff, 0xffff, 0xffff, 0xffff, 0xffff, 0xffff, 0xffff, 0xffff, 0xffff, 0xffff, 0xffff, 0xffff, 0xffff, 0xffff,
    0xffff, 0xffff, 0xffff, 0xffff, 0xffff, 0xffff, 0xffff, 0xffff, 0xffff, 0xffff, 0xffff, 0xffff, 0xffff, 0xffff, 0xffff, 0xffff,
    0xffff, 0xffff, 0xffff, 0xffff, 0xffff, 0xffff, 0xffff, 0xffff, 0xffff, 0xffff, 0xffff, 0xffff, 0xffff, 0xffff, 0xffff, 0xffff,
    0xffff, 0xffff, 0xffff, 0xffff, 0xffff, 0xffff, 0xffff, 0xffff, 0xffff, 0xffff, 0xffff, 0xffff, 0xffff, 0xffff, 0xffff, 0xffff,
    0xffff, 0xffff, 0xffff, 0xffff, 0xffff, 0xffff, 0xffff, 0xffff, 0xffff, 0xffff, 0xffff, 0xffff, 0xffff, 0xffff, 0xffff, 0xffff,
    0xffff, 0xffff, 0xffff, 0xffff, 0xffff, 0xffff, 0xffff, 0xffff, 0xffff, 0xffff, 0xffff, 0xffff, 0xffff, 0xffff, 0xffff, 0xffff,
    0xffff, 0xffff, 0xffff, 0xffff, 0xffff, 0xffff, 0xffff, 0xffff, 0xffff, 0xffff, 0xffff, 0xffff, 0xffff, 0xffff, 0xffff, 0xffff,
    0xffff, 0xffff, 0xffff, 0xffff, 0xffff, 0xffff, 0xffff, 0xffff, 0xffff, 0xffff, 0xffff, 0xffff, 0xffff, 0xffff, 0xffff, 0xffff,
    0xffff, 0xffff, 0xffff, 0xffff, 0xffff, 0xffff, 0xffff, 0xffff, 0xef9e, 0x7455, 0x7475, 0x6c14, 0x7c95, 0x8cf7, 0xa598, 0xffff,
    0xffff, 0xffff, 0xffff, 0xdf5e, 0xc6de, 0xcf1e, 0xefbf, 0xffff, 0xf7df, 0x22b2, 0x3b55, 0xae9e, 0xbeff, 0xdf5e, 0xffff, 0x5bd4,
    0x628b, 0xff16, 0xffbc, 0xffff, 0xffff, 0xffff, 0xffff, 0xffff, 0xffff, 0xffff, 0xff9b, 0xffbb, 0xff57, 0xff57, 0xff57, 0xff57,
    0xff78, 0xff36, 0xfe31, 0xffbd, 0xffff, 0xffff, 0xffff, 0xffdd, 0xff77, 0xff57, 0xff58, 0xfed5, 0xfe52, 0xfe72, 0xfe73, 0xf5af,
    0xf4ec, 0xeccc, 0xf5f0, 0xfe31, 0xf5af, 0xc533, 0x8475, 0x7c96, 0x7c77, 0x7cb7, 0x6c35, 0x3ad2, 0x2a50, 0x2210, 0x8c95, 0xa4b4,
    0x8c74, 0x8454, 0x8c95, 0x9cf5, 0x9cb5, 0x94b5, 0xa4d4, 0x94b5, 0x8c95, 0xcd12, 0x9c94, 0xa4d4, 0x9cb4, 0x94b5, 0xb4f3, 0xe571,
    0xcd32, 0xbd13, 0x94b5, 0x94b4, 0xbcf3, 0xd594, 0x4af1, 0x2a50, 0x73f1, 0x8c74, 0x8cd8, 0x7c56, 0xbd14, 0xf590, 0xfeb3, 0xff56,
    0xff98, 0xffbd, 0xfffb, 0xce14, 0x012b, 0xae3c, 0xaebf, 0x54db, 0x010e, 0x7cb8, 0xc71f, 0x857b, 0x09f0, 0xbebd, 0xefbf, 0xf7df,
    0xb69e, 0xa65e, 0x95fd, 0xc6fe, 0xffff, 0xdf7f, 0x6d1a, 0x9dfb, 0xffff, 0xefbf, 0x8ddc, 0x961d, 0xcedc, 0x4b32, 0x53b4, 0x5393,
    0x4332, 0x7c75, 0xadfa, 0x098d, 0x5393, 0xffff, 0xffff, 0xcedc, 0x014c, 0xb5fa, 0xffdf, 0xffff, 0xffff, 0xffff, 0xffff, 0xffff,
    0xffff, 0xffff, 0xffff, 0xffff, 0xffff, 0xffff, 0xffff, 0xffff, 0xffff, 0xffff, 0xffff, 0xffff, 0xffff, 0xffff, 0xffff, 0xffff,
    0xffff, 0xffff, 0xffff, 0xffff, 0xffff, 0xffff, 0xffff, 0xffff, 0xffff, 0xffff, 0xffff, 0xffff, 0xffff, 0xffff, 0xffff, 0xffff,
    0xffff, 0xffff, 0xffff, 0xffff, 0xffff, 0xffff, 0xffff, 0xffff, 0xffff, 0xffff, 0xffff, 0xffff, 0xffff, 0xffff, 0xffff, 0xffff,
    0xffff, 0xffff, 0xffff, 0xffff, 0xffff, 0xffff, 0xffff, 0xffff, 0xffff, 0xffff, 0xffff, 0xffff, 0xffff, 0xffff, 0xffff, 0xffff,
    0xffff, 0xffff, 0xffff, 0xffff, 0xffff, 0xffff, 0xffff, 0xffff, 0xffff, 0xffff, 0xffff, 0xffff, 0xffff, 0xffff, 0xffff, 0xffff,
    0xffff, 0xffff, 0xffff, 0xffff, 0xffff, 0xffff, 0xffff, 0xffff, 0xffff, 0xffff, 0xffff, 0xffff, 0xffff, 0xffff, 0xffff, 0xffff,
    0xffff, 0xffff, 0xffff, 0xffff, 0xffff, 0xffff, 0xffff, 0xffff, 0xffff, 0xffff, 0xffff, 0xffff, 0xffff, 0xffff, 0xffff, 0xffff,
    0xffff, 0xffff, 0xffff, 0xffff, 0xffff, 0xffff, 0xffff, 0xffff, 0xffff, 0xffff, 0xffff, 0xffff, 0xffff, 0xffff, 0xffff, 0xffff,
    0xffff, 0xffff, 0xffff, 0xffff, 0xffff, 0xffff, 0xffff, 0xffff, 0xffff, 0xffff, 0xffff, 0xffff, 0xffff, 0xffff, 0xffff, 0xffff,
    0xffff, 0xffff, 0xffff, 0xffff, 0xffff, 0xffff, 0xffff, 0xffff, 0xffff, 0xffff, 0xffff, 0xffff, 0xffff, 0xffff, 0xffff, 0xffff,
    0xffff, 0xffff, 0xffff, 0xffff, 0xffff, 0xf7bf, 0xcebc, 0xcebc, 0xadd9, 0x222f, 0x11ce, 0x5bb3, 0xffff, 0xffff, 0xffff, 0xffff,
    0xefbf, 0xc6de, 0xe79e, 0xffff, 0xd71e, 0xefbf, 0xffff, 0xefbf, 0xdf7f, 0xa65d, 0x11f0, 0x857b, 0xbeff, 0xd73e, 0xffff, 0x53b4,
    0x424d, 0xedd1, 0xfed4, 0xffff, 0xffff, 0xffff, 0xffff, 0xffff, 0xffdd, 0xffbb, 0xffbb, 0xff57, 0xff58, 0xff58, 0xff58, 0xff58,
    0xff78, 0xff36, 0xfe52, 0xffbd, 0xffff, 0xffff, 0xffde, 0xff9b, 0xff57, 0xff58, 0xff78, 0xff16, 0xfeb3, 0xfe72, 0xfe93, 0xfd8f,
    0xf4ec, 0xf4ec, 0xf5af, 0xfe31, 0xfdcf, 0xfdf0, 0xc553, 0x7c55, 0x7c76, 0x7476, 0x7c76, 0x84b7, 0x5bd4, 0x3291, 0x2a4f, 0x19ef,
    0x2250, 0x32b2, 0x53b4, 0x7436, 0x9cd5, 0xbd55, 0x7c96, 0x8cb5, 0x6c56, 0xbcf2, 0xcd33, 0x8c74, 0xa4d4, 0x9475, 0x9c94, 0x9473,
    0xbcf3, 0xa4f5, 0x4b53, 0x6bb3, 0x7c35, 0x42f1, 0x3ad0, 0x5b72, 0xb556, 0x9cb7, 0x8c96, 0xc533, 0xfdf1, 0xfeb4, 0xff56, 0xff99,
    0xffbd, 0xfffe, 0xe697, 0x4a8c, 0x096d, 0x9dfc, 0xa67e, 0x22d4, 0x5bf6, 0xae5d, 0xb6ff, 0x5cba, 0x014e, 0xbebd, 0xf7df, 0xf7df,
    0x95dc, 0x8ddd, 0x755c, 0x8dbc, 0xffff, 0xcf5f, 0x2b77, 0x74b8, 0xffff, 0xe77f, 0x7d7c, 0x755b, 0xf7ff, 0xffff, 0xffff, 0xffff,
    0xd6dc, 0x53b4, 0x00cc, 0x8d18, 0xef7e, 0xef9f, 0xdf3e, 0xe79f, 0x8d59, 0x09ae, 0xe77d, 0xffff, 0xffff, 0xffff, 0xffff, 0xffff,
    0xffff, 0xffff, 0xffff, 0xffff, 0xffff, 0xffff, 0xffff, 0xffff, 0xffff, 0xffff, 0xffff, 0xffff, 0xffff, 0xffff, 0xffff, 0xffff,
    0xffff, 0xffff, 0xffff, 0xffff, 0xffff, 0xffff, 0xffff, 0xffff, 0xffff, 0xffff, 0xffff, 0xffff, 0xffff, 0xffff, 0xffff, 0xffff,
    0xffff, 0xffff, 0xffff, 0xffff, 0xffff, 0xffff, 0xffff, 0xffff, 0xffff, 0xffff, 0xffff, 0xffff, 0xffff, 0xffff, 0xffff, 0xffff,
    0xffff, 0xffff, 0xffff, 0xffff, 0xffff, 0xffff, 0xffff, 0xffff, 0xffff, 0xffff, 0xffff, 0xffff, 0xffff, 0xffff, 0xffff, 0xffff,
    0xffff, 0xffff, 0xffff, 0xffff, 0xffff, 0xffff, 0xffff, 0xffff, 0xffff, 0xffff, 0xffff, 0xffff, 0xffff, 0xffff, 0xffff, 0xffff,
    0xffff, 0xffff, 0xffff, 0xffff, 0xffff, 0xffff, 0xffff, 0xffff, 0xffff, 0xffff, 0xffff, 0xffff, 0xffff, 0xffff, 0xffff, 0xffff,
    0xffff, 0xffff, 0xffff, 0xffff, 0xffff, 0xffff, 0xffff, 0xffff, 0xffff, 0xffff, 0xffff, 0xffff, 0xffff, 0xffff, 0xffff, 0xffff,
    0xffff, 0xffff, 0xffff, 0xffff, 0xffff, 0xffff, 0xffff, 0xffff, 0xffff, 0xffff, 0xffff, 0xffff, 0xffff, 0xffff, 0xffff, 0xffff,
    0xffff, 0xffff, 0xffff, 0xffff, 0xffff, 0xffff, 0xffff, 0xffff, 0xffff, 0xffff, 0xffff, 0xffff, 0xffff, 0xffff, 0xffff, 0xffff,
    0xffff, 0xffff, 0xffff, 0xffff, 0xffff, 0xffff, 0xffff, 0xffff, 0xffff, 0xffff, 0xffff, 0xffff, 0xffff, 0xffff, 0xffff, 0xffff,
    0xffdf, 0xffff, 0xffff, 0xffff, 0xffff, 0xdf3d, 0x09ad, 0x014d, 0x328f, 0xffff, 0xffff, 0xffff, 0xffdf, 0xffdf, 0xffff, 0xd75e,
    0xdf5e, 0xe79f, 0xef9f, 0xdf3e, 0xf7df, 0xe79f, 0xbede, 0xbede, 0xe77f, 0xef9f, 0x1a50, 0x3bb6, 0xa67e, 0xd73e, 0xf7df, 0xbe9c,
    0x2a91, 0x424c, 0xfed4, 0xffde, 0xffff, 0xffff, 0xffff, 0xffdd, 0xffdd, 0xff9a, 0xff77, 0xff58, 0xff58, 0xff58, 0xff58, 0xff58,
    0xff78, 0xff37, 0xfe52, 0xffbd, 0xffff, 0xffff, 0xffdd, 0xff79, 0xff58, 0xff58, 0xff57, 0xff78, 0xff36, 0xfe52, 0xfe92, 0xfdf0,
    0xf52d, 0xf4ec, 0xf56f, 0xfe51, 0xfdef, 0xfdef, 0xfdd0, 0xdd92, 0x8475, 0x7477, 0x7c76, 0x7456, 0x7c96, 0x6c15, 0x4b33, 0x42f3,
    0x11cf, 0x098e, 0x11f0, 0x2a51, 0x63d5, 0x5bd4, 0x3af2, 0x9475, 0x6c36, 0x9cd5, 0x9494, 0x7c55, 0x53d5, 0x8495, 0xb515, 0xa4f5,
    0x5b93, 0x53d6, 0x2251, 0x3ab1, 0x4312, 0x2a71, 0x94d6, 0xa517, 0x8476, 0x8c95, 0xc533, 0xfe70, 0xfe72, 0xff57, 0xff57, 0xff7b,
    0xffbc, 0xfffc, 0xc617, 0x00eb, 0x1a0f, 0x9e1d, 0x8dfe, 0x1210, 0x9dfc, 0xcf3f, 0x8d9b, 0x2b14, 0x43b6, 0xcefe, 0xffdf, 0xf7df,
    0x6d1a, 0x6d3c, 0x4c7a, 0x7d5b, 0xcf1e, 0x85bd, 0x2337, 0x84f8, 0xffff, 0xdf5f, 0x85bc, 0x7d7c, 0xf7df, 0xffdf, 0xffff, 0xf7df,
    0xe79f, 0xd71e, 0xbe3b, 0xf79e, 0xefbf, 0xc6fe, 0xc6de, 0xffff, 0xd6fd, 0x09af, 0x3af2, 0x3ad1, 0x32b0, 0x42d1, 0xef9e, 0xffff,
    0xffdf, 0xffff, 0xffff, 0xffff, 0xffff, 0xffff, 0xffff, 0xffff, 0xffff, 0xffff, 0xffff, 0xffff, 0xffff, 0xffff, 0xffff, 0xffff,
    0xffff, 0xffff, 0xffff, 0xffff, 0xffff, 0xffff, 0xffff, 0xffff, 0xffff, 0xffff, 0xffff, 0xffff, 0xffff, 0xffff, 0xffff, 0xffff,
    0xffff, 0xffff, 0xffff, 0xffff, 0xffff, 0xffff, 0xffff, 0xffff, 0xffff, 0xffff, 0xffff, 0xffff, 0xffff, 0xffff, 0xffff, 0xffff,
    0xffff, 0xffff, 0xffff, 0xffff, 0xffff, 0xffff, 0xffff, 0xffff, 0xffff, 0xffff, 0xffff, 0xffff, 0xffff, 0xffff, 0xffff, 0xffff,
    0xffff, 0xffff, 0xffff, 0xffff, 0xffff, 0xffff, 0xffff, 0xffff, 0xffff, 0xffff, 0xffff, 0xffff, 0xffff, 0xffff, 0xffff, 0xffff,
    0xffff, 0xffff, 0xffff, 0xffff, 0xffff, 0xffff, 0xffff, 0xffff, 0xffff, 0xffff, 0xffff, 0xffff, 0xffff, 0xffff, 0xffff, 0xffff,
    0xffff, 0xffff, 0xffff, 0xffff, 0xffff, 0xffff, 0xffff, 0xffff, 0xffff, 0xffff, 0xffff, 0xffff, 0xffff, 0xffff, 0xffff, 0xffff,
    0xffff, 0xffff, 0xffff, 0xffff, 0xffff, 0xffff, 0xffff, 0xffff, 0xffff, 0xffff, 0xffff, 0xffff, 0xffff, 0xffff, 0xffff, 0xffff,
    0xffff, 0xffff, 0xffff, 0xffff, 0xffff, 0xffff, 0xffff, 0xffff, 0xffff, 0xffff, 0xffff, 0xffff, 0xffff, 0xffff, 0xffff, 0xffff,
    0xffff, 0xffff, 0xffff, 0xffff, 0xffff, 0xffff, 0xffff, 0xffff, 0xffff, 0xffff, 0xffff, 0xffff, 0xffff, 0xffff, 0xffff, 0xffff,
    0xffff, 0xffff, 0xf7df, 0x4b11, 0x32b1, 0x4b52, 0xc69b, 0xd6fc, 0xdf3d, 0xffff, 0xffff, 0xffff, 0xffff, 0xf7df, 0xdf5e, 0xdf5f,
    0xf7bf, 0xffff, 0xe79f, 0xb67e, 0xefbf, 0xd75e, 0x64fc, 0x755c, 0xf7df, 0xffff, 0x84d7, 0x09f0, 0x859c, 0xb6be, 0xd73e, 0xefff,
    0x4374, 0x29cb, 0xfdef, 0xff17, 0xffdd, 0xffff, 0xfffe, 0xffbb, 0xff99, 0xff78, 0xff57, 0xff58, 0xff57, 0xff58, 0xff58, 0xff58,
    0xff78, 0xff37, 0xfe32, 0xffbd, 0xffff, 0xffff, 0xffff, 0xfffe, 0xff78, 0xff57, 0xff57, 0xff57, 0xff57, 0xfef5, 0xfe72, 0xfe93,
    0xfdf0, 0xf4ec, 0xf4ec, 0xf56e, 0xfdef, 0xfdcf, 0xfdcf, 0xfdcf, 0xd572, 0x8c95, 0x8475, 0x7456, 0x7456, 0x7c56, 0x7c97, 0x7c96,
    0x7c76, 0x6c36, 0x5395, 0x4b54, 0x09cf, 0x016d, 0x016e, 0x1a0f, 0x1a10, 0x1a31, 0x09cf, 0x220f, 0x11ce, 0x19ee, 0x2a2e, 0x2a0e,
    0x2a50, 0x2250, 0x4312, 0x6c15, 0x7435, 0x94f7, 0x8497, 0x7c57, 0x9495, 0xee13, 0xfe51, 0xfe31, 0xfef5, 0xff77, 0xffbc, 0xffdd,
    0xffbc, 0xfffe, 0xbe18, 0x00eb, 0x6cb8, 0xaebf, 0x85dd, 0x1210, 0x959b, 0xc73f, 0x6cb8, 0x09cf, 0x8dfe, 0xdf7f, 0xffff, 0xe7bf,
    0x5cba, 0x445b, 0x443a, 0x85bc, 0xae9e, 0x4419, 0x0254, 0x8518, 0xffff, 0xbebe, 0x7d9d, 0x9e1c, 0xffff, 0xf7df, 0xefbf, 0xcf1e,
    0x859c, 0xa61c, 0xffff, 0xefbf, 0xb69e, 0xc6fe, 0xffff, 0xc6fd, 0x8559, 0x018f, 0x2250, 0x6c35, 0xadd9, 0x3ab1, 0x3a70, 0xadb9,
    0xffff, 0xffff, 0xffff, 0xffff, 0xffff, 0xffff, 0xffff, 0xffff, 0xffff, 0xffff, 0xffff, 0xffff, 0xffff, 0xffff, 0xffff, 0xffff,
    0xffff, 0xffff, 0xffff, 0xffff, 0xffff, 0xffff, 0xffff, 0xffff, 0xffff, 0xffff, 0xffff, 0xffff, 0xffff, 0xffff, 0xffff, 0xffff,
    0xffff, 0xffff, 0xffff, 0xffff, 0xffff, 0xffff, 0xffff, 0xffff, 0xffff, 0xffff, 0xffff, 0xffff, 0xffff, 0xffff, 0xffff, 0xffff,
    0xffff, 0xffff, 0xffff, 0xffff, 0xffff, 0xffff, 0xffff, 0xffff, 0xffff, 0xffff, 0xffff, 0xffff, 0xffff, 0xffff, 0xffff, 0xffff,
    0xffff, 0xffff, 0xffff, 0xffff, 0xffff, 0xffff, 0xffff, 0xffff, 0xffff, 0xffff, 0xffff, 0xffff, 0xffff, 0xffff, 0xffff, 0xffff,
    0xffff, 0xffff, 0xffff, 0xffff, 0xffff, 0xffff, 0xffff, 0xffff, 0xffff, 0xffff, 0xffff, 0xffff, 0xffff, 0xffff, 0xffff, 0xffff,
    0xffff, 0xffff, 0xffff, 0xffff, 0xffff, 0xffff, 0xffff, 0xffff, 0xffff, 0xffff, 0xffff, 0xffff, 0xffff, 0xffff, 0xffff, 0xffff,
    0xffff, 0xffff, 0xffff, 0xffff, 0xffff, 0xffff, 0xffff, 0xffff, 0xffff, 0xffff, 0xffff, 0xffff, 0xffff, 0xffff, 0xffff, 0xffff,
    0xffff, 0xffff, 0xffff, 0xffff, 0xffff, 0xffff, 0xffff, 0xffff, 0xffff, 0xffff, 0xffff, 0xffff, 0xffff, 0xffff, 0xffff, 0xffff,
    0xffff, 0xffff, 0xffff, 0xffff, 0xffff, 0xffff, 0xffff, 0xffff, 0xffff, 0xffff, 0xffff, 0xffff, 0xffff, 0xffff, 0xffff, 0xef7e,
    0x9537, 0x9538, 0x84b5, 0x6bf4, 0x6c15, 0x8cf7, 0xffff, 0xffff, 0xffff, 0xffff, 0xffff, 0xffff, 0xef9f, 0xd73e, 0xe77e, 0xffff,
    0xffff, 0xdf5e, 0xbedf, 0xe77f, 0xffff, 0xc6de, 0x5cfc, 0x755c, 0xef9f, 0xe79f, 0xdf5f, 0x11ae, 0x7d3b, 0xb6df, 0xc6de, 0xe7df,
    0x5395, 0x31cc, 0xfdae, 0xfe51, 0xff37, 0xff9b, 0xff9b, 0xff99, 0xff78, 0xff77, 0xff58, 0xff58, 0xff57, 0xff58, 0xff58, 0xff58,
    0xff78, 0xff36, 0xfe32, 0xff59, 0xffbc, 0xffff, 0xffff, 0xffbc, 0xff57, 0xff57, 0xff58, 0xff58, 0xff57, 0xff37, 0xfe93, 0xfe72,
    0xfe52, 0xf58f, 0xf4cc, 0xf50d, 0xfdcf, 0xfdef, 0xfdcf, 0xfdcf, 0xfdcf, 0xedb0, 0xdd72, 0x8475, 0x8475, 0x7456, 0x7456, 0x7456,
    0x7456, 0x7476, 0x7c97, 0x7c76, 0x63f5, 0x63d5, 0x63f5, 0x5bd5, 0x53b5, 0x5b94, 0x5b94, 0x5394, 0x5b94, 0x5394, 0x5394, 0x5374,
    0x7436, 0x8497, 0x8496, 0x84b6, 0x8497, 0x7c76, 0x8c75, 0xc574, 0xee12, 0xfe31, 0xfe10, 0xfed4, 0xff78, 0xff58, 0xffdd, 0xffff,
    0xffde, 0xffbc, 0xa4d2, 0x00ab, 0x74f9, 0x9e7e, 0x64da, 0x09cf, 0xa5fb, 0xb6ff, 0x5457, 0x1210, 0xa65e, 0xf7df, 0xdf5e, 0x9e3d,
    0x5cdb, 0x445b, 0x445a, 0x8ddd, 0xa65e, 0x2b57, 0x01d2, 0x8518, 0xffff, 0x8ddc, 0x755d, 0x9e1d, 0xffff, 0xd73f, 0xae9e, 0x9e3e,
    0x74fa, 0xcefd, 0xffff, 0xbebd, 0xae5d, 0xf7df, 0xffff, 0x4bb5, 0x01b0, 0x5c16, 0xf7ff, 0xffff, 0xffff, 0xd6dc, 0x7bf4, 0x7c96,
    0x9518, 0x84d6, 0x84b6, 0xcebc, 0xffff, 0xffff, 0xffff, 0xffff, 0xffff, 0xffff, 0xffff, 0xffff, 0xffff, 0xffff, 0xffff, 0xffff,
    0xffff, 0xffff, 0xffff, 0xffff, 0xffff, 0xffff, 0xffff, 0xffff, 0xffff, 0xffff, 0xffff, 0xffff, 0xffff, 0xffff, 0xffff, 0xffff,
    0xffff, 0xffff, 0xffff, 0xffff, 0xffff, 0xffff, 0xffff, 0xffff, 0xffff, 0xffff, 0xffff, 0xffff, 0xffff, 0xffff, 0xffff, 0xffff,
    0xffff, 0xffff, 0xffff, 0xffff, 0xffff, 0xffff, 0xffff, 0xffff, 0xffff, 0xffff, 0xffff, 0xffff, 0xffff, 0xffff, 0xffff, 0xffff,
    0xffff, 0xffff, 0xffff, 0xffff, 0xffff, 0xffff, 0xffff, 0xffff, 0xffff, 0xffff, 0xffff, 0xffff, 0xffff, 0xffff, 0xffff, 0xffff,
    0xffff, 0xffff, 0xffff, 0xffff, 0xffff, 0xffff, 0xffff, 0xffff, 0xffff, 0xffff, 0xffff, 0xffff, 0xffff, 0xffff, 0xffff, 0xffff,
    0xffff, 0xffff, 0xffff, 0xffff, 0xffff, 0xffff, 0xffff, 0xffff, 0xffff, 0xffff, 0xffff, 0xffff, 0xffff, 0xffff, 0xffff, 0xffff,
    0xffff, 0xffff, 0xffff, 0xffff, 0xffff, 0xffff, 0xffff, 0xffff, 0xffff, 0xffff, 0xffff, 0xffff, 0xffff, 0xffff, 0xffff, 0xffff,
    0xffff, 0xffff, 0xffff, 0xffff, 0xffff, 0xffff, 0xffff, 0xffff, 0xffff, 0xffff, 0xffff, 0xffff, 0xffff, 0xffff, 0xffff, 0xffff,
    0xffff, 0xffff, 0xffff, 0xffff, 0xffff, 0xffff, 0xffff, 0xffff, 0xffff, 0xffff, 0xffff, 0xffdf, 0xffdf, 0xf7df, 0xffff, 0xc67b,
    0x11ad, 0x11ce, 0x2a2e, 0xf7df, 0xffff, 0xffff, 0xffff, 0xffff, 0xffff, 0xffff, 0xe77e, 0xcf1e, 0xcf1e, 0xd73e, 0xffff, 0xf7df,
    0xcf1e, 0xc6ff, 0xae7e, 0xdf5e, 0xffff, 0xae7d, 0x64fc, 0x755c, 0xef9f, 0xd75f, 0xbedd, 0x2251, 0x43d6, 0x8ddd, 0x9e1d, 0xe7bf,
    0x4b94, 0x194a, 0xf590, 0xfdcf, 0xff36, 0xff99, 0xffbb, 0xff78, 0xff78, 0xff78, 0xff78, 0xff58, 0xff58, 0xff58, 0xff58, 0xff58,
    0xff78, 0xff37, 0xfe51, 0xfe51, 0xfef7, 0xffff, 0xffdc, 0xff78, 0xff77, 0xff77, 0xff58, 0xff58, 0xff57, 0xff57, 0xfeb4, 0xfe51,
    0xfe92, 0xfdf0, 0xf4ed, 0xf50c, 0xfdaf, 0xfdf0, 0xfdef, 0xfdcf, 0xfdcf, 0xfdcf, 0xf5cf, 0xf5d0, 0xc533, 0x7c76, 0x8c95, 0x7c96,
    0x7456, 0x7477, 0x7476, 0x7477, 0x7c97, 0x7c97, 0x7c97, 0x7cb7, 0x7cb7, 0x7c97, 0x7c97, 0x7c97, 0x7c97, 0x7c97, 0x7c97, 0x7cb7,
    0x7497, 0x7477, 0x7c77, 0x9cb5, 0x9495, 0x9cb4, 0xe5f2, 0xfe71, 0xfe71, 0xfe72, 0xfeb3, 0xff37, 0xff78, 0xffdd, 0xffff, 0xffff,
    0xffff, 0xff37, 0x93cd, 0x00cc, 0x74f9, 0x8e1e, 0x43f7, 0x016d, 0xae3c, 0xaebf, 0x3376, 0x1a72, 0xcf3f, 0xffff, 0xcf1e, 0x95fe,
    0x5cdb, 0x3c5a, 0x4c9b, 0x8dbd, 0x6d5b, 0x0a33, 0x7cd8, 0xe75e, 0xf7df, 0x85bc, 0x6d3d, 0xa65d, 0xcf1f, 0x9e3d, 0xa65e, 0x7d5b,
    0xa63c, 0xffff, 0xffff, 0xa65d, 0x9e3d, 0xffff, 0xcedc, 0x1251, 0x2ad4, 0xdf7f, 0xe79f, 0xdf3e, 0xd71e, 0xd73e, 0xf7ff, 0x8517,
    0x010d, 0x32b1, 0x2a70, 0x4b52, 0x3ab1, 0x9517, 0xffff, 0xffbf, 0xffdf, 0xffff, 0xffff, 0xffff, 0xffff, 0xffff, 0xffff, 0xffff,
    0xffff, 0xffff, 0xffff, 0xffff, 0xffff, 0xffff, 0xffff, 0xffff, 0xffff, 0xffff, 0xffff, 0xffff, 0xffff, 0xffff, 0xffff, 0xffff,
    0xffff, 0xffff, 0xffff, 0xffff, 0xffff, 0xffff, 0xffff, 0xffff, 0xffff, 0xffff, 0xffff, 0xffff, 0xffff, 0xffff, 0xffff, 0xffff,
    0xffff, 0xffff, 0xffff, 0xffff, 0xffff, 0xffff, 0xffff, 0xffff, 0xffff, 0xffff, 0xffff, 0xffff, 0xffff, 0xffff, 0xffff, 0xffff,
    0xffff, 0xffff, 0xffff, 0xffff, 0xffff, 0xffff, 0xffff, 0xffff, 0xffff, 0xffff, 0xffff, 0xffff, 0xffff, 0xffff, 0xffff, 0xffff,
    0xffff, 0xffff, 0xffff, 0xffff, 0xffff, 0xffff, 0xffff, 0xffff, 0xffff, 0xffff, 0xffff, 0xffff, 0xffff, 0xffff, 0xffff, 0xffff,
    0xffff, 0xffff, 0xffff, 0xffff, 0xffff, 0xffff, 0xffff, 0xffff, 0xffff, 0xffff, 0xffff, 0xffff, 0xffff, 0xffff, 0xffff, 0xffff,
    0xffff, 0xffff, 0xffff, 0xffff, 0xffff, 0xffff, 0xffff, 0xffff, 0xffff, 0xffff, 0xffff, 0xffff, 0xffff, 0xffff, 0xffff, 0xffff,
    0xffff, 0xffff, 0xffff, 0xffff, 0xffff, 0xffff, 0xffff, 0xffff, 0xffff, 0xffff, 0xffff, 0xffff, 0xffff, 0xffff, 0xffff, 0xffff,
    0xffff, 0xffff, 0xffff, 0xffff, 0xffff, 0xffff, 0xffff, 0xffff, 0xffff, 0xffff, 0xffff, 0xffff, 0xdf1c, 0x19ed, 0x11ce, 0x328f,
    0xef7e, 0xf7df, 0xf7df, 0xffdf, 0xffdf, 0xffdf, 0xffff, 0xffff, 0xf7bf, 0xd71e, 0xbedd, 0xcf1e, 0xffff, 0xffff, 0xd71e, 0xbe9e,
    0xb6bf, 0xae7e, 0xa65e, 0xd75f, 0xefbf, 0x753b, 0x651c, 0x753c, 0xefbf, 0xc6df, 0xbf3f, 0x8dfd, 0x016e, 0x5437, 0x9e5e, 0xd75f,
    0xbe5c, 0x6c35, 0x29ab, 0xcd10, 0xfe93, 0xff37, 0xff78, 0xff78, 0xff78, 0xff78, 0xff78, 0xff78, 0xff58, 0xff58, 0xff58, 0xff58,
    0xff78, 0xff37, 0xfe51, 0xfe11, 0xfeb5, 0xffff, 0xff9a, 0xff57, 0xff78, 0xff58, 0xff58, 0xff58, 0xff58, 0xff78, 0xfef5, 0xfe73,
    0xfe52, 0xfe72, 0xfdd0, 0xf50c, 0xfd8e, 0xfdf0, 0xfdcf, 0xfdcf, 0xfdcf, 0xfdcf, 0xfdcf, 0xfdce, 0xf5b0, 0xe591, 0xf5d1, 0xbd33,
    0x7c76, 0x8476, 0x7c76, 0x7c77, 0x7477, 0x7477, 0x7477, 0x7c77, 0x7c77, 0x7c76, 0x7476, 0x7477, 0x7477, 0x7477, 0x7457, 0x8496,
    0x8c95, 0x8495, 0x8496, 0xacb3, 0xe5b1, 0xfe73, 0xfe93, 0xfe72, 0xfe52, 0xfe93, 0xff98, 0xff99, 0xff7a, 0xffdf, 0xffff, 0xffff,
    0xffdb, 0xc50e, 0x21ad, 0x5c37, 0x9e3d, 0x755c, 0x1a93, 0x74d9, 0xb6be, 0x85dd, 0x09f1, 0x2271, 0xd75f, 0xffff, 0xcf1e, 0x5cfb,
    0x549b, 0x445a, 0x5cbb, 0x85dd, 0x4cbb, 0x0211, 0xc69b, 0xffff, 0xdf5e, 0x6d1c, 0x757c, 0xae7d, 0x6d3b, 0x753b, 0x64fb, 0x751a,
    0xf7bf, 0xffff, 0xae7d, 0xae7e, 0xd73e, 0xffff, 0x3af1, 0x1ad4, 0x8ddd, 0xb69e, 0x9e1d, 0x8ddc, 0x8ddc, 0xae5d, 0xb69d, 0xb65c,
    0xdf3d, 0xffff, 0xffff, 0xdf3e, 0xb5d9, 0x63f5, 0x6393, 0xffff, 0xffff, 0xffff, 0xffff, 0xffff, 0xffff, 0xffff, 0xffff, 0xffff,
    0xffff, 0xffff, 0xffff, 0xffff, 0xffff, 0xffff, 0xffff, 0xffff, 0xffff, 0xffff, 0xffff, 0xffff, 0xffff, 0xffff, 0xffff, 0xffff,
    0xffff, 0xffff, 0xffff, 0xffff, 0xffff, 0xffff, 0xffff, 0xffff, 0xffff, 0xffff, 0xffff, 0xffff, 0xffff, 0xffff, 0xffff, 0xffff,
    0xffff, 0xffff, 0xffff, 0xffff, 0xffff, 0xffff, 0xffff, 0xffff, 0xffff, 0xffff, 0xffff, 0xffff, 0xffff, 0xffff, 0xffff, 0xffff,
    0xffff, 0xffff, 0xffff, 0xffff, 0xffff, 0xffff, 0xffff, 0xffff, 0xffff, 0xffff, 0xffff, 0xffff, 0xffff, 0xffff, 0xffff, 0xffff,
    0xffff, 0xffff, 0xffff, 0xffff, 0xffff, 0xffff, 0xffff, 0xffff, 0xffff, 0xffff, 0xffff, 0xffff, 0xffff, 0xffff, 0xffff, 0xffff,
    0xffff, 0xffff, 0xffff, 0xffff, 0xffff, 0xffff, 0xffff, 0xffff, 0xffff, 0xffff, 0xffff, 0xffff, 0xffff, 0xffff, 0xffff, 0xffff,
    0xffff, 0xffff, 0xffff, 0xffff, 0xffff, 0xffff, 0xffff, 0xffff, 0xffff, 0xffff, 0xffff, 0xffff, 0xffff, 0xffff, 0xffff, 0xffff,
    0xffff, 0xffff, 0xffff, 0xffff, 0xffff, 0xffff, 0xffff, 0xffff, 0xffff, 0xffff, 0xffff, 0xffff, 0xffff, 0xffff, 0xffff, 0xffff,
    0xffff, 0xffff, 0xffff, 0xffff, 0xffff, 0xffff, 0xffff, 0xffff, 0xffff, 0xef7e, 0x9538, 0x9538, 0x84b6, 0x84b6, 0x8d18, 0xa599,
    0xffff, 0xffff, 0xffff, 0xffff, 0xffff, 0xffff, 0xf7df, 0xf7bf, 0xdf7f, 0xb6be, 0xdf7e, 0xe77f, 0xdf7f, 0xe79f, 0xbede, 0xae9e,
    0xb6be, 0x7d7d, 0xae7e, 0xf7df, 0xe79f, 0x6d1c, 0x651c, 0x753c, 0xefbf, 0xbede, 0x857b, 0x85bd, 0x11f0, 0x43b6, 0x961e, 0xb69d,
    0xdfdf, 0xae3b, 0x00cb, 0xbc8e, 0xfe0f, 0xfef5, 0xff58, 0xff57, 0xff57, 0xff78, 0xff78, 0xff78, 0xff78, 0xff58, 0xff58, 0xff58,
    0xff58, 0xff37, 0xfe51, 0xfe30, 0xfeb5, 0xffff, 0xff9a, 0xff57, 0xff78, 0xff58, 0xff58, 0xff58, 0xff58, 0xff58, 0xff78, 0xfeb4,
    0xfe52, 0xfe52, 0xfe52, 0xfd8f, 0xf50d, 0xfd8e, 0xfe10, 0xfdcf, 0xfdcf, 0xfdcf, 0xfdcf, 0xfdcf, 0xfdaf, 0xfdae, 0xfdae, 0xf5b0,
    0xf5b1, 0xb4f3, 0x7c76, 0x8496, 0x8496, 0x8496, 0x8496, 0x7c77, 0x7497, 0x7477, 0x7477, 0x7477, 0x7c76, 0x8496, 0x8496, 0xa4d4,
    0xd530, 0xed50, 0xe52f, 0xddb2, 0xf653, 0xfe92, 0xfe93, 0xfe92, 0xfe93, 0xfef5, 0xff78, 0xff7a, 0xfffe, 0xffff, 0xffff, 0xfffe,
    0xeeb6, 0x5acd, 0x00cc, 0x857a, 0xa67f, 0x5438, 0x018f, 0xa63d, 0xb6bf, 0x755c, 0x01d0, 0x53f6, 0xdf7f, 0xffff, 0xc6fe, 0x445a,
    0x445b, 0x445b, 0x54bb, 0x6d1c, 0x2356, 0x01b0, 0xbe7b, 0xffff, 0xc71e, 0x85bd, 0x757c, 0x6d3b, 0x64fb, 0x755c, 0x5c99, 0xae5c,
    0xffff, 0xffdf, 0x8ddd, 0xcefe, 0xffff, 0xffff, 0x32f2, 0x4c39, 0x85fe, 0x7d7c, 0xb69d, 0xf7bf, 0xefbf, 0xffff, 0xffff, 0xffff,
    0xffff, 0xdf3e, 0xcefe, 0xdf5e, 0xffff, 0xadd9, 0x5332, 0x9537, 0xadda, 0xa5b9, 0xa5b9, 0xa598, 0xdefc, 0xffff, 0xffdf, 0xffff,
    0xffff, 0xffff, 0xffff, 0xffff, 0xffff, 0xffff, 0xffff, 0xffff, 0xffff, 0xffff, 0xffff, 0xffff, 0xffff, 0xffff, 0xffff, 0xffff,
    0xffff, 0xffff, 0xffff, 0xffff, 0xffff, 0xffff, 0xffff, 0xffff, 0xffff, 0xffff, 0xffff, 0xffff, 0xffff, 0xffff, 0xffff, 0xffff,
    0xffff, 0xffff, 0xffff, 0xffff, 0xffff, 0xffff, 0xffff, 0xffff, 0xffff, 0xffff, 0xffff, 0xffff, 0xffff, 0xffff, 0xffff, 0xffff,
    0xffff, 0xffff, 0xffff, 0xffff, 0xffff, 0xffff, 0xffff, 0xffff, 0xffff, 0xffff, 0xffff, 0xffff, 0xffff, 0xffff, 0xffff, 0xffff,
    0xffff, 0xffff, 0xffff, 0xffff, 0xffff, 0xffff, 0xffff, 0xffff, 0xffff, 0xffff, 0xffff, 0xffff, 0xffff, 0xffff, 0xffff, 0xffff,
    0xffff, 0xffff, 0xffff, 0xffff, 0xffff, 0xffff, 0xffff, 0xffff, 0xffff, 0xffff, 0xffff, 0xffff, 0xffff, 0xffff, 0xffff, 0xffff,
    0xffff, 0xffff, 0xffff, 0xffff, 0xffff, 0xffff, 0xffff, 0xffff, 0xffff, 0xffff, 0xffff, 0xffff, 0xffff, 0xffff, 0xffff, 0xffff,
    0xffff, 0xffff, 0xffff, 0xffff, 0xffff, 0xffff, 0xffff, 0xffff, 0xffff, 0xffff, 0xffff, 0xffff, 0xffff, 0xffff, 0xffff, 0xffff,
    0xffff, 0xffff, 0xffff, 0xffff, 0xffdf, 0xffdf, 0xf7bf, 0xef9e, 0xf7bf, 0xbe3a, 0x096d, 0x098e, 0x3ad0, 0xffff, 0xffff, 0xffff,
    0xffff, 0xffff, 0xffff, 0xffff, 0xffff, 0xf7df, 0xcefe, 0xae9d, 0xcf1e, 0xffff, 0xf7df, 0xc6de, 0xae7e, 0xae9e, 0xae9e, 0xb6bf,
    0xbedf, 0x757d, 0xb69d, 0xffff, 0xdf5e, 0x6d3b, 0x651c, 0x753b, 0xefdf, 0xa65d, 0x0190, 0x5c99, 0x5438, 0x09d0, 0x757d, 0x859d,
    0xc73f, 0x9d99, 0x0089, 0xc4cf, 0xfe51, 0xf672, 0xff57, 0xff78, 0xff57, 0xff77, 0xff78, 0xff77, 0xff78, 0xff58, 0xff58, 0xff58,
    0xff58, 0xff37, 0xfe52, 0xfe11, 0xfeb4, 0xfffe, 0xff9a, 0xff57, 0xff78, 0xff57, 0xff58, 0xff58, 0xff57, 0xff57, 0xff58, 0xff36,
    0xfe93, 0xfe51, 0xfe52, 0xfe31, 0xfdcf, 0xf5af, 0xfdcf, 0xfdef, 0xfdcf, 0xfdcf, 0xfdcf, 0xfdcf, 0xfdcf, 0xfdaf, 0xfdaf, 0xfdaf,
    0xfdaf, 0xf5b0, 0xedb1, 0xedb1, 0xe5b1, 0xf5b0, 0xd572, 0x8c95, 0x8cb5, 0x8c96, 0x8c95, 0x8496, 0xbd14, 0xf5b0, 0xedb0, 0xf58f,
    0xf54e, 0xfdaf, 0xfe52, 0xfe92, 0xfeb2, 0xfe73, 0xfe93, 0xfe72, 0xff16, 0xff78, 0xff79, 0xffff, 0xffff, 0xffff, 0xffff, 0xfffc,
    0xc571, 0x00aa, 0x32d3, 0x8ddd, 0x963e, 0x2af4, 0x2251, 0xae9e, 0x8dfd, 0x1ab4, 0x11ef, 0xbede, 0xefbf, 0xffff, 0xa63d, 0x445a,
    0x447a, 0x447a, 0x4c7a, 0x3bf9, 0x0212, 0x84f8, 0xef9e, 0xffff, 0xc71f, 0x95dd, 0x755c, 0x5cdb, 0x3c19, 0x8dbc, 0xf7bf, 0xf7bf,
    0xffff, 0xf7df, 0x95dd, 0xc6fe, 0xffff, 0xffff, 0x3af2, 0x4439, 0x7d5c, 0xdf7e, 0xffff, 0xffff, 0xffff, 0xffff, 0xffff, 0xffff,
    0xffff, 0xefbf, 0xf7bf, 0xffdf, 0xf7df, 0xffff, 0xc69b, 0x1a0e, 0x012c, 0x016c, 0x1a0e, 0x11ad, 0x42d0, 0xd6fc, 0xffff, 0xffff,
    0xffff, 0xffff, 0xffff, 0xffff, 0xffff, 0xffff, 0xffff, 0xffff, 0xffff, 0xffff, 0xffff, 0xffff, 0xffff, 0xffff, 0xffff, 0xffff,
    0xffff, 0xffff, 0xffff, 0xffff, 0xffff, 0xffff, 0xffff, 0xffff, 0xffff, 0xffff, 0xffff, 0xffff, 0xffff, 0xffff, 0xffff, 0xffff,
    0xffff, 0xffff, 0xffff, 0xffff, 0xffff, 0xffff, 0xffff, 0xffff, 0xffff, 0xffff, 0xffff, 0xffff, 0xffff, 0xffff, 0xffff, 0xffff,
    0xffff, 0xffff, 0xffff, 0xffff, 0xffff, 0xffff, 0xffff, 0xffff, 0xffff, 0xffff, 0xffff, 0xffff, 0xffff, 0xffff, 0xffff, 0xffff,
    0xffff, 0xffff, 0xffff, 0xffff, 0xffff, 0xffff, 0xffff, 0xffff, 0xffff, 0xffff, 0xffff, 0xffff, 0xffff, 0xffff, 0xffff, 0xffff,
    0xffff, 0xffff, 0xffff, 0xffff, 0xffff, 0xffff, 0xffff, 0xffff, 0xffff, 0xffff, 0xffff, 0xffff, 0xffff, 0xffff, 0xffff, 0xffff,
    0xffff, 0xffff, 0xffff, 0xffff, 0xffff, 0xffff, 0xffff, 0xffff, 0xffff, 0xffff, 0xffff, 0xffff, 0xffff, 0xffff, 0xffff, 0xffff,
    0xffff, 0xffff, 0xffff, 0xffff, 0xffff, 0xffff, 0xffff, 0xffff, 0xffff, 0xffff, 0xffff, 0xffff, 0xffff, 0xffff, 0xffff, 0xffff,
    0xffff, 0xffff, 0xffff, 0xffff, 0xffff, 0xffff, 0x5bb2, 0x092c, 0x096d, 0x5352, 0xef9e, 0xef9e, 0xf7be, 0xffff, 0xffff, 0xffff,
    0xffff, 0xffff, 0xf7df, 0xe75e, 0xefbf, 0xc6de, 0xbede, 0xefbf, 0xf7ff, 0xc6fe, 0xb6be, 0xb69e, 0xb69f, 0xb6be, 0xb6bf, 0xa65e,
    0x95fd, 0x755d, 0x9e1d, 0xcf1f, 0x9e1d, 0x64fc, 0x651c, 0x753b, 0xf7df, 0xae7d, 0x01b0, 0x5cba, 0x8ddd, 0x016e, 0x5459, 0x85fe,
    0xb6df, 0xbe9e, 0x84f8, 0x4aae, 0xc4ef, 0xfe10, 0xfed4, 0xff57, 0xff58, 0xff58, 0xff58, 0xff58, 0xff78, 0xff58, 0xff58, 0xff57,
    0xff58, 0xff37, 0xfe31, 0xfe11, 0xfe52, 0xfef5, 0xff36, 0xff57, 0xff77, 0xff58, 0xff58, 0xff58, 0xff58, 0xff58, 0xff57, 0xff78,
    0xff16, 0xfe52, 0xfe51, 0xfe52, 0xfe72, 0xf5d0, 0xed0d, 0xfdf0, 0xfdcf, 0xfdcf, 0xfdcf, 0xfdcf, 0xfdcf, 0xfdcf, 0xfdaf, 0xfdaf,
    0xfdaf, 0xfdcf, 0xfdcf, 0xfdcf, 0xfdaf, 0xfdaf, 0xfdcf, 0xf5d0, 0xf5d0, 0xf5b0, 0xf5b0, 0xf5b0, 0xf5af, 0xfd8e, 0xfd8e, 0xfdae,
    0xfdf0, 0xfe52, 0xfeb3, 0xfe93, 0xfe93, 0xfe93, 0xfe93, 0xfef5, 0xff57, 0xff79, 0xffdd, 0xffff, 0xffff, 0xffff, 0xffdd, 0xff16,
    0xccce, 0x00ab, 0x32f2, 0x965e, 0x6d5c, 0x09b0, 0x5c16, 0xc73f, 0x6cb9, 0x0190, 0x09ce, 0xcefd, 0xffff, 0xf7ff, 0x753b, 0x3c3a,
    0x4c7b, 0x4c7b, 0x445a, 0x12f6, 0x0a72, 0xdf3d, 0xffff, 0xe79e, 0x961d, 0x5cdb, 0x5cdb, 0x549a, 0x5cda, 0x6cf9, 0xdf5e, 0xffff,
    0xffff, 0xe77f, 0x6d1b, 0xcf1e, 0xffff, 0xffff, 0x2a92, 0x64b9, 0xdf5e, 0xf7df, 0xef9f, 0xf7df, 0xffff, 0xffff, 0xf7bf, 0xef9f,
    0xdf1e, 0xf7df, 0xffff, 0xffff, 0xdf5e, 0xdf3d, 0xffff, 0xd75e, 0xb61a, 0xd6dc, 0xffff, 0xffff, 0xadd9, 0x4b52, 0x5372, 0x5393,
    0x5372, 0x63d3, 0xffff, 0xffff, 0xffff, 0xffff, 0xffff, 0xffff, 0xffff, 0xffff, 0xffff, 0xffff, 0xffff, 0xffff, 0xffff, 0xffff,
    0xffff, 0xffff, 0xffff, 0xffff, 0xffff, 0xffff, 0xffff, 0xffff, 0xffff, 0xffff, 0xffff, 0xffff, 0xffff, 0xffff, 0xffff, 0xffff,
    0xffff, 0xffff, 0xffff, 0xffff, 0xffff, 0xffff, 0xffff, 0xffff, 0xffff, 0xffff, 0xffff, 0xffff, 0xffff, 0xffff, 0xffff, 0xffff,
    0xffff, 0xffff, 0xffff, 0xffff, 0xffff, 0xffff, 0xffff, 0xffff, 0xffff, 0xffff, 0xffff, 0xffff, 0xffff, 0xffff, 0xffff, 0xffff,
    0xffff, 0xffff, 0xffff, 0xffff, 0xffff, 0xffff, 0xffff, 0xffff, 0xffff, 0xffff, 0xffff, 0xffff, 0xffff, 0xffff, 0xffff, 0xffff,
    0xffff, 0xffff, 0xffff, 0xffff, 0xffff, 0xffff, 0xffff, 0xffff, 0xffff, 0xffff, 0xffff, 0xffff, 0xffff, 0xffff, 0xffff, 0xffff,
    0xffff, 0xffff, 0xffff, 0xffff, 0xffff, 0xffff, 0xffff, 0xffff, 0xffff, 0xffff, 0xffff, 0xffff, 0xffff, 0xffff, 0xffff, 0xffff,
    0xffff, 0xffff, 0xffff, 0xffff, 0xffff, 0xffff, 0xffff, 0xffff, 0xffff, 0xffff, 0xffff, 0xffff, 0xffff, 0xffff, 0xffff, 0xffff,
    0xffff, 0xffff, 0xffff, 0xb5f9, 0x6c14, 0x6bf4, 0x84b6, 0xa578, 0xa598, 0xc67b, 0xffff, 0xffff, 0xffff, 0xffff, 0xffff, 0xffff,
    0xf7bf, 0xf7bf, 0xdf7f, 0xcf1e, 0xefbf, 0xd71e, 0xf7df, 0xefbf, 0xcf1e, 0xb69e, 0xae9e, 0xae9e, 0xae9e, 0xa67e, 0x9e3e, 0x7d9d,
    0x64fc, 0x651c, 0x961d, 0xcf1f, 0x8ddd, 0x5cfc, 0x651c, 0x6d3b, 0xf7df, 0xe77e, 0x1252, 0x22f4, 0x85bd, 0x5417, 0x22b3, 0x6d3b,
    0xbedf, 0xc6ff, 0xbeff, 0x018e, 0xa40e, 0xfdef, 0xf5cf, 0xff36, 0xff58, 0xff58, 0xff58, 0xff58, 0xff78, 0xff58, 0xff58, 0xff58,
    0xff58, 0xff57, 0xfed4, 0xfe51, 0xfe31, 0xfe10, 0xff38, 0xffbb, 0xff57, 0xff78, 0xff58, 0xff58, 0xff58, 0xff58, 0xff58, 0xff57,
    0xff78, 0xfed5, 0xfe93, 0xfe52, 0xfe31, 0xfe11, 0xfdf0, 0xfdef, 0xfdaf, 0xfdcf, 0xfdcf, 0xfdcf, 0xfdcf, 0xfdcf, 0xfdcf, 0xfdaf,
    0xfdaf, 0xfdaf, 0xfdcf, 0xfdcf, 0xfdcf, 0xfdaf, 0xfdaf, 0xfdcf, 0xfdaf, 0xfdaf, 0xfdae, 0xfdae, 0xfe10, 0xfe31, 0xfe11, 0xfe31,
    0xfeb3, 0xfeb3, 0xfe93, 0xfe93, 0xfe93, 0xfe93, 0xfed5, 0xff57, 0xff99, 0xffdd, 0xffff, 0xffff, 0xffff, 0xffff, 0xff99, 0xcd70,
    0x628c, 0x010c, 0x53f6, 0x963e, 0x3bb7, 0x1a93, 0x961d, 0xaebf, 0x4bf6, 0x014d, 0x74f9, 0xe79f, 0xffff, 0xe79f, 0x755c, 0x3c3a,
    0x4c7b, 0x3c19, 0x1b36, 0x0a74, 0x0a53, 0xcefd, 0xffff, 0xdf5e, 0x5cdb, 0x5cfc, 0x5cdb, 0x5479, 0xdf7e, 0x7cf8, 0xc6bc, 0xffff,
    0xffff, 0xbebd, 0x54bb, 0xd71e, 0xffff, 0xffff, 0x3b13, 0x9dda, 0xffff, 0xe77f, 0xdf5f, 0xffff, 0xffff, 0xef9f, 0xcefe, 0xe75f,
    0xf7bf, 0xffdf, 0xd73e, 0xcf1e, 0xbe9d, 0xef9f, 0xffff, 0xe77e, 0xffff, 0xffff, 0xd71e, 0xbebd, 0xf7ff, 0xa5b9, 0x4b72, 0x5bb3,
    0x5b93, 0x5331, 0x84b5, 0xadb9, 0xffff, 0xffff, 0xffff, 0xffff, 0xffff, 0xffff, 0xffff, 0xffff, 0xffff, 0xffff, 0xffff, 0xffff,
    0xffff, 0xffff, 0xffff, 0xffff, 0xffff, 0xffff, 0xffff, 0xffff, 0xffff, 0xffff, 0xffff, 0xffff, 0xffff, 0xffff, 0xffff, 0xffff,
    0xffff, 0xffff, 0xffff, 0xffff, 0xffff, 0xffff, 0xffff, 0xffff, 0xffff, 0xffff, 0xffff, 0xffff, 0xffff, 0xffff, 0xffff, 0xffff,
    0xffff, 0xffff, 0xffff, 0xffff, 0xffff, 0xffff, 0xffff, 0xffff, 0xffff, 0xffff, 0xffff, 0xffff, 0xffff, 0xffff, 0xffff, 0xffff,
    0xffff, 0xffff, 0xffff, 0xffff, 0xffff, 0xffff, 0xffff, 0xffff, 0xffff, 0xffff, 0xffff, 0xffff, 0xffff, 0xffff, 0xffff, 0xffff,
    0xffff, 0xffff, 0xffff, 0xffff, 0xffff, 0xffff, 0xffff, 0xffff, 0xffff, 0xffff, 0xffff, 0xffff, 0xffff, 0xffff, 0xffff, 0xffff,
    0xffff, 0xffff, 0xffff, 0xffff, 0xffff, 0xffff, 0xffff, 0xffff, 0xffff, 0xffff, 0xffff, 0xffff, 0xffff, 0xffff, 0xffff, 0xffff,
    0xffff, 0xffff, 0xffff, 0xffff, 0xffff, 0xffff, 0xffff, 0xffff, 0xffff, 0xffff, 0xffff, 0xffff, 0xffff, 0xffff, 0xffff, 0xffff,
    0xe73d, 0xcebc, 0xd6dd, 0x63f4, 0x11ee, 0x1a0e, 0xc65b, 0xffff, 0xffff, 0xffff, 0xffff, 0xffff, 0xffff, 0xffff, 0xffff, 0xffff,
    0xd71e, 0xc6fe, 0xc6fe, 0xf7df, 0xefbf, 0xdf7e, 0xf7df, 0xcf1e, 0xae7f, 0xb69f, 0xb6be, 0xb6be, 0xa65e, 0x85bd, 0x651b, 0x651c,
    0x6d3c, 0x859d, 0xae7e, 0xc6ff, 0xae7e, 0x6d3c, 0x651c, 0x64fb, 0xefbf, 0xef9e, 0x1a73, 0x01f1, 0x6d1b, 0x963f, 0x11f0, 0x5c79,
    0xa67f, 0xbede, 0xbe9d, 0x012d, 0xac4e, 0xfe0f, 0xf5cf, 0xff56, 0xff57, 0xff57, 0xff58, 0xff58, 0xff57, 0xff58, 0xff58, 0xff58,
    0xff57, 0xff57, 0xff77, 0xfe72, 0xfe31, 0xfe31, 0xff17, 0xffba, 0xff57, 0xff57, 0xff58, 0xff58, 0xff58, 0xff58, 0xff57, 0xff57,
    0xff58, 0xff77, 0xfeb3, 0xfe10, 0xfe30, 0xfe31, 0xfe31, 0xfe10, 0xfdcf, 0xfdcf, 0xfdcf, 0xfdaf, 0xfdcf, 0xfdcf, 0xfdaf, 0xfdaf,
    0xfdcf, 0xfdcf, 0xfdcf, 0xfdcf, 0xfdcf, 0xfdcf, 0xfdaf, 0xfdcf, 0xfdaf, 0xfdaf, 0xfe11, 0xfe72, 0xfeb3, 0xfed4, 0xfeb3, 0xfeb3,
    0xfeb3, 0xfe93, 0xfe93, 0xfe93, 0xfeb4, 0xfef5, 0xff57, 0xff79, 0xffdd, 0xffff, 0xffff, 0xffff, 0xffff, 0xffff, 0xff57, 0x942e,
    0x00ab, 0x120f, 0x7d9c, 0x8e1e, 0x1a52, 0x32d3, 0xaebf, 0x963f, 0x2b14, 0x016d, 0xae5d, 0xefdf, 0xf7df, 0xc6ff, 0x753c, 0x3c1a,
    0x445a, 0x0ad6, 0x0254, 0x0a74, 0x22f3, 0xdf3e, 0xffff, 0xcf1e, 0x5cdb, 0x5cbb, 0x4c7a, 0x6cd9, 0xffff, 0x6478, 0xcebc, 0xffff,
    0xefbf, 0x859c, 0x549b, 0xcf3e, 0xffff, 0xffdf, 0x7d39, 0xd75e, 0xe77e, 0xcf1e, 0xffff, 0xffff, 0xf7df, 0xc6be, 0xef9f, 0xffff,
    0xffff, 0xefbf, 0xbebe, 0xcf1e, 0xefbf, 0xffff, 0xffff, 0xffff, 0xf7df, 0xcefe, 0x95dc, 0xae5d, 0xef9f, 0xffff, 0xffff, 0xffff,
    0xffff, 0xe77f, 0x11ee, 0x098d, 0x9558, 0xa599, 0xa598, 0xad99, 0xf7ff, 0xffff, 0xffff, 0xffff, 0xffdf, 0xffff, 0xffff, 0xffff,
    0xffff, 0xffff, 0xffff, 0xffff, 0xffff, 0xffff, 0xffff, 0xffff, 0xffff, 0xffff, 0xffff, 0xffff, 0xffff, 0xffff, 0xffff, 0xffff,
    0xffff, 0xffff, 0xffff, 0xffff, 0xffff, 0xffff, 0xffff, 0xffff, 0xffff, 0xffff, 0xffff, 0xffff, 0xffff, 0xffff, 0xffff, 0xffff,
    0xffff, 0xffff, 0xffff, 0xffff, 0xffff, 0xffff, 0xffff, 0xffff, 0xffff, 0xffff, 0xffff, 0xffff, 0xffff, 0xffff, 0xffff, 0xffff,
    0xffff, 0xffff, 0xffff, 0xffff, 0xffff, 0xffff, 0xffff, 0xffff, 0xffff, 0xffff, 0xffff, 0xffff, 0xffff, 0xffff, 0xffff, 0xffff,
    0xffff, 0xffff, 0xffff, 0xffff, 0xffff, 0xffff, 0xffff, 0xffff, 0xffff, 0xffff, 0xffff, 0xffff, 0xffff, 0xffff, 0xffff, 0xffff,
    0xffff, 0xffff, 0xffff, 0xffff, 0xffff, 0xffff, 0xffff, 0xffff, 0xffff, 0xffff, 0xffff, 0xffff, 0xffff, 0xffff, 0xffff, 0xffff,
    0xffff, 0xffff, 0xffff, 0xffff, 0xffff, 0xffff, 0xffff, 0xffff, 0xffff, 0xffff, 0xffff, 0xffff, 0xffdf, 0xffff, 0xffff, 0xffff,
    0x5b72, 0x00eb, 0x010c, 0x7cb6, 0xffff, 0xffff, 0xffff, 0xffdf, 0xffff, 0xffff, 0xffff, 0xffff, 0xffff, 0xe79e, 0xd71e, 0xe77e,
    0xffff, 0xffff, 0xffff, 0xd71e, 0xd71e, 0xffff, 0xdf3e, 0xa67e, 0xb6be, 0xb6bf, 0x9e3e, 0x95fd, 0x7d9d, 0x651c, 0x6d3c, 0x6d3c,
    0x6d1c, 0xa65e, 0xbedf, 0x8ddd, 0xa65e, 0x757c, 0x5cfb, 0x64fb, 0xf7df, 0xef9e, 0x1272, 0x01b0, 0x5459, 0x85bd, 0x1230, 0x3334,
    0x6d5d, 0x9e5e, 0xc6ff, 0x5c15, 0x6b4e, 0xdd4f, 0xfdae, 0xfe51, 0xff36, 0xff78, 0xff58, 0xff57, 0xff57, 0xff58, 0xff58, 0xff58,
    0xff58, 0xff57, 0xff57, 0xfe72, 0xfe31, 0xfe51, 0xfe31, 0xff16, 0xff78, 0xff57, 0xff58, 0xff58, 0xff58, 0xff58, 0xff57, 0xff58,
    0xff58, 0xff57, 0xfed4, 0xfe31, 0xfe31, 0xfe31, 0xfe11, 0xfe10, 0xfdf0, 0xfdcf, 0xfdcf, 0xfdcf, 0xfdcf, 0xfdd0, 0xfeb4, 0xfe52,
    0xfdaf, 0xfdcf, 0xfdaf, 0xfdcf, 0xfdcf, 0xfdcf, 0xfdaf, 0xfdcf, 0xfe52, 0xfe52, 0xfeb3, 0xfed4, 0xfeb3, 0xfeb3, 0xfeb3, 0xfeb3,
    0xfeb3, 0xfeb3, 0xfeb3, 0xfe93, 0xff16, 0xff98, 0xff78, 0xffbb, 0xffff, 0xffff, 0xffff, 0xffff, 0xffff, 0xffbd, 0xfe92, 0xa3ed,
    0x00cc, 0x3b33, 0x85fe, 0x43f7, 0x22b3, 0x7d3a, 0xae9e, 0x755c, 0x1273, 0x1a0e, 0xc6de, 0xef9f, 0xf7df, 0x9e3e, 0x4c7a, 0x3c1a,
    0x3c3b, 0x2bb8, 0x0274, 0x1273, 0xd71d, 0xffff, 0xd75e, 0x755c, 0x5cdc, 0x4c7b, 0x5cba, 0xd73e, 0xae5c, 0x8539, 0xdf3e, 0xffff,
    0xb69d, 0x5cfb, 0x549b, 0xcf3e, 0xffff, 0xffff, 0x857a, 0x7d5b, 0xd71f, 0xffdf, 0xffff, 0xefbf, 0xc6fe, 0xefbf, 0xffff, 0xffff,
    0xcefe, 0xb69e, 0xbede, 0xc6dd, 0xffff, 0xffff, 0xffff, 0xf7bf, 0xb69e, 0x64fb, 0xae5d, 0xffff, 0xffff, 0xffff, 0xe79f, 0xb67d,
    0x961d, 0x9e3c, 0xdf9f, 0x9dba, 0x224f, 0x2270, 0x224f, 0x3af1, 0x4b72, 0x3ab1, 0x3ad1, 0x63d3, 0xffff, 0xffff, 0xffdf, 0xffff,
    0xffff, 0xffff, 0xffff, 0xffff, 0xffff, 0xffff, 0xffff, 0xffff, 0xffff, 0xffff, 0xffff, 0xffff, 0xffff, 0xffff, 0xffff, 0xffff,
    0xffff, 0xffff, 0xffff, 0xffff, 0xffff, 0xffff, 0xffff, 0xffff, 0xffff, 0xffff, 0xffff, 0xffff, 0xffff, 0xffff, 0xffff, 0xffff,
    0xffff, 0xffff, 0xffff, 0xffff, 0xffff, 0xffff, 0xffff, 0xffff, 0xffff, 0xffff, 0xffff, 0xffff, 0xffff, 0xffff, 0xffff, 0xffff,
    0xffff, 0xffff, 0xffff, 0xffff, 0xffff, 0xffff, 0xffff, 0xffff, 0xffff, 0xffff, 0xffff, 0xffff, 0xffff, 0xffff, 0xffff, 0xffff,
    0xffff, 0xffff, 0xffff, 0xffff, 0xffff, 0xffff, 0xffff, 0xffff, 0xffff, 0xffff, 0xffff, 0xffff, 0xffff, 0xffff, 0xffff, 0xffff,
    0xffff, 0xffff, 0xffff, 0xffff, 0xffff, 0xffff, 0xffff, 0xffff, 0xffff, 0xffff, 0xffff, 0xffff, 0xffff, 0xffff, 0xffff, 0xffff,
    0xffff, 0xffff, 0xffff, 0xffff, 0xffff, 0xffff, 0xffff, 0xffff, 0xffff, 0xffff, 0xffff, 0xffff, 0xffff, 0xb61a, 0x19ee, 0x19ce,
    0x84d6, 0xc67b, 0xbe5a, 0xe75d, 0xffff, 0xffff, 0xffff, 0xffff, 0xffff, 0xffff, 0xffff, 0xffff, 0xef9f, 0xdf5e, 0xe75f, 0xefbf,
    0xffff, 0xffff, 0xffdf, 0xffff, 0xf7df, 0xd71e, 0xbebe, 0xa67e, 0xae9e, 0xae7f, 0x7d9d, 0x64fc, 0x6d3c, 0x6d3c, 0x653c, 0x6d3c,
    0x651c, 0xae7e, 0xa65e, 0x64fb, 0x651b, 0x651c, 0x651c, 0x95fd, 0xffff, 0xe77e, 0x1272, 0x01af, 0x01af, 0x755c, 0x649a, 0x1a51,
    0x6d5d, 0x85bd, 0xbeff, 0xd79f, 0x2ab2, 0x62ed, 0xfdef, 0xfdaf, 0xff36, 0xff78, 0xff57, 0xff57, 0xff58, 0xff58, 0xff58, 0xff58,
    0xff58, 0xff57, 0xff77, 0xfe93, 0xfe31, 0xfe51, 0xfe31, 0xff16, 0xff77, 0xff57, 0xff58, 0xff78, 0xff78, 0xff58, 0xff58, 0xff58,
    0xff57, 0xff57, 0xff57, 0xfe72, 0xfe10, 0xfe31, 0xfe10, 0xfe10, 0xfe10, 0xfdf0, 0xfdcf, 0xfdcf, 0xfdcf, 0xfdd0, 0xfe72, 0xfe31,
    0xfdf0, 0xfe31, 0xfe72, 0xfe73, 0xfe93, 0xfe93, 0xfe93, 0xfe93, 0xfed4, 0xfef4, 0xfed4, 0xfeb4, 0xfeb4, 0xfeb4, 0xfed3, 0xfeb4,
    0xfeb3, 0xfeb3, 0xfeb3, 0xfed5, 0xff98, 0xff58, 0xff9b, 0xffff, 0xffff, 0xffff, 0xffff, 0xffff, 0xfffe, 0xff16, 0xac4d, 0x3a0d,
    0x010c, 0x53d6, 0x8e1f, 0x01f0, 0x2af3, 0xaebf, 0x9e5e, 0x3355, 0x016f, 0x1a0f, 0xc6de, 0xe79f, 0xffff, 0x7d7c, 0x3c1a, 0x3c1a,
    0x3c1a, 0x2bd8, 0x0254, 0x1293, 0xdf5e, 0xffff, 0xd73e, 0x64fb, 0x54bb, 0x445b, 0x7d7c, 0x9e1c, 0x5c58, 0xefdf, 0xffff, 0xffff,
    0x95dc, 0x4c7b, 0x6d1b, 0xcf1e, 0xffdf, 0xffff, 0x8d5a, 0x547a, 0xbede, 0xffff, 0xef9f, 0xd73e, 0xf7bf, 0xffff, 0xf7df, 0xef9f,
    0xbede, 0xae7e, 0x9e1d, 0xe79f, 0xffdf, 0xffff, 0xe77e, 0x95fd, 0x6d1b, 0xb67d, 0xffff, 0xffff, 0xffff, 0xdf7e, 0x8dbc, 0x445a,
    0x7d5a, 0xefbf, 0xffff, 0xffff, 0xffff, 0xffff, 0xffff, 0xd75e, 0x84f8, 0x7455, 0x7c75, 0x6c34, 0x6bf4, 0xe75d, 0xffff, 0xffff,
    0xffff, 0xffff, 0xffff, 0xffff, 0xffff, 0xffff, 0xffff, 0xffff, 0xffff, 0xffff, 0xffff, 0xffff, 0xffff, 0xffff, 0xffff, 0xffff,
    0xffff, 0xffff, 0xffff, 0xffff, 0xffff, 0xffff, 0xffff, 0xffff, 0xffff, 0xffff, 0xffff, 0xffff, 0xffff, 0xffff, 0xffff, 0xffff,
    0xffff, 0xffff, 0xffff, 0xffff, 0xffff, 0xffff, 0xffff, 0xffff, 0xffff, 0xffff, 0xffff, 0xffff, 0xffff, 0xffff, 0xffff, 0xffff,
    0xffff, 0xffff, 0xffff, 0xffff, 0xffff, 0xffff, 0xffff, 0xffff, 0xffff, 0xffff, 0xffff, 0xffff, 0xffff, 0xffff, 0xffff, 0xffff,
    0xffff, 0xffff, 0xffff, 0xffff, 0xffff, 0xffff, 0xffff, 0xffff, 0xffff, 0xffff, 0xffff, 0xffff, 0xffff, 0xffff, 0xffff, 0xffff,
    0xffff, 0xffff, 0xffff, 0xffff, 0xffff, 0xffff, 0xffff, 0xffff, 0xffff, 0xffff, 0xffff, 0xffff, 0xffff, 0xffff, 0xffff, 0xffff,
    0xffff, 0xffff, 0xffff, 0xffff, 0xffff, 0xffff, 0xffff, 0xffff, 0xffff, 0xffff, 0xffff, 0xa598, 0x8455, 0x7455, 0x7435, 0x7435,
    0xdefd, 0xffff, 0xffff, 0xffff, 0xffff, 0xffff, 0xffff, 0xffff, 0xf7bf, 0xdf5e, 0xf7bf, 0xdf5e, 0xcefe, 0xef9e, 0xffff, 0xffff,
    0xffff, 0xdf5f, 0xbe9d, 0xe79f, 0xffff, 0xcefe, 0xa65d, 0xa67e, 0x8dfe, 0x6d3c, 0x6d3c, 0x6d3c, 0x6d3c, 0x6d1c, 0x651c, 0x6d3c,
    0x64fc, 0xa67e, 0x95fd, 0x64db, 0x651c, 0x651c, 0x64fb, 0xae7e, 0xffff, 0xef7e, 0x1273, 0x01b0, 0x018e, 0x4419, 0x85de, 0x1a70,
    0x3b96, 0x7dbd, 0xae9e, 0xcf3f, 0x6c77, 0x00eb, 0xd52f, 0xfe0f, 0xfe72, 0xff77, 0xff57, 0xff57, 0xff57, 0xff58, 0xff58, 0xff58,
    0xff57, 0xff58, 0xff58, 0xff36, 0xfe93, 0xfe31, 0xfe31, 0xfed4, 0xff77, 0xff57, 0xff58, 0xff78, 0xff78, 0xff58, 0xff58, 0xff58,
    0xff58, 0xff58, 0xff57, 0xfef5, 0xfe93, 0xfe11, 0xfe31, 0xfe30, 0xfe30, 0xfdf0, 0xfdaf, 0xfdcf, 0xfdcf, 0xfdcf, 0xfd8f, 0xfe11,
    0xfed4, 0xfed4, 0xfef5, 0xfed4, 0xfed4, 0xfed4, 0xfed4, 0xfed4, 0xfed4, 0xfed4, 0xfed4, 0xfed4, 0xfed4, 0xfeb4, 0xfed3, 0xfed4,
    0xfed4, 0xfed4, 0xfef5, 0xff98, 0xff78, 0xffbc, 0xfffe, 0xffff, 0xffff, 0xffff, 0xffff, 0xffff, 0xff9b, 0xff14, 0x734d, 0x00ed,
    0x1210, 0x859c, 0x7dbd, 0x09af, 0x4375, 0xaebf, 0xae9f, 0x3314, 0x012e, 0x3b54, 0xcf3f, 0xf7bf, 0xffdf, 0x549a, 0x3c1a, 0x3c1a,
    0x3c1a, 0x33b8, 0x0233, 0x1293, 0xdf5e, 0xffff, 0xae5c, 0x2398, 0x33fa, 0x5cda, 0xd77f, 0x6cb9, 0x2ab2, 0xffff, 0xffdf, 0xf7df,
    0x85bc, 0x4c7a, 0xb69e, 0xae9f, 0xcf1e, 0xffff, 0x957a, 0x4419, 0x95fd, 0xd73f, 0xef9f, 0xf7df, 0xffff, 0xffff, 0xd73e, 0xae5d,
    0x961d, 0x7d7c, 0xb67d, 0xffff, 0xffff, 0xe77e, 0xa63d, 0x4c9a, 0x9e1c, 0xffff, 0xffff, 0xffff, 0xdf5e, 0x6d1a, 0x33d8, 0x7d7b,
    0xe77e, 0xffff, 0xffff, 0xffff, 0xf7bf, 0xbebd, 0x9dfc, 0xcefd, 0xffff, 0xffff, 0xffff, 0xdf5e, 0x222e, 0x63d4, 0x8d18, 0x9d38,
    0xffff, 0xffff, 0xffff, 0xffff, 0xffff, 0xffff, 0xffff, 0xffff, 0xffff, 0xffff, 0xffff, 0xffff, 0xffff, 0xffff, 0xffff, 0xffff,
    0xffff, 0xffff, 0xffff, 0xffff, 0xffff, 0xffff, 0xffff, 0xffff, 0xffff, 0xffff, 0xffff, 0xffff, 0xffff, 0xffff, 0xffff, 0xffff,
    0xffff, 0xffff, 0xffff, 0xffff, 0xffff, 0xffff, 0xffff, 0xffff, 0xffff, 0xffff, 0xffff, 0xffff, 0xffff, 0xffff, 0xffff, 0xffff,
    0xffff, 0xffff, 0xffff, 0xffff, 0xffff, 0xffff, 0xffff, 0xffff, 0xffff, 0xffff, 0xffff, 0xffff, 0xffff, 0xffff, 0xffff, 0xffff,
    0xffff, 0xffff, 0xffff, 0xffff, 0xffff, 0xffff, 0xffff, 0xffff, 0xffff, 0xffff, 0xffff, 0xffff, 0xffff, 0xffff, 0xffff, 0xffff,
    0xffff, 0xffff, 0xffff, 0xffff, 0xffff, 0xffff, 0xffff, 0xffff, 0xffff, 0xffff, 0xffff, 0xffff, 0xffff, 0xffff, 0xffff, 0xffff,
    0xffff, 0xffff, 0xffff, 0xffff, 0xffff, 0xffff, 0xffff, 0xffff, 0xdf3d, 0xbe5b, 0xc67b, 0x42f0, 0x116d, 0x7435, 0xffff, 0xffff,
    0xffff, 0xffff, 0xffff, 0xffff, 0xffff, 0xffff, 0xe75e, 0xe77f, 0xefbf, 0xd73e, 0xefbf, 0xc6fe, 0xe77f, 0xffff, 0xffff, 0xe77e,
    0xcf1e, 0xd73f, 0xbede, 0xc6ff, 0xe77f, 0xffff, 0xefbf, 0xa63d, 0x85dd, 0x6d5c, 0x6d3c, 0x6d3c, 0x6d1c, 0x6d1c, 0x651c, 0x651c,
    0x651c, 0x6d1b, 0x6d1c, 0x651c, 0x651c, 0x6d1c, 0x755c, 0xb69e, 0xffff, 0xe79e, 0x3bf7, 0x01b0, 0x018e, 0x12d5, 0x757d, 0x43b5,
    0x09d0, 0x5cfb, 0x7dbd, 0xbedf, 0xbe9d, 0x53b4, 0x5ace, 0xbc8e, 0xfdaf, 0xfe93, 0xff77, 0xff57, 0xff78, 0xff58, 0xff58, 0xff58,
    0xff57, 0xff78, 0xff58, 0xff78, 0xff16, 0xfe51, 0xfe31, 0xfe32, 0xfe93, 0xff57, 0xff57, 0xff58, 0xff58, 0xff58, 0xff58, 0xff58,
    0xff58, 0xff57, 0xff58, 0xff36, 0xfe72, 0xfe10, 0xfe30, 0xfe31, 0xfe31, 0xed4e, 0xe4cd, 0xfdaf, 0xfdef, 0xfdcf, 0xfdcf, 0xfdcf,
    0xfdf0, 0xfe31, 0xfed4, 0xfed4, 0xfed4, 0xfed4, 0xfed4, 0xfed4, 0xfed4, 0xfed4, 0xfed4, 0xfeb4, 0xfeb4, 0xfed4, 0xfeb3, 0xfeb4,
    0xfef5, 0xff79, 0xff78, 0xffdd, 0xff9c, 0xffde, 0xffff, 0xffff, 0xffff, 0xffff, 0xffff, 0xffdc, 0xfed6, 0x940f, 0x324e, 0x010c,
    0x4395, 0xa69f, 0x3355, 0x1a72, 0x95fc, 0xa69e, 0x5c58, 0x1231, 0x09cf, 0xa63c, 0xf7df, 0xf7bf, 0xe77f, 0x549a, 0x3c1a, 0x3c1a,
    0x3c1a, 0x2357, 0x0253, 0x8dbc, 0xf7df, 0xffff, 0xa63c, 0x2378, 0x23b9, 0x7d7c, 0xaebe, 0x3bd8, 0x32f2, 0xffff, 0xffff, 0xe79f,
    0x7d5b, 0x4c7a, 0xae9e, 0xae9f, 0xd73e, 0xffff, 0xf79f, 0x6cb8, 0x4c39, 0xc71f, 0xf7bf, 0xffff, 0xffff, 0xffff, 0xd73e, 0xa65e,
    0x7d9d, 0x85bc, 0xffff, 0xffff, 0xdf7f, 0x95fd, 0x447b, 0x6d1b, 0xf7bf, 0xffff, 0xffdf, 0xdf7e, 0x5c99, 0x2bda, 0x8ddc, 0xffff,
    0xffff, 0xffff, 0xf7df, 0xdf7f, 0x8ddc, 0x857c, 0xcefe, 0xffff, 0xffff, 0xdf3e, 0xae5d, 0xc6bd, 0xffff, 0x5393, 0x2a71, 0x32b0,
    0xa599, 0xb61a, 0xffdf, 0xffff, 0xffff, 0xffff, 0xffff, 0xffff, 0xffff, 0xffff, 0xffff, 0xffff, 0xffff, 0xffff, 0xffff, 0xffff,
    0xffff, 0xffff, 0xffff, 0xffff, 0xffff, 0xffff, 0xffff, 0xffff, 0xffff, 0xffff, 0xffff, 0xffff, 0xffff, 0xffff, 0xffff, 0xffff,
    0xffff, 0xffff, 0xffff, 0xffff, 0xffff, 0xffff, 0xffff, 0xffff, 0xffff, 0xffff, 0xffff, 0xffff, 0xffff, 0xffff, 0xffff, 0xffff,
    0xffff, 0xffff, 0xffff, 0xffff, 0xffff, 0xffff, 0xffff, 0xffff, 0xffff, 0xffff, 0xffff, 0xffff, 0xffff, 0xffff, 0xffff, 0xffff,
    0xffff, 0xffff, 0xffff, 0xffff, 0xffff, 0xffff, 0xffff, 0xffff, 0xffff, 0xffff, 0xffff, 0xffff, 0xffff, 0xffff, 0xffff, 0xffff,
    0xffff, 0xffff, 0xffff, 0xffff, 0xffff, 0xffff, 0xffff, 0xffff, 0xffff, 0xffff, 0xffff, 0xffff, 0xffff, 0xffff, 0xffff, 0xffff,
    0xffff, 0xffff, 0xffff, 0xffff, 0xffdf, 0xffff, 0xffff, 0xffff, 0x7c54, 0x010b, 0x014c, 0xa5b9, 0xffff, 0xffff, 0xffdf, 0xffff,
    0xffff, 0xffff, 0xffff, 0xffff, 0xffff, 0xf7df, 0xe79e, 0xcefe, 0xd73e, 0xffff, 0xffff, 0xf7df, 0xdf5f, 0xcefe, 0xcf1e, 0xcf1e,
    0xd75e, 0xd73f, 0xc6fe, 0xbedf, 0xa63d, 0xdf5e, 0xefdf, 0xb6be, 0xae9f, 0x755c, 0x6d3c, 0x6d3c, 0x653c, 0x651c, 0x651c, 0x651c,
    0x651c, 0x651c, 0x651c, 0x651c, 0x6d1c, 0x651c, 0x859d, 0xc6de, 0xffff, 0xef9f, 0x859b, 0x018f, 0x016e, 0x0a52, 0x3c5b, 0x859d,
    0x11cf, 0x4c39, 0x759d, 0xae9e, 0xc6ff, 0xc6fe, 0x014e, 0x5aad, 0xfe30, 0xf5ae, 0xfef5, 0xff78, 0xff57, 0xff58, 0xff58, 0xff58,
    0xff58, 0xff57, 0xff36, 0xff57, 0xff78, 0xfe93, 0xfe10, 0xfe11, 0xfe31, 0xfeb4, 0xff57, 0xff78, 0xff58, 0xff57, 0xff57, 0xff58,
    0xff58, 0xff57, 0xff57, 0xff57, 0xff16, 0xfe51, 0xfe31, 0xfe31, 0xfe31, 0xfe11, 0xed6f, 0xe4cd, 0xf52e, 0xfdaf, 0xfdcf, 0xfdaf,
    0xfd8f, 0xfdaf, 0xfe93, 0xfed4, 0xfed4, 0xfed4, 0xfed4, 0xfed4, 0xfed4, 0xfed4, 0xfef4, 0xfed4, 0xfed4, 0xfed4, 0xfed4, 0xfef6,
    0xff57, 0xffbb, 0xffdc, 0xff79, 0xffff, 0xffff, 0xffff, 0xffff, 0xffff, 0xffff, 0xffff, 0xff37, 0xfe93, 0x322d, 0x010d, 0x11ef,
    0x7d5b, 0x85be, 0x018f, 0x5c57, 0xb6ff, 0xaebf, 0x1a2f, 0x010c, 0x09cf, 0xae5d, 0xffff, 0xe77f, 0xbefe, 0x549a, 0x341a, 0x341a,
    0x1b37, 0x0212, 0x1ad3, 0xdf5e, 0xffff, 0xffdf, 0x95fc, 0x2398, 0x2398, 0x6d1b, 0x8e1d, 0x2b98, 0x3313, 0xffff, 0xffff, 0xd73e,
    0x755c, 0x6d1c, 0xae9e, 0xb69e, 0xc6de, 0xf7df, 0xffff, 0x84f8, 0x3bb7, 0xc71f, 0xefbf, 0xffff, 0xffff, 0xef9e, 0xb69e, 0x8dfd,
    0x64db, 0x751a, 0xffff, 0xffff, 0xae7d, 0x54bb, 0x549a, 0xbebd, 0xffff, 0xffff, 0xe77e, 0x4c59, 0x23b9, 0x753b, 0xdf5e, 0xffff,
    0xffdf, 0xf7df, 0xbedd, 0x64da, 0x751a, 0xd73e, 0xffff, 0xf7df, 0xc6be, 0xae5d, 0xd73e, 0xf7bf, 0xffff, 0xffff, 0xffff, 0xcefd,
    0x09ae, 0x096d, 0x9537, 0xbe5a, 0xbe3a, 0xce9b, 0xffff, 0xffff, 0xffff, 0xffff, 0xffff, 0xffff, 0xffff, 0xffff, 0xffff, 0xffff,
    0xffff, 0xffff, 0xffff, 0xffff, 0xffff, 0xffff, 0xffff, 0xffff, 0xffff, 0xffff, 0xffff, 0xffff, 0xffff, 0xffff, 0xffff, 0xffff,
    0xffff, 0xffff, 0xffff, 0xffff, 0xffff, 0xffff, 0xffff, 0xffff, 0xffff, 0xffff, 0xffff, 0xffff, 0xffff, 0xffff, 0xffff, 0xffff,
    0xffff, 0xffff, 0xffff, 0xffff, 0xffff, 0xffff, 0xffff, 0xffff, 0xffff, 0xffff, 0xffff, 0xffff, 0xffff, 0xffff, 0xffff, 0xffff,
    0xffff, 0xffff, 0xffff, 0xffff, 0xffff, 0xffff, 0xffff, 0xffff, 0xffff, 0xffff, 0xffff, 0xffff, 0xffff, 0xffff, 0xffff, 0xffff,
    0xffff, 0xffff, 0xffff, 0xffff, 0xffff, 0xffff, 0xffff, 0xffff, 0xffff, 0xffff, 0xffff, 0xffff, 0xffff, 0xffff, 0xffff, 0xffff,
    0xffff, 0xffff, 0xffff, 0xffff, 0xffff, 0xc67a, 0x2a4f, 0x222f, 0x6bf4, 0xcedc, 0xcedc, 0xf7bf, 0xffff, 0xffff, 0xffff, 0xffff,
    0xffff, 0xffff, 0xffdf, 0xffff, 0xdf3e, 0xc6dd, 0xffff, 0xf7df, 0xefbf, 0xdf3e, 0xc6de, 0xefbf, 0xd75f, 0xae7e, 0xae9e, 0xcf1e,
    0xdf7f, 0xbede, 0xbede, 0xbedf, 0xb6be, 0xae7e, 0xcefe, 0xefbf, 0xae7e, 0xa67e, 0x757c, 0x651d, 0x6d1c, 0x651c, 0x651c, 0x651c,
    0x651c, 0x651c, 0x651c, 0x6d1c, 0x6d1c, 0x651c, 0x753c, 0xc6fe, 0xffff, 0xe79f, 0xa63d, 0x2af3, 0x012d, 0x1252, 0x343a, 0x6d3c,
    0x5c37, 0x11f0, 0x6d5c, 0x7d9d, 0xb6be, 0xcf1f, 0x8519, 0x29ed, 0xbcaf, 0xf56e, 0xf672, 0xff78, 0xff57, 0xff57, 0xff58, 0xff58,
    0xff78, 0xff37, 0xfe94, 0xff57, 0xff78, 0xfe93, 0xfe72, 0xfe52, 0xfe31, 0xfe31, 0xfed4, 0xfef5, 0xff57, 0xff77, 0xff57, 0xff57,
    0xff58, 0xff57, 0xff57, 0xff57, 0xff57, 0xff36, 0xfe51, 0xfe31, 0xfe31, 0xfe51, 0xfe31, 0xf5f0, 0xeced, 0xed0d, 0xf58e, 0xfd8e,
    0xfd8e, 0xfd6e, 0xfd6f, 0xf5f0, 0xfeb3, 0xfef5, 0xfef5, 0xfef5, 0xfef5, 0xfeb3, 0xfe52, 0xfe52, 0xfe52, 0xfeb3, 0xff36, 0xff58,
    0xffbb, 0xff99, 0xffbb, 0xffdd, 0xffff, 0xffff, 0xffff, 0xffff, 0xffff, 0xffff, 0xffbb, 0xfeb3, 0xedd2, 0x3a6e, 0x00cc, 0x53d5,
    0x95fc, 0x22b3, 0x0a11, 0x6cd9, 0xb6df, 0x7d3a, 0x11ef, 0x09ae, 0x4395, 0xcf1e, 0xffff, 0xe77f, 0x7dbc, 0x549a, 0x5cbb, 0x3c3a,
    0x1b16, 0x01b1, 0x74fa, 0xf7ff, 0xffff, 0xa61b, 0x2398, 0x2bd9, 0x2bb9, 0x755c, 0x5cba, 0x0a74, 0x32f3, 0xffff, 0xffff, 0xae7d,
    0x651c, 0x753c, 0xb6be, 0xb6bf, 0xb6be, 0xf7df, 0xffff, 0x8d39, 0x43d8, 0xc6ff, 0xefbf, 0xffff, 0xffff, 0xc71e, 0x9e1e, 0x651c,
    0x3bf9, 0xbe9d, 0xffff, 0xe77e, 0x6d3b, 0x2bd9, 0x9e1c, 0xffff, 0xffdf, 0xef9e, 0x95dc, 0x2399, 0x5cb9, 0xdf3e, 0xffff, 0xf7df,
    0xffff, 0xdf7f, 0x5479, 0x2b57, 0xcf1d, 0xffff, 0xe77e, 0xb67d, 0xc6de, 0xdf3e, 0xf7bf, 0xffff, 0xef9f, 0xef9f, 0xcefe, 0xc6bd,
    0xc6fd, 0xcefd, 0x3af0, 0x11ad, 0x11ce, 0x3ad0, 0xe77e, 0xffdf, 0xffff, 0xffff, 0xffff, 0xffff, 0xffff, 0xffff, 0xffff, 0xffff,
    0xffff, 0xffff, 0xffff, 0xffff, 0xffff, 0xffff, 0xffff, 0xffff, 0xffff, 0xffff, 0xffff, 0xffff, 0xffff, 0xffff, 0xffff, 0xffff,
    0xffff, 0xffff, 0xffff, 0xffff, 0xffff, 0xffff, 0xffff, 0xffff, 0xffff, 0xffff, 0xffff, 0xffff, 0xffff, 0xffff, 0xffff, 0xffff,
    0xffff, 0xffff, 0xffff, 0xffff, 0xffff, 0xffff, 0xffff, 0xffff, 0xffff, 0xffff, 0xffff, 0xffff, 0xffff, 0xffff, 0xffff, 0xffff,
    0xffff, 0xffff, 0xffff, 0xffff, 0xffff, 0xffff, 0xffff, 0xffff, 0xffff, 0xffff, 0xffff, 0xffff, 0xffff, 0xffff, 0xffff, 0xffff,
    0xffff, 0xffff, 0xffff, 0xffff, 0xffff, 0xffff, 0xffff, 0xffff, 0xffff, 0xffff, 0xffff, 0xffff, 0xffff, 0xffff, 0xffff, 0xffff,
    0xffff, 0xffff, 0xffff, 0xe75d, 0x84b6, 0x63f4, 0x5b93, 0x6c14, 0xb5f9, 0xffff, 0xffff, 0xffff, 0xffff, 0xffff, 0xffff, 0xffff,
    0xef9f, 0xf7bf, 0xefbf, 0xcefd, 0xef9f, 0xefbf, 0xc6dd, 0xe79e, 0xffff, 0xdf3e, 0xd71e, 0xdf5f, 0xcefe, 0xd75f, 0xbede, 0xb6be,
    0xb6be, 0xb6be, 0xb6bf, 0xbebf, 0xbedf, 0xae9e, 0x9e3d, 0xc6fe, 0xd73f, 0xb6be, 0x757c, 0x6d3c, 0x653c, 0x6d1c, 0x651c, 0x651c,
    0x651c, 0x651c, 0x651c, 0x651c, 0x651c, 0x6d1c, 0x8dfe, 0xc6fe, 0xffff, 0xdf7e, 0xb6ff, 0x4bf7, 0x012c, 0x01cf, 0x1b57, 0x3c7b,
    0x755c, 0x2291, 0x4c17, 0x6d3c, 0x8dfd, 0xb6df, 0xc6fe, 0x2271, 0x21ab, 0xfdf0, 0xfdef, 0xff16, 0xff78, 0xff57, 0xff58, 0xff58,
    0xff78, 0xff57, 0xff36, 0xff57, 0xff58, 0xff57, 0xfeb4, 0xfe31, 0xfe31, 0xfe31, 0xfe31, 0xfe31, 0xff37, 0xff78, 0xff58, 0xff58,
    0xff58, 0xff57, 0xff57, 0xff57, 0xff57, 0xff57, 0xfed4, 0xfe51, 0xfe31, 0xfe31, 0xfe51, 0xfe72, 0xf611, 0xf56f, 0xf52e, 0xfd4e,
    0xfd6e, 0xfd6e, 0xfd6e, 0xf56e, 0xf5cf, 0xfe31, 0xfe93, 0xfe92, 0xfe72, 0xf5af, 0xf52d, 0xf5af, 0xf631, 0xfef5, 0xff57, 0xff57,
    0xffdc, 0xff9a, 0xffbc, 0xffff, 0xffff, 0xffff, 0xffff, 0xffff, 0xffff, 0xffdc, 0xff77, 0xedf0, 0x3a4d, 0x018e, 0x014d, 0x6cb8,
    0x95dc, 0x012e, 0x64b9, 0xa65e, 0xb6bf, 0x22b2, 0x012d, 0x1a92, 0x85fd, 0xf7df, 0xffff, 0xe79f, 0x5cba, 0x547b, 0x5cdb, 0x445a,
    0x1af5, 0x01b0, 0x753a, 0xffff, 0xffff, 0x8dba, 0x1317, 0x2bb9, 0x4c7a, 0x85bd, 0x2b57, 0x2af4, 0xcebc, 0xffff, 0xffff, 0xae7d,
    0x5cfc, 0x961d, 0xbedf, 0xb69f, 0xb6be, 0xffdf, 0xffff, 0x9dba, 0x1ad5, 0xa63d, 0xf7df, 0xffff, 0xef9f, 0xae7d, 0x8ddd, 0x4c7a,
    0x6cf9, 0xffdf, 0xffff, 0xbebe, 0x4c9b, 0x5499, 0xe77f, 0xffbf, 0xffff, 0xae7c, 0x2377, 0x33b7, 0xe77e, 0xffff, 0xf7bf, 0xffff,
    0xcedd, 0x5c98, 0x33b7, 0xae5c, 0xffff, 0xe77f, 0xb69d, 0xbebe, 0xef9f, 0xffff, 0xf7df, 0xef9f, 0xc6bd, 0xbebd, 0xef9f, 0xffff,
    0xffff, 0xffff, 0xf7bf, 0xef7e, 0xf7be, 0xa5b9, 0x11ae, 0xadfa, 0xffff, 0xffdf, 0xffff, 0xffff, 0xffff, 0xffff, 0xffff, 0xffff,
    0xffff, 0xffff, 0xffff, 0xffff, 0xffff, 0xffff, 0xffff, 0xffff, 0xffff, 0xffff, 0xffff, 0xffff, 0xffff, 0xffff, 0xffff, 0xffff,
    0xffff, 0xffff, 0xffff, 0xffff, 0xffff, 0xffff, 0xffff, 0xffff, 0xffff, 0xffff, 0xffff, 0xffff, 0xffff, 0xffff, 0xffff, 0xffff,
    0xffff, 0xffff, 0xffff, 0xffff, 0xffff, 0xffff, 0xffff, 0xffff, 0xffff, 0xffff, 0xffff, 0xffff, 0xffff, 0xffff, 0xffff, 0xffff,
    0xffff, 0xffff, 0xffff, 0xffff, 0xffff, 0xffff, 0xffff, 0xffff, 0xffff, 0xffff, 0xffff, 0xffff, 0xffff, 0xffff, 0xffff, 0xffff,
    0xffff, 0xffff, 0xffff, 0xffff, 0xffff, 0xffff, 0xffff, 0xffff, 0xffff, 0xffff, 0xffff, 0xffff, 0xffff, 0xffff, 0xffff, 0xffff,
    0xffff, 0xffff, 0xf7df, 0x9d38, 0x008b, 0x63f4, 0xffff, 0xffff, 0xffff, 0xffff, 0xffff, 0xffff, 0xffff, 0xffff, 0xffff, 0xf7bf,
    0xd71d, 0xe79e, 0xefbf, 0xdf3e, 0xe77f, 0xefbf, 0xcf1e, 0xe77e, 0xffff, 0xffff, 0xffff, 0xdf7f, 0xc6de, 0xefbf, 0xd73e, 0xbedf,
    0xb6be, 0xbedf, 0xbebf, 0xbebe, 0xb6be, 0xbedf, 0x9e3e, 0x8ddc, 0xdf9f, 0xae9e, 0xa67e, 0x961e, 0x651c, 0x6d1c, 0x651c, 0x651c,
    0x651c, 0x651c, 0x651c, 0x651c, 0x651c, 0x6d3c, 0xa65e, 0xcefe, 0xffff, 0xdf5e, 0xcf3f, 0xae3b, 0x09ae, 0x016e, 0x2378, 0x343b,
    0x85de, 0x753b, 0x018d, 0x6d3c, 0x6d7d, 0x961d, 0xd75f, 0xa61c, 0x4311, 0x838e, 0xdd2e, 0xfe30, 0xfef5, 0xff78, 0xff57, 0xff58,
    0xff58, 0xff58, 0xff78, 0xff58, 0xff58, 0xff58, 0xfeb4, 0xfe11, 0xfe31, 0xfe31, 0xfe31, 0xfe32, 0xfe72, 0xfef5, 0xff78, 0xff58,
    0xff57, 0xff57, 0xff58, 0xff57, 0xff57, 0xff58, 0xff58, 0xfe52, 0xfe31, 0xfe51, 0xfe51, 0xfe52, 0xfe72, 0xfdf0, 0xf54e, 0xf52d,
    0xfd6e, 0xf56e, 0xfd6e, 0xfd6e, 0xfd6e, 0xfd6e, 0xf56e, 0xfd4e, 0xf54e, 0xf5af, 0xf5af, 0xfed4, 0xff36, 0xff36, 0xff58, 0xff9a,
    0xff78, 0xffde, 0xffff, 0xffff, 0xffff, 0xffff, 0xffff, 0xffff, 0xffdc, 0xff78, 0xfeb2, 0xfdb0, 0x29ed, 0x00ec, 0x4374, 0xa67e,
    0x4395, 0x01d0, 0x961d, 0xc71f, 0xa69f, 0x2291, 0x012d, 0x1a92, 0x85dc, 0xf7df, 0xf7df, 0xd75f, 0x64db, 0x547a, 0x54bb, 0x2357,
    0x0212, 0x1af5, 0xa63d, 0xffff, 0xffff, 0x95db, 0x0ad6, 0x445a, 0x755c, 0x757c, 0x2377, 0x4bb6, 0xffff, 0xffff, 0xe77f, 0x7d7c,
    0x651c, 0xbedf, 0xc6ff, 0xae7f, 0xbebe, 0xffff, 0xffff, 0xa5fa, 0x0212, 0x9e5d, 0xf7df, 0xcefe, 0xc6fe, 0xa65e, 0x653c, 0x2336,
    0xb67c, 0xffff, 0xd73e, 0x7d9c, 0x4c7a, 0x753a, 0xffff, 0xffff, 0xd71d, 0x5cb9, 0x1315, 0xd71d, 0xffff, 0xf7bf, 0xf7be, 0xe77f,
    0x5c58, 0x0ab4, 0xbebd, 0xffff, 0xf7df, 0xa65d, 0xdf5e, 0xffff, 0xffff, 0xdf5e, 0xb67d, 0xc6be, 0xf7df, 0xffff, 0xf7df, 0xefbf,
    0xe77f, 0xcf1e, 0xc6fe, 0xc6fe, 0xf7df, 0xf7bf, 0xa5b9, 0x19ee, 0x326f, 0xf7df, 0xffff, 0xffff, 0xffdf, 0xffff, 0xffff, 0xffff,
    0xffff, 0xffff, 0xffff, 0xffff, 0xffff, 0xffff, 0xffff, 0xffff, 0xffff, 0xffff, 0xffff, 0xffff, 0xffff, 0xffff, 0xffff, 0xffff,
    0xffff, 0xffff, 0xffff, 0xffff, 0xffff, 0xffff, 0xffff, 0xffff, 0xffff, 0xffff, 0xffff, 0xffff, 0xffff, 0xffff, 0xffff, 0xffff,
    0xffff, 0xffff, 0xffff, 0xffff, 0xffff, 0xffff, 0xffff, 0xffff, 0xffff, 0xffff, 0xffff, 0xffff, 0xffff, 0xffff, 0xffff, 0xffff,
    0xffff, 0xffff, 0xffff, 0xffff, 0xffff, 0xffff, 0xffff, 0xffff, 0xffff, 0xffff, 0xffff, 0xffff, 0xffff, 0xffff, 0xffff, 0xffff,
    0xffff, 0xffff, 0xffff, 0xffff, 0xffff, 0xffff, 0xffff, 0xffff, 0xffff, 0xffff, 0xffff, 0xffff, 0xffff, 0xffff, 0xffff, 0xffdf,
    0xffff, 0xffdf, 0x4b31, 0x19ad, 0xc69c, 0xf7df, 0xffdf, 0xffdf, 0xffff, 0xffff, 0xffff, 0xffff, 0xffff, 0xffff, 0xf7bf, 0xe77e,
    0xffff, 0xcefe, 0xd73e, 0xffff, 0xcf1e, 0xcf1e, 0xffff, 0xdf5e, 0xdf5e, 0xffff, 0xffff, 0xffff, 0xffff, 0xf7bf, 0xffff, 0xe79f,
    0xc6fe, 0xb6bf, 0xb6be, 0xb6be, 0xb6be, 0xb69e, 0xb6bf, 0x9e3e, 0x7d5b, 0xbedf, 0x9e1d, 0x85bd, 0x651b, 0x651c, 0x651c, 0x651c,
    0x651c, 0x651c, 0x651c, 0x651c, 0x64fc, 0x753c, 0xa65e, 0xcefe, 0xffff, 0xdf5f, 0xd75f, 0xe79f, 0x1a10, 0x016e, 0x2357, 0x2bfa,
    0x5cfc, 0x755c, 0x0a0f, 0x22b3, 0x651c, 0x963d, 0xbede, 0xcf1f, 0xae9e, 0x00cd, 0xbcaf, 0xfdee, 0xf5f0, 0xff16, 0xff78, 0xff57,
    0xff58, 0xff58, 0xff58, 0xff58, 0xff57, 0xff78, 0xfef5, 0xfe11, 0xfe31, 0xfe31, 0xfe32, 0xfe31, 0xfe31, 0xfe51, 0xff15, 0xff78,
    0xff57, 0xff57, 0xff58, 0xff58, 0xff57, 0xff57, 0xff57, 0xfef5, 0xfe73, 0xfe31, 0xfe51, 0xfe52, 0xfe52, 0xfe92, 0xf611, 0xfd8f,
    0xfd6e, 0xf54d, 0xfd6e, 0xfd6e, 0xfd6e, 0xfd6e, 0xfd4e, 0xf5af, 0xfe11, 0xfef5, 0xfef5, 0xfef5, 0xff16, 0xff37, 0xff78, 0xfffe,
    0xfffe, 0xffde, 0xffff, 0xffff, 0xffff, 0xffff, 0xffff, 0xffff, 0xff9a, 0xff35, 0xe56f, 0x732e, 0x116c, 0x11ef, 0x8dbc, 0x7d3a,
    0x016f, 0x3bb7, 0xae7e, 0xc6ff, 0x6498, 0x09cf, 0x016e, 0x3bb6, 0xd75f, 0xffff, 0xe77f, 0xae9e, 0x5cbb, 0x54bb, 0x4c7a, 0x0a74,
    0x0a94, 0x445a, 0xcf1e, 0xffff, 0xffdf, 0x857b, 0x12f7, 0x4c7a, 0x757c, 0x7d7d, 0x2b77, 0x3bb5, 0xffff, 0xffff, 0xd73e, 0x651b,
    0x651c, 0xb6be, 0xc71f, 0xae7e, 0xbede, 0xffff, 0xffff, 0xef7e, 0x8518, 0x53f6, 0xe79f, 0xd73e, 0xbebe, 0x7d7c, 0x5cfc, 0x2316,
    0xc69c, 0xffff, 0xb69d, 0x445a, 0x653c, 0xc6fe, 0xffff, 0xe75e, 0x43f8, 0x12d5, 0xcedd, 0xffdf, 0xefbf, 0xef9e, 0xf7df, 0x64b9,
    0x0233, 0x8ddb, 0xffff, 0xffff, 0xefbf, 0xc6dd, 0xf7df, 0xf7df, 0xcf1e, 0xcf1e, 0xefbf, 0xf7df, 0xffff, 0xd71e, 0xbebe, 0xb69e,
    0xb69e, 0xbede, 0xd71e, 0xcefe, 0xefbf, 0xffff, 0xef9e, 0xb5d9, 0x7c96, 0x3291, 0x32b0, 0x7c95, 0xffff, 0xffff, 0xffff, 0xffff,
    0xffff, 0xffff, 0xffff, 0xffff, 0xffff, 0xffff, 0xffff, 0xffff, 0xffff, 0xffff, 0xffff, 0xffff, 0xffff, 0xffff, 0xffff, 0xffff,
    0xffff, 0xffff, 0xffff, 0xffff, 0xffff, 0xffff, 0xffff, 0xffff, 0xffff, 0xffff, 0xffff, 0xffff, 0xffff, 0xffff, 0xffff, 0xffff,
    0xffff, 0xffff, 0xffff, 0xffff, 0xffff, 0xffff, 0xffff, 0xffff, 0xffff, 0xffff, 0xffff, 0xffff, 0xffff, 0xffff, 0xffff, 0xffff,
    0xffff, 0xffff, 0xffff, 0xffff, 0xffff, 0xffff, 0xffff, 0xffff, 0xffff, 0xffff, 0xffff, 0xffff, 0xffff, 0xffff, 0xffff, 0xffff,
    0xffff, 0xffff, 0xffff, 0xffff, 0xffff, 0xffff, 0xffff, 0xffff, 0xffff, 0xffff, 0xffff, 0xffff, 0xffff, 0xffff, 0xffff, 0xffff,
    0xdf1c, 0x3a90, 0x4b32, 0xd6dc, 0xffff, 0xffff, 0xffff, 0xffff, 0xffff, 0xffff, 0xffff, 0xffff, 0xffff, 0xffff, 0xffff, 0xffff,
    0xffff, 0xf7df, 0xe79f, 0xc6dd, 0xffdf, 0xefbf, 0xb69d, 0xdf7e, 0xf7bf, 0xdf5e, 0xf7df, 0xffff, 0xffff, 0xffff, 0xffff, 0xffff,
    0xf7df, 0xd71e, 0xc6ff, 0xb6be, 0xbede, 0xbebe, 0xb69e, 0xae9e, 0x9e3d, 0xbeff, 0xb6df, 0xae9e, 0x7d7c, 0x6d3c, 0x651c, 0x651c,
    0x651c, 0x651c, 0x651c, 0x651c, 0x64fc, 0x6d3c, 0x9e5e, 0xc6de, 0xffff, 0xdf5f, 0xcf1f, 0xcf1e, 0x120f, 0x016e, 0x01af, 0x2377,
    0x447b, 0x7d9d, 0x43d6, 0x012d, 0x4c38, 0x6d7d, 0x961d, 0xc71f, 0xb6be, 0x5c17, 0x426e, 0xc4cf, 0xfdce, 0xf673, 0xff57, 0xff57,
    0xff77, 0xff57, 0xff58, 0xff57, 0xff77, 0xff57, 0xff37, 0xfef5, 0xfe31, 0xfe31, 0xfe51, 0xfe31, 0xfe31, 0xfe31, 0xfe73, 0xff37,
    0xff78, 0xff57, 0xff58, 0xff58, 0xff58, 0xff57, 0xff57, 0xff78, 0xfef5, 0xfe52, 0xfe31, 0xfe51, 0xfe52, 0xfe72, 0xfe92, 0xfe93,
    0xfdaf, 0xfd6e, 0xf58e, 0xf58f, 0xf5af, 0xfdaf, 0xf58f, 0xfe72, 0xfed4, 0xfed4, 0xfef4, 0xff16, 0xff57, 0xff57, 0xff79, 0xffdd,
    0xffbc, 0xff9b, 0xffde, 0xffff, 0xffff, 0xffff, 0xffff, 0xffff, 0xff78, 0xfe92, 0xcc8e, 0x014c, 0x016e, 0x5c57, 0x963e, 0x2292,
    0x1210, 0x9e5e, 0xbeff, 0xb69d, 0x09cf, 0x014d, 0x01f1, 0x4c79, 0xe79f, 0xffff, 0xe79f, 0x7d7c, 0x4c9b, 0x5cdc, 0x33f9, 0x02b5,
    0x1316, 0x8ddc, 0xefbf, 0xffff, 0xae3c, 0x1b57, 0x1b59, 0x445a, 0x757d, 0x7d9d, 0x2377, 0x3b95, 0xffff, 0xf7df, 0xc6ff, 0x64fb,
    0x8dfd, 0xcf1f, 0xc6ff, 0xbede, 0xbebe, 0xffff, 0xef9e, 0xffff, 0xd6fc, 0x09f1, 0xb6be, 0xe77f, 0xbebe, 0x6d3c, 0x1af5, 0xae1b,
    0xf7df, 0xdf7f, 0x9e1d, 0x445a, 0x8dbc, 0xf7bf, 0xffff, 0x9e1b, 0x12f7, 0x6499, 0xffff, 0xf7ff, 0xe77e, 0xf7df, 0x9dfb, 0x0a94,
    0x3bb8, 0xd73e, 0xffff, 0xe77e, 0xefbf, 0xffff, 0xf7df, 0xbebe, 0xc6fe, 0xf7df, 0xffff, 0xefbf, 0xb69d, 0xae7e, 0xae7d, 0xcf1e,
    0xef9f, 0xf7bf, 0xffff, 0xffff, 0xffff, 0xffff, 0xefbf, 0xffff, 0xdf5d, 0x6c14, 0x53b4, 0x53b4, 0x4b11, 0xbe5b, 0xffff, 0xffdf,
    0xffff, 0xffff, 0xffff, 0xffff, 0xffff, 0xffff, 0xffff, 0xffff, 0xffff, 0xffff, 0xffff, 0xffff, 0xffff, 0xffff, 0xffff, 0xffff,
    0xffff, 0xffff, 0xffff, 0xffff, 0xffff, 0xffff, 0xffff, 0xffff, 0xffff, 0xffff, 0xffff, 0xffff, 0xffff, 0xffff, 0xffff, 0xffff,
    0xffff, 0xffff, 0xffff, 0xffff, 0xffff, 0xffff, 0xffff, 0xffff, 0xffff, 0xffff, 0xffff, 0xffff, 0xffff, 0xffff, 0xffff, 0xffff,
    0xffff, 0xffff, 0xffff, 0xffff, 0xffff, 0xffff, 0xffff, 0xffff, 0xffff, 0xffff, 0xffff, 0xffff, 0xffff, 0xffff, 0xffff, 0xffff,
    0xffff, 0xffff, 0xffff, 0xffff, 0xffff, 0xffff, 0xffff, 0xffff, 0xffff, 0xffff, 0xffff, 0xffff, 0xffff, 0xffff, 0xffff, 0xcebb,
    0x5b93, 0x3a70, 0xbe5b, 0xffff, 0xffdf, 0xffff, 0xffff, 0xffff, 0xffff, 0xffff, 0xffff, 0xffff, 0xffff, 0xffff, 0xffff, 0xffff,
    0xffff, 0xffff, 0xffff, 0xf7bf, 0xffff, 0xf7df, 0xd73e, 0xf7df, 0xffff, 0xef7e, 0xf7df, 0xefbf, 0xefbf, 0xefbf, 0xffff, 0xffff,
    0xffff, 0xffff, 0xe77e, 0xc6fe, 0xe77f, 0xbebe, 0xb69e, 0xbede, 0xa65e, 0x755c, 0xb6bf, 0xbedf, 0xb6bf, 0x755c, 0x651c, 0x6d1c,
    0x651c, 0x651c, 0x651c, 0x651c, 0x651c, 0x651c, 0x7d9d, 0xc6df, 0xffff, 0xd73e, 0xdf5f, 0xdf7f, 0x1a4f, 0x016e, 0x018e, 0x2b77,
    0x3c5a, 0x4c9b, 0x755d, 0x2af3, 0x09f0, 0x547a, 0x7dbd, 0xae7e, 0xc6fe, 0xd77f, 0x53f7, 0x196c, 0xedcf, 0xfdf0, 0xf652, 0xff78,
    0xff57, 0xff57, 0xff57, 0xff77, 0xff57, 0xff57, 0xff58, 0xff57, 0xfeb4, 0xfe31, 0xfe31, 0xfe31, 0xfe31, 0xfe51, 0xfe31, 0xfeb4,
    0xff57, 0xff58, 0xff58, 0xff58, 0xff58, 0xff57, 0xff57, 0xff57, 0xff57, 0xff36, 0xfed4, 0xfe52, 0xfe52, 0xfe72, 0xfe72, 0xfe93,
    0xfe93, 0xfeb3, 0xfeb4, 0xfeb4, 0xfeb4, 0xfeb4, 0xfeb4, 0xfeb4, 0xfed4, 0xfed4, 0xff15, 0xff36, 0xff57, 0xff57, 0xff58, 0xff78,
    0xff9a, 0xffff, 0xffff, 0xffff, 0xffff, 0xffff, 0xffdd, 0xff99, 0xfed4, 0xf56e, 0xabee, 0x014c, 0x2ad2, 0xa6df, 0x3b34, 0x018f,
    0x4c18, 0xae9e, 0xc71f, 0xbefe, 0x11ef, 0x012d, 0x2af3, 0x9e3d, 0xf7df, 0xffff, 0xe79f, 0x859c, 0x54bb, 0x64dc, 0x2bb8, 0x0af7,
    0x33d8, 0xae9e, 0xefbf, 0xffff, 0x7519, 0x0b18, 0x1b78, 0x549b, 0x85dd, 0x85bd, 0x23b8, 0x4bf7, 0xffff, 0xef9f, 0xb69e, 0x5cfc,
    0x961d, 0xd75f, 0xc71f, 0x9e3d, 0xb6be, 0xffff, 0xe75e, 0xf7df, 0xcebc, 0x0a32, 0xa65d, 0xe79f, 0x95fd, 0x445a, 0x0ad5, 0xd71d,
    0xffff, 0xbebe, 0x6d3b, 0x3419, 0x9dfc, 0xffff, 0xf7df, 0x64b9, 0x2336, 0xe75e, 0xefbf, 0xd71d, 0xffff, 0xc6dd, 0x1af5, 0x12d5,
    0xa63c, 0xffff, 0xffdf, 0xe77e, 0xd73e, 0xefbf, 0xc6de, 0xd75e, 0xffff, 0xffff, 0xdf5e, 0xb67d, 0xa67d, 0xb69d, 0xe79f, 0xf7df,
    0xffff, 0xffff, 0xffff, 0xcf1e, 0xae7d, 0xcf1e, 0xc6fe, 0xbe9d, 0xf7df, 0xffff, 0xf7ff, 0xcedd, 0x6bd4, 0x42f1, 0xadf9, 0xffff,
    0xffff, 0xffff, 0xffff, 0xffff, 0xffff, 0xffff, 0xffff, 0xffff, 0xffff, 0xffff, 0xffff, 0xffff, 0xffff, 0xffff, 0xffff, 0xffff,
    0xffff, 0xffff, 0xffff, 0xffff, 0xffff, 0xffff, 0xffff, 0xffff, 0xffff, 0xffff, 0xffff, 0xffff, 0xffff, 0xffff, 0xffff, 0xffff,
    0xffff, 0xffff, 0xffff, 0xffff, 0xffff, 0xffff, 0xffff, 0xffff, 0xffff, 0xffff, 0xffff, 0xffff, 0xffff, 0xffff, 0xffff, 0xffff,
    0xffff, 0xffff, 0xffff, 0xffff, 0xffff, 0xffff, 0xffff, 0xffff, 0xffff, 0xffff, 0xffff, 0xffff, 0xffff, 0xffff, 0xffff, 0xffff,
    0xffff, 0xffff, 0xffff, 0xffff, 0xffff, 0xffff, 0xffff, 0xffff, 0xffff, 0xffff, 0xffff, 0xffff, 0xffff, 0xffff, 0xd71c, 0x3ad0,
    0x42f1, 0xffff, 0xffff, 0xffff, 0xffff, 0xffff, 0xffff, 0xffff, 0xffff, 0xf7df, 0xef9f, 0xffff, 0xffff, 0xffff, 0xffff, 0xffff,
    0xffff, 0xffff, 0xffff, 0xffff, 0xffff, 0xffff, 0xffff, 0xffff, 0xffff, 0xffff, 0xf7df, 0xb69e, 0xb6be, 0xb6be, 0xf7df, 0xffff,
    0xffff, 0xffff, 0xefbf, 0xf7bf, 0xefbf, 0xbebd, 0xb6be, 0xbede, 0xa63e, 0x6d3c, 0xae9f, 0xbeff, 0xbeff, 0x85dd, 0x64dc, 0x6d1c,
    0x651c, 0x651c, 0x651c, 0x651c, 0x651c, 0x64fc, 0x757d, 0xc6ff, 0xffff, 0xd75e, 0xd73e, 0xffff, 0xae3c, 0x1210, 0x018f, 0x01d1,
    0x2336, 0x447b, 0x755d, 0x759d, 0x1a51, 0x1272, 0x651c, 0x757c, 0x961d, 0xc71e, 0xb69d, 0x1a31, 0x5a8c, 0xf5af, 0xfe0f, 0xf693,
    0xff78, 0xff57, 0xff57, 0xff57, 0xff57, 0xff57, 0xff57, 0xff57, 0xff57, 0xfef5, 0xfe31, 0xfe31, 0xfe31, 0xfe31, 0xfe51, 0xfe31,
    0xfef5, 0xff78, 0xff57, 0xff58, 0xff58, 0xff57, 0xff57, 0xff77, 0xff57, 0xff78, 0xff57, 0xf693, 0xfe93, 0xfe53, 0xfe72, 0xfe93,
    0xfe93, 0xfeb3, 0xfed4, 0xfed4, 0xfed4, 0xfed4, 0xfed4, 0xfed4, 0xfed4, 0xfef4, 0xff15, 0xff16, 0xff56, 0xff57, 0xff57, 0xff9a,
    0xffff, 0xffff, 0xffff, 0xffff, 0xffff, 0xffff, 0xffba, 0xff56, 0xfe11, 0x9bad, 0x096d, 0x09cf, 0x5c37, 0x9e5e, 0x2251, 0x2b14,
    0xa69e, 0xcf3f, 0x9ddb, 0x7497, 0x11ef, 0x012d, 0x3b54, 0xcf5f, 0xffff, 0xf7df, 0xa63d, 0x64fb, 0x5cdb, 0x64dc, 0x23b8, 0x1337,
    0x755b, 0xbedf, 0xef9e, 0xffff, 0x6cd9, 0x1317, 0x2399, 0x651c, 0x8dbd, 0x85bd, 0x2398, 0x4c17, 0xffff, 0xef9f, 0xb69e, 0x64fc,
    0x95fd, 0xdf5f, 0xd75f, 0x7dbd, 0xb69e, 0xffff, 0xcf1e, 0xefbf, 0xd6fc, 0x0a52, 0x95fc, 0xefdf, 0x757c, 0x2bb9, 0x02b5, 0xcefd,
    0xefbf, 0xae7d, 0x445a, 0x54ba, 0xcefd, 0xffff, 0xd73e, 0x2397, 0x4bf6, 0xffff, 0xef9f, 0xd73e, 0xffff, 0x74d9, 0x0254, 0x859b,
    0xf7df, 0xffff, 0xe77e, 0xe77f, 0xdf5f, 0xc6de, 0xdf3e, 0xffff, 0xef9f, 0xbebe, 0xa65d, 0xae7d, 0xdf5e, 0xf7df, 0xffff, 0xffff,
    0xffff, 0xc6fd, 0xb69d, 0xa63d, 0xae9e, 0xdf7f, 0xffff, 0xffff, 0xffff, 0xffff, 0xffff, 0xffff, 0xffff, 0x7455, 0x3ad0, 0xd6bc,
    0xe77d, 0xe75d, 0xffbf, 0xffff, 0xffff, 0xffff, 0xffff, 0xffff, 0xffff, 0xffff, 0xffff, 0xffff, 0xffff, 0xffff, 0xffff, 0xffff,
    0xffff, 0xffff, 0xffff, 0xffff, 0xffff, 0xffff, 0xffff, 0xffff, 0xffff, 0xffff, 0xffff, 0xffff, 0xffff, 0xffff, 0xffff, 0xffff,
    0xffff, 0xffff, 0xffff, 0xffff, 0xffff, 0xffff, 0xffff, 0xffff, 0xffff, 0xffff, 0xffff, 0xffff, 0xffff, 0xffff, 0xffff, 0xffff,
    0xffff, 0xffff, 0xffff, 0xffff, 0xffff, 0xffff, 0xffff, 0xffff, 0xffff, 0xffff, 0xffff, 0xffff, 0xffff, 0xffff, 0xffff, 0xffff,
    0xffff, 0xffff, 0xffff, 0xffff, 0xffff, 0xffff, 0xffff, 0xffff, 0xffff, 0xffff, 0xffff, 0xffff, 0xffff, 0xbe5b, 0x010c, 0x6c14,
    0xf7bf, 0xffdf, 0xffff, 0xffff, 0xffff, 0xffff, 0xffff, 0xffff, 0xffff, 0xefbf, 0xd73e, 0xffff, 0xffff, 0xffff, 0xffff, 0xffff,
    0xffff, 0xffff, 0xffff, 0xffff, 0xffff, 0xffff, 0xffff, 0xffff, 0xffff, 0xef9f, 0xbede, 0xb6bf, 0xb6bf, 0xb6bf, 0xbede, 0xdf7f,
    0xffff, 0xffff, 0xffff, 0xffff, 0xffff, 0xffff, 0xcefe, 0xb69e, 0xb6be, 0xc6ff, 0x9e1d, 0x85bd, 0xbebf, 0x961e, 0x8e1d, 0x6d3c,
    0x651c, 0x651c, 0x651c, 0x651c, 0x651c, 0x64fc, 0x757d, 0xbede, 0xffff, 0xdf5f, 0xc6fe, 0xffff, 0xcefe, 0x1210, 0x018f, 0x016f,
    0x1af4, 0x3c5b, 0x64fc, 0x85be, 0x3bb7, 0x014e, 0x22d3, 0x5cfb, 0x7d9c, 0xbedf, 0xbf1e, 0xa63c, 0x11af, 0x62ee, 0xd50e, 0xfe30,
    0xfef5, 0xff57, 0xff57, 0xff57, 0xff77, 0xff57, 0xff57, 0xff57, 0xff57, 0xff16, 0xfe52, 0xfe31, 0xfe31, 0xfe31, 0xfe31, 0xfe31,
    0xfe52, 0xff16, 0xff78, 0xff57, 0xff57, 0xff58, 0xff58, 0xff57, 0xff77, 0xff58, 0xff57, 0xff57, 0xff16, 0xfe51, 0xfe72, 0xfe93,
    0xfeb3, 0xfeb3, 0xfed4, 0xfed4, 0xfed4, 0xfed4, 0xfed4, 0xfed4, 0xfed4, 0xfef5, 0xfef4, 0xfef5, 0xff36, 0xff9a, 0xffdd, 0xffbb,
    0xffdd, 0xffff, 0xffff, 0xffff, 0xffff, 0xffbb, 0xff99, 0xfe93, 0xb40d, 0x29cc, 0x014d, 0x53b5, 0xb6ff, 0x2af2, 0x016f, 0x5479,
    0xae7e, 0xdf9f, 0x5393, 0x00ed, 0x01af, 0x09f0, 0x7d7b, 0xe7bf, 0xffff, 0xdf7f, 0x7d7c, 0x5cdb, 0x64fc, 0x5cbb, 0x1316, 0x549a,
    0xaebf, 0xae9e, 0xef9f, 0xffff, 0x6cd9, 0x1338, 0x23b9, 0x6d3c, 0x85bd, 0x6d5c, 0x4c7a, 0x8d9a, 0xffff, 0xef9f, 0xb6be, 0x651c,
    0x8ddd, 0xe79f, 0xe79f, 0x7d7c, 0xa65d, 0xffff, 0xcf1e, 0xdf7f, 0xffff, 0x8539, 0x5c9a, 0xc6ff, 0x753b, 0x1316, 0x4c38, 0xe77e,
    0xc6fe, 0x8dfd, 0x3c3a, 0x8dbc, 0xffff, 0xf7df, 0x7d3a, 0x12d6, 0xbebe, 0xe77f, 0xdf5e, 0xffff, 0xc6bd, 0x22f5, 0x3b97, 0xcefd,
    0xffff, 0xe79f, 0xbebe, 0xc6de, 0x9dfc, 0xe77f, 0xffff, 0xd71e, 0xa65d, 0xa65e, 0xbede, 0xef9f, 0xffdf, 0xffff, 0xffdf, 0xe77e,
    0xa65d, 0x85bc, 0xb6be, 0xcf1e, 0xffff, 0xffff, 0xffff, 0xdf7f, 0xd71e, 0xd73e, 0xef9f, 0xffff, 0xf7df, 0xffff, 0xc6bc, 0x11ce,
    0x098e, 0x094c, 0xb61a, 0xffff, 0xffdf, 0xffff, 0xffff, 0xffff, 0xffff, 0xffff, 0xffff, 0xffff, 0xffff, 0xffff, 0xffff, 0xffff,
    0xffff, 0xffff, 0xffff, 0xffff, 0xffff, 0xffff, 0xffff, 0xffff, 0xffff, 0xffff, 0xffff, 0xffff, 0xffff, 0xffff, 0xffff, 0xffff,
    0xffff, 0xffff, 0xffff, 0xffff, 0xffff, 0xffff, 0xffff, 0xffff, 0xffff, 0xffff, 0xffff, 0xffff, 0xffff, 0xffff, 0xffff, 0xffff,
    0xffff, 0xffff, 0xffff, 0xffff, 0xffff, 0xffff, 0xffff, 0xffff, 0xffff, 0xffff, 0xffff, 0xffff, 0xffff, 0xffff, 0xffff, 0xffff,
    0xffff, 0xffff, 0xffff, 0xffff, 0xffff, 0xffff, 0xffff, 0xffff, 0xffff, 0xffff, 0xffff, 0xffff, 0x7456, 0x098e, 0xadfa, 0xef7e,
    0xffff, 0xffff, 0xffff, 0xffff, 0xffff, 0xffff, 0xf7bf, 0xffff, 0xf7bf, 0xef9f, 0xefbf, 0xe77e, 0xf7bf, 0xffff, 0xffff, 0xffff,
    0xffff, 0xffff, 0xffff, 0xffff, 0xffff, 0xffff, 0xffff, 0xffdf, 0xefbf, 0xefbf, 0xd71e, 0xc6df, 0xb6be, 0xb6bf, 0xae9e, 0xc6fe,
    0xef9f, 0xffff, 0xffff, 0xffff, 0xffff, 0xffff, 0xc6fe, 0xb69e, 0xb6bf, 0xbedf, 0xae7e, 0x755c, 0xae9f, 0x9e3e, 0xae7f, 0x6d3c,
    0x651c, 0x651c, 0x651c, 0x651c, 0x651c, 0x64fc, 0x6d5d, 0xbedf, 0xffff, 0xd75f, 0xc71e, 0xffff, 0xcf1f, 0x2ad3, 0x016f, 0x018f,
    0x1af5, 0x343a, 0x443a, 0x7d9d, 0x7d9d, 0x3b56, 0x016e, 0x2b14, 0x64fb, 0x8ddc, 0xbeff, 0xbebe, 0xb6de, 0x016e, 0x62ed, 0xfe30,
    0xf5f0, 0xfef5, 0xff36, 0xff57, 0xff57, 0xff57, 0xff57, 0xff57, 0xff57, 0xff57, 0xff37, 0xfed4, 0xfe11, 0xfe31, 0xfe31, 0xfe31,
    0xfe31, 0xfed4, 0xff57, 0xff57, 0xff57, 0xff58, 0xff57, 0xff58, 0xff57, 0xff58, 0xff58, 0xff58, 0xff57, 0xff36, 0xfef5, 0xf5af,
    0xf5cf, 0xfe72, 0xfed4, 0xfed4, 0xfed4, 0xfed4, 0xfed4, 0xfed4, 0xfed4, 0xfed4, 0xfed4, 0xff36, 0xff77, 0xff78, 0xff79, 0xff9a,
    0xfffe, 0xffff, 0xffff, 0xffff, 0xffff, 0xff9a, 0xff37, 0xfe11, 0x836e, 0x00ed, 0x2ab2, 0xa67e, 0x5438, 0x012e, 0x3314, 0x8e1d,
    0xae7e, 0xdf9f, 0x5bd4, 0x014e, 0x01af, 0x1231, 0xa67e, 0xffff, 0xffff, 0xe79f, 0x859c, 0x64db, 0x64fc, 0x3c19, 0x2bb8, 0x7d9c,
    0xb6bf, 0xb69e, 0xef9f, 0xffff, 0x6cd9, 0x1338, 0x23b9, 0x6d1c, 0x85bd, 0x5cdb, 0x8dbd, 0xd73e, 0xffff, 0xefbf, 0xb6bf, 0x6d5c,
    0x95fd, 0xf7ff, 0xf7df, 0x859c, 0x8dfd, 0xef9f, 0xcf1e, 0xe77f, 0xffff, 0x95ba, 0x3c19, 0xb6bf, 0x6d5c, 0x0a74, 0xae3c, 0xffff,
    0xb69d, 0x757c, 0x2bd9, 0x95fc, 0xffff, 0xb67d, 0x33b8, 0x2b77, 0xbede, 0xcf1e, 0xe77f, 0xffff, 0x53f6, 0x0a53, 0x955a, 0xffff,
    0xf7df, 0xbefe, 0x859c, 0xa63d, 0xe77f, 0xffff, 0xd73e, 0x8ddd, 0x9e1d, 0xc6de, 0xf7df, 0xffff, 0xffff, 0xe79f, 0x6cd9, 0x549a,
    0x651b, 0xbedd, 0xffff, 0xffff, 0xf7df, 0xefbf, 0xc6fe, 0xae7e, 0xae9d, 0xae9d, 0xe75e, 0xffff, 0xffff, 0xffdf, 0xffdf, 0xbe3b,
    0xb61b, 0xa5b9, 0x19ee, 0x63d3, 0xffff, 0xffff, 0xffff, 0xffff, 0xffff, 0xffff, 0xffff, 0xffff, 0xffff, 0xffff, 0xffff, 0xffff,
    0xffff, 0xffff, 0xffff, 0xffff, 0xffff, 0xffff, 0xffff, 0xffff, 0xffff, 0xffff, 0xffff, 0xffff, 0xffff, 0xffff, 0xffff, 0xffff,
    0xffff, 0xffff, 0xffff, 0xffff, 0xffff, 0xffff, 0xffff, 0xffff, 0xffff, 0xffff, 0xffff, 0xffff, 0xffff, 0xffff, 0xffff, 0xffff,
    0xffff, 0xffff, 0xffff, 0xffff, 0xffff, 0xffff, 0xffff, 0xffff, 0xffff, 0xffff, 0xffff, 0xffff, 0xffff, 0xffff, 0xffff, 0xffff,
    0xffff, 0xffff, 0xffff, 0xffff, 0xffff, 0xffff, 0xffff, 0xffff, 0xffff, 0xffff, 0xce9b, 0x7455, 0x32b1, 0xadfa, 0xffff, 0xffff,
    0xffff, 0xffff, 0xffff, 0xffff, 0xffff, 0xf7df, 0xbe9d, 0xefbf, 0xd71e, 0xbede, 0xbede, 0xcefe, 0xf7df, 0xffff, 0xffff, 0xffff,
    0xffff, 0xffff, 0xffff, 0xffff, 0xffff, 0xffff, 0xf7bf, 0xe77f, 0xcede, 0xf7df, 0xffff, 0xd73e, 0xae9f, 0xb6bf, 0xb6be, 0xb6bf,
    0xb69e, 0xdf5f, 0xf7df, 0xffff, 0xffff, 0xffff, 0xefbf, 0xcf1e, 0xb6be, 0xb6be, 0xbedf, 0x963d, 0x961d, 0xb6df, 0xb6bf, 0x757c,
    0x6d3d, 0x651c, 0x651c, 0x651c, 0x651c, 0x64fc, 0x7d9d, 0xbede, 0xffff, 0xd73e, 0xc6ff, 0xefbf, 0xefdf, 0x7d18, 0x012d, 0x018e,
    0x22f5, 0x341b, 0x3c1a, 0x757d, 0x85bd, 0x85bd, 0x3314, 0x010d, 0x22d3, 0x6cfc, 0x8dfd, 0xb6de, 0xc71f, 0x74f9, 0x222f, 0x420b,
    0xf5d0, 0xfe0f, 0xf610, 0xfef5, 0xff77, 0xff57, 0xff57, 0xff57, 0xff57, 0xff57, 0xff58, 0xff15, 0xfe11, 0xfe31, 0xfe31, 0xfe31,
    0xfe31, 0xfe31, 0xfeb4, 0xff78, 0xff57, 0xff57, 0xff78, 0xff57, 0xff57, 0xff57, 0xff57, 0xff57, 0xff78, 0xff78, 0xff57, 0xfe52,
    0xfdf0, 0xfe31, 0xfe31, 0xfe31, 0xfe31, 0xfe31, 0xfe31, 0xfe51, 0xfe31, 0xfe51, 0xfef5, 0xff77, 0xff77, 0xff78, 0xffdd, 0xffff,
    0xffff, 0xffff, 0xffff, 0xffff, 0xffdd, 0xff78, 0xf610, 0xdc8e, 0x3a4e, 0x014e, 0x53f6, 0x9e5d, 0x018f, 0x1a72, 0x64da, 0xae9e,
    0xe7df, 0x5bd3, 0x09ae, 0x01af, 0x018f, 0x2271, 0xe77f, 0xffff, 0xffff, 0xb6be, 0x6d3c, 0x6d1b, 0x64fb, 0x23b8, 0x5cdb, 0x9e3d,
    0xb6be, 0xd73f, 0xffdf, 0xffff, 0x64b9, 0x0b17, 0x445a, 0x755c, 0xa65e, 0x64fb, 0xa61d, 0xffff, 0xffff, 0xef9f, 0xb6be, 0x757c,
    0x9e1d, 0xffff, 0xffff, 0x8ddd, 0x8ddd, 0xefbf, 0xcf1e, 0xc71e, 0xffff, 0xb67c, 0x4439, 0x755c, 0x5cfb, 0x0a74, 0xc69c, 0xdf7f,
    0x95fd, 0x6d3c, 0x23b8, 0xa63c, 0xffff, 0x855a, 0x0ab6, 0x859c, 0xbede, 0xef9f, 0xffff, 0xc6fe, 0x1231, 0x6436, 0xefbf, 0xf7df,
    0xbede, 0x961e, 0x6cfa, 0xe77e, 0xffff, 0xdf5f, 0x9e3d, 0x8dfd, 0xc6de, 0xef9f, 0xffff, 0xffff, 0xb65c, 0x6d1b, 0x447b, 0x5cdb,
    0xd73e, 0xffff, 0xffff, 0xefbf, 0xc6fe, 0xb69e, 0xb6be, 0xe79f, 0xf7df, 0xffff, 0xe79f, 0xdf3f, 0xd73e, 0xe75e, 0xffff, 0xffff,
    0xffff, 0xffff, 0xb5fa, 0x6c35, 0x4b11, 0xe77e, 0xffff, 0xffff, 0xffff, 0xffff, 0xffff, 0xffff, 0xffff, 0xffff, 0xffff, 0xffff,
    0xffff, 0xffff, 0xffff, 0xffff, 0xffff, 0xffff, 0xffff, 0xffff, 0xffff, 0xffff, 0xffff, 0xffff, 0xffff, 0xffff, 0xffff, 0xffff,
    0xffff, 0xffff, 0xffff, 0xffff, 0xffff, 0xffff, 0xffff, 0xffff, 0xffff, 0xffff, 0xffff, 0xffff, 0xffff, 0xffff, 0xffff, 0xffff,
    0xffff, 0xffff, 0xffff, 0xffff, 0xffff, 0xffff, 0xffff, 0xffff, 0xffff, 0xffff, 0xffff, 0xffff, 0xffff, 0xffff, 0xffff, 0xffff,
    0xffff, 0xffff, 0xffff, 0xffff, 0xffff, 0xffff, 0xffff, 0xffff, 0xffdf, 0xbe7a, 0x4311, 0x2a2e, 0xf7df, 0xffff, 0xffff, 0xffff,
    0xffff, 0xffff, 0xffff, 0xffff, 0xf7bf, 0xefbf, 0xe77f, 0xcf1e, 0xbede, 0xbede, 0xcf1e, 0xe7bf, 0xef9f, 0xcf1e, 0xe79f, 0xffff,
    0xffff, 0xffff, 0xffff, 0xffff, 0xffff, 0xffff, 0xc6fe, 0xdf5f, 0xffff, 0xffff, 0xefbf, 0xcefe, 0xb69e, 0xb6bf, 0xb6bf, 0xb6be,
    0xb6be, 0xb69e, 0xc6fe, 0xffff, 0xffff, 0xffff, 0xffff, 0xe77f, 0xb69e, 0xb6be, 0xbedf, 0x9e3e, 0x64fb, 0xae9f, 0xb6bf, 0xb6bf,
    0x85bd, 0x64fc, 0x651c, 0x651c, 0x651c, 0x64fc, 0x9e3e, 0xb6be, 0xcefe, 0xcf1e, 0xc6df, 0xe79f, 0xffff, 0xbe9c, 0x22d4, 0x016e,
    0x1af5, 0x341b, 0x2bd9, 0x445a, 0x755c, 0x85bd, 0x64da, 0x2ab3, 0x016f, 0x1a72, 0x64fb, 0x85bc, 0xbebe, 0xcf5f, 0x6476, 0x094c,
    0xcd31, 0xfe0f, 0xfdcf, 0xfe31, 0xff36, 0xff57, 0xff57, 0xff57, 0xff57, 0xff57, 0xff58, 0xff16, 0xfe52, 0xfe11, 0xfe11, 0xfe11,
    0xfe31, 0xfe31, 0xfe32, 0xfeb5, 0xff77, 0xff58, 0xffdc, 0xff9a, 0xff9a, 0xff9a, 0xff9a, 0xff78, 0xff77, 0xff77, 0xff78, 0xff36,
    0xfeb4, 0xfe72, 0xfe10, 0xfe10, 0xfe10, 0xfe10, 0xfe10, 0xfe10, 0xfe31, 0xfeb4, 0xff57, 0xff57, 0xff57, 0xff58, 0xfffe, 0xffff,
    0xffff, 0xffff, 0xffff, 0xffbc, 0xff78, 0xfe93, 0xf56f, 0x4a4d, 0x010d, 0x32d2, 0xb6bf, 0x74f9, 0x010d, 0x5c99, 0xa69e, 0xb6be,
    0xdf7f, 0x32d2, 0x014e, 0x016d, 0x22b2, 0x7d5b, 0xf7df, 0xffff, 0xefbf, 0x95fc, 0x6d1b, 0x6d1c, 0x54bb, 0x2378, 0x7d9c, 0xbedf,
    0xb69e, 0xdf5f, 0xffdf, 0xf7df, 0x64b9, 0x2bb9, 0x64fc, 0x8dbd, 0xc73f, 0x5cdb, 0xae3d, 0xffff, 0xffff, 0xef9f, 0xb6be, 0x7d9d,
    0x961d, 0xffff, 0xffff, 0x8ddd, 0x8ddd, 0xf7df, 0xc6fe, 0xae7d, 0xffdf, 0xf7df, 0x547a, 0x2357, 0x447a, 0x0a73, 0xcebc, 0xbefe,
    0x7d9d, 0x445a, 0x64db, 0xe77f, 0xe75e, 0x6cd9, 0x2316, 0xb6be, 0xcf1e, 0xffff, 0xe77e, 0x5cb9, 0x09f1, 0x7cd8, 0xffff, 0xdf7f,
    0x85dd, 0x5cba, 0xcedd, 0xffff, 0xd71e, 0x8dfd, 0x9e1d, 0xa65c, 0xe77e, 0xffff, 0xffff, 0x9ddb, 0x549a, 0x3c1a, 0x6d1b, 0xc6dd,
    0xffff, 0xffff, 0xdf5e, 0xbebe, 0xbebe, 0xe79f, 0xf7df, 0xffdf, 0xd73e, 0xdf5e, 0xc6de, 0xcf1e, 0xf7df, 0xf7df, 0xe77e, 0xdf7f,
    0xdf7f, 0xe77e, 0xffff, 0xcedc, 0x096c, 0xef9e, 0xffff, 0xffff, 0xffff, 0xffff, 0xffff, 0xffff, 0xffff, 0xffff, 0xffff, 0xffff,
    0xffff, 0xffff, 0xffff, 0xffff, 0xffff, 0xffff, 0xffff, 0xffff, 0xffff, 0xffff, 0xffff, 0xffff, 0xffff, 0xffff, 0xffff, 0xffff,
    0xffff, 0xffff, 0xffff, 0xffff, 0xffff, 0xffff, 0xffff, 0xffff, 0xffff, 0xffff, 0xffff, 0xffff, 0xffff, 0xffff, 0xffff, 0xffff,
    0xffff, 0xffff, 0xffff, 0xffff, 0xffff, 0xffff, 0xffff, 0xffff, 0xffff, 0xffff, 0xffff, 0xffff, 0xffff, 0xffff, 0xffff, 0xffff,
    0xffff, 0xffff, 0xffff, 0xffff, 0xffff, 0xffff, 0xffdf, 0xe73d, 0xb63a, 0x00eb, 0x5bf4, 0xf7df, 0xffff, 0xffdf, 0xffff, 0xffff,
    0xffff, 0xffff, 0xffff, 0xffff, 0xc6dd, 0xc6de, 0xffff, 0xcf1f, 0xb6df, 0xc6fe, 0xf7df, 0xc6de, 0xb6be, 0xb6be, 0xe79f, 0xffff,
    0xffff, 0xffff, 0xffff, 0xffdf, 0xf7bf, 0xcf1e, 0xdf5f, 0xffff, 0xf7df, 0xef9f, 0xbebe, 0xb69e, 0xe77f, 0xc6fe, 0xb69e, 0xb6be,
    0xb6be, 0xb6be, 0xbebe, 0xcf1e, 0xf7df, 0xffff, 0xffff, 0xef9f, 0xbede, 0xb6bf, 0xb6be, 0xb6df, 0x6d1c, 0x6d1b, 0xb6df, 0xb6bf,
    0x7d9c, 0x64fc, 0x651c, 0x651c, 0x651c, 0x651c, 0x651c, 0x7d7c, 0xc6ff, 0xc6ff, 0xbedf, 0xd73f, 0xffff, 0xefbf, 0x5c57, 0x010d,
    0x2335, 0x341a, 0x2bfa, 0x23b9, 0x64fc, 0x85bd, 0x85de, 0x6d1b, 0x01b0, 0x01ae, 0x1a72, 0x5cba, 0x8dfd, 0xb6bf, 0xc6ff, 0x8518,
    0x012b, 0xbcef, 0xfe50, 0xfdf0, 0xfe10, 0xfef5, 0xff57, 0xff57, 0xff58, 0xff57, 0xff57, 0xff78, 0xfed4, 0xfe11, 0xfe31, 0xfe11,
    0xfe31, 0xfe31, 0xfe11, 0xfe93, 0xff78, 0xff58, 0xffdd, 0xffff, 0xffff, 0xffff, 0xffff, 0xff9a, 0xff78, 0xff57, 0xff77, 0xff58,
    0xff37, 0xfef5, 0xfe72, 0xfe10, 0xfe10, 0xfe10, 0xfe30, 0xfe11, 0xfe73, 0xff57, 0xff57, 0xff57, 0xff78, 0xffbb, 0xffff, 0xffff,
    0xffff, 0xffff, 0xffff, 0xffba, 0xff36, 0xfd8f, 0x7b0d, 0x094e, 0x1a71, 0xa65d, 0x7d3a, 0x016e, 0x1a72, 0x7d5b, 0xbeff, 0xd77f,
    0xae7d, 0x120f, 0x01af, 0x012c, 0x3b33, 0xc6ff, 0xefbf, 0xffff, 0xae5d, 0x6d3c, 0x757c, 0x54bb, 0x2bf9, 0x54bb, 0x9e1d, 0xa63d,
    0x8ddc, 0xe79f, 0xffff, 0x64b8, 0x3c5a, 0x5d1d, 0x7d7c, 0xa63e, 0xcf3f, 0x64fb, 0xa63d, 0xffff, 0xffff, 0xefbf, 0x95fd, 0x755c,
    0xb69d, 0xffff, 0xffff, 0x95fd, 0x85bd, 0xffff, 0xd73e, 0xa67d, 0xefbf, 0xffff, 0x8518, 0x01d0, 0x3c3a, 0x0a74, 0xcebd, 0xbede,
    0x757d, 0x4c7b, 0x8dbc, 0xffff, 0x5c78, 0x2377, 0x7d7d, 0xb6be, 0xf7bf, 0xffff, 0xc6fd, 0x01d1, 0x3314, 0xd75e, 0xdf7e, 0x9e7e,
    0x5cbb, 0x5c58, 0xffff, 0xd73e, 0x8dfd, 0x85bd, 0xa63d, 0xefdf, 0xffff, 0xf7ff, 0x859b, 0x445a, 0x3c1a, 0x9dfc, 0xef9e, 0xffff,
    0xdf5e, 0xcefe, 0xcefe, 0xdf5e, 0xefbf, 0xffff, 0xdf5e, 0xc6de, 0xb69d, 0xe77f, 0xffdf, 0xffff, 0xe79e, 0xcf1e, 0xb69e, 0xa65e,
    0x95fd, 0x9e1d, 0xd75f, 0xbe7b, 0x19ce, 0xadda, 0xf7be, 0xffff, 0xffff, 0xffff, 0xffff, 0xffff, 0xffff, 0xffff, 0xffff, 0xffff,
    0xffff, 0xffff, 0xffff, 0xffff, 0xffff, 0xffff, 0xffff, 0xffff, 0xffff, 0xffff, 0xffff, 0xffff, 0xffff, 0xffff, 0xffff, 0xffff,
    0xffff, 0xffff, 0xffff, 0xffff, 0xffff, 0xffff, 0xffff, 0xffff, 0xffff, 0xffff, 0xffff, 0xffff, 0xffff, 0xffff, 0xffff, 0xffff,
    0xffff, 0xffff, 0xffff, 0xffff, 0xffff, 0xffff, 0xffff, 0xffff, 0xffff, 0xffff, 0xffff, 0xffff, 0xffff, 0xffff, 0xffff, 0xffff,
    0xffff, 0xffff, 0xffff, 0xffff, 0xffff, 0xffff, 0xffff, 0x2a2f, 0x21ef, 0xd71d, 0xf7df, 0xffdf, 0xffdf, 0xffff, 0xffff, 0xffff,
    0xffff, 0xffff, 0xefbf, 0xd71e, 0xf7df, 0xef9f, 0xc6de, 0xbeff, 0xbede, 0xbede, 0xbebe, 0xbebe, 0xbedf, 0xbebe, 0xdf5e, 0xffff,
    0xdf5e, 0xe79f, 0xffff, 0xffff, 0xffdf, 0xef9f, 0xefbf, 0xef9f, 0xd71e, 0xc6df, 0xc71e, 0xdf5f, 0xdf5f, 0xbebe, 0xb6be, 0xb6be,
    0xb6be, 0xb6bf, 0xb6be, 0xb69e, 0xf7bf, 0xffff, 0xffff, 0xffff, 0xe79f, 0xb69e, 0xbede, 0xb6be, 0xa69e, 0x85dd, 0x7d7c, 0xb69f,
    0xae7e, 0x85dd, 0x64fc, 0x651c, 0x651c, 0x651c, 0x64fc, 0x755c, 0xd73f, 0xc6ff, 0xbedf, 0xcf1e, 0xef9f, 0xffff, 0x74f8, 0x0190,
    0x1251, 0x2b78, 0x33fa, 0x2bd9, 0x549b, 0x7d7d, 0x7d9c, 0x7dbd, 0x5438, 0x014e, 0x018e, 0x2292, 0x54ba, 0x963d, 0xbedf, 0xbeff,
    0x32f3, 0x326e, 0xe590, 0xfe2f, 0xfdcf, 0xfe10, 0xfed5, 0xff77, 0xff57, 0xff57, 0xff57, 0xff58, 0xfed4, 0xfe10, 0xfe31, 0xfe11,
    0xfe31, 0xfe31, 0xfe31, 0xfe72, 0xff16, 0xff57, 0xff78, 0xffde, 0xffff, 0xffff, 0xffff, 0xfffe, 0xff9a, 0xff57, 0xff57, 0xff58,
    0xff57, 0xff37, 0xfeb4, 0xfe10, 0xfe11, 0xfe11, 0xfe10, 0xfed4, 0xff57, 0xff57, 0xff57, 0xff57, 0xff78, 0xffff, 0xffff, 0xffff,
    0xffff, 0xffff, 0xff9a, 0xff35, 0xfdf1, 0xc44e, 0x19cd, 0x016e, 0x857b, 0xae7e, 0x1a10, 0x01af, 0x6cfa, 0xaebf, 0xbede, 0xe79f,
    0x4b74, 0x014e, 0x09f0, 0x00ec, 0x5373, 0xf7df, 0xf7df, 0xffff, 0xa65d, 0x6d3c, 0x7d7c, 0x3c3a, 0x2bb9, 0x9e3d, 0xc71f, 0x961d,
    0x7d9c, 0xe77f, 0xffff, 0x5458, 0x341a, 0x54bb, 0x9e3d, 0xc71f, 0xb6bf, 0x54bb, 0xae5d, 0xffff, 0xf7bf, 0xcf1e, 0x8ddd, 0x6d3c,
    0xc6de, 0xf7df, 0xdf5e, 0x95fd, 0x7d9c, 0xffff, 0xe77f, 0x8ddc, 0xcefe, 0xffff, 0xd6bb, 0x09af, 0x33f9, 0x1ab3, 0xd71d, 0xae7e,
    0x6d1c, 0x443a, 0x95dc, 0xffff, 0x5c79, 0x2b77, 0x9e5e, 0xbede, 0xffff, 0xd73d, 0x64b8, 0x1211, 0xc69d, 0xe7bf, 0xae7e, 0x6d3c,
    0x43f7, 0xef9f, 0xef9f, 0x85bc, 0x757d, 0x8ddc, 0xe79f, 0xffff, 0xd71d, 0x753a, 0x3c3a, 0x3c3a, 0x751a, 0xef9e, 0xf7df, 0xd73e,
    0xb6be, 0xbebe, 0xefbf, 0xffff, 0xe77f, 0xbebe, 0xd73e, 0xef9f, 0xefbf, 0xffff, 0xe77e, 0xd73e, 0xa63d, 0x961d, 0x9e3e, 0xb69e,
    0xdf7e, 0xdf5f, 0xef9f, 0xe77e, 0xc69c, 0x010c, 0x84d7, 0xffdf, 0xffff, 0xffff, 0xffff, 0xffff, 0xffff, 0xffff, 0xffff, 0xffff,
    0xffff, 0xffff, 0xffff, 0xffff, 0xffff, 0xffff, 0xffff, 0xffff, 0xffff, 0xffff, 0xffff, 0xffff, 0xffff, 0xffff, 0xffff, 0xffff,
    0xffff, 0xffff, 0xffff, 0xffff, 0xffff, 0xffff, 0xffff, 0xffff, 0xffff, 0xffff, 0xffff, 0xffff, 0xffff, 0xffff, 0xffff, 0xffff,
    0xffff, 0xffff, 0xffff, 0xffff, 0xffff, 0xffff, 0xffff, 0xffff, 0xffff, 0xffff, 0xffff, 0xffff, 0xffff, 0xffff, 0xffff, 0xffff,
    0xffff, 0xffff, 0xffff, 0xffff, 0xffff, 0xe77e, 0x2a2f, 0x3b12, 0x74b7, 0xb5fa, 0xc67b, 0xffff, 0xffff, 0xffff, 0xffff, 0xffff,
    0xffff, 0xffff, 0xf7df, 0xe77e, 0xf7df, 0xdf5f, 0xbebe, 0xbedf, 0xbebf, 0xbedf, 0xbedf, 0xbebe, 0xbebe, 0xf7df, 0xffff, 0xf7df,
    0xc6fe, 0xcefe, 0xffdf, 0xffff, 0xffff, 0xffff, 0xe77f, 0xb69e, 0xb6be, 0xc6ff, 0xefbf, 0xcefe, 0xb69e, 0xb6bf, 0xb6bf, 0xb6bf,
    0xb6be, 0xb6be, 0xb6bf, 0xb6be, 0xefbf, 0xef9e, 0xe77e, 0xffff, 0xf7bf, 0xc6de, 0xbede, 0xb6bf, 0xc6ff, 0x9e3e, 0x4c7a, 0x9e5e,
    0xbedf, 0x9e1d, 0x6d1c, 0x651c, 0x651c, 0x651c, 0x651c, 0x6d3c, 0xa65e, 0xbedf, 0xbedf, 0xb6df, 0xbede, 0xffff, 0xb67d, 0x3398,
    0x018e, 0x1af6, 0x341b, 0x33fa, 0x2bd9, 0x5cbb, 0x859d, 0x85bd, 0x6d3b, 0x1ad4, 0x01af, 0x014d, 0x1231, 0x5479, 0xb6bf, 0xbede,
    0xc71f, 0x1a30, 0x5aed, 0xf5f0, 0xfdcf, 0xfdef, 0xfe10, 0xfef5, 0xff77, 0xff57, 0xff57, 0xff57, 0xfef5, 0xfe52, 0xfe11, 0xfe31,
    0xfe31, 0xfe31, 0xfe31, 0xfdf0, 0xfed4, 0xff78, 0xff57, 0xffdd, 0xffff, 0xffff, 0xffff, 0xffff, 0xffdd, 0xff78, 0xff57, 0xff57,
    0xff57, 0xff78, 0xff37, 0xfe93, 0xfdf0, 0xfe11, 0xfed4, 0xff57, 0xff57, 0xff57, 0xff57, 0xff37, 0xff78, 0xffde, 0xffff, 0xffff,
    0xffdd, 0xff79, 0xff56, 0xf672, 0xed2e, 0x4a8f, 0x010e, 0x7d5a, 0x95dc, 0x3b13, 0x00ec, 0x4bf7, 0xae9f, 0xbedf, 0xc6ff, 0xdf5e,
    0x2270, 0x018f, 0x09cf, 0x016e, 0x6477, 0xffff, 0xffdf, 0xffff, 0xae5d, 0x6d3c, 0x6d1c, 0x3c3a, 0x443a, 0xb69e, 0xae5e, 0x757c,
    0x85bc, 0xf7df, 0xffff, 0x5459, 0x3c1a, 0x85dd, 0xb6be, 0xbedf, 0xbeff, 0x5cbb, 0xa63c, 0xffff, 0xefbf, 0xc6de, 0x8ddd, 0x7d7c,
    0xefbf, 0xf7bf, 0xc6fe, 0x8ddd, 0x7d7c, 0xf7df, 0xef9f, 0x85dc, 0xc6fe, 0xffff, 0xd6bc, 0x09cf, 0x12d5, 0x2292, 0xd73e, 0x9e3e,
    0x447a, 0x2378, 0xae7d, 0xefbf, 0x2b36, 0x3bd8, 0xcf1f, 0xe75e, 0xffff, 0xb63b, 0x016f, 0x6458, 0xefdf, 0xc6fe, 0x7d9c, 0x2b98,
    0xa5fb, 0xffff, 0xc6fe, 0x54db, 0x7d7c, 0xe77e, 0xffff, 0xdf3e, 0x7d5a, 0x1b99, 0x445a, 0x6cf9, 0xef9e, 0xffff, 0xcefe, 0xb69e,
    0xd71e, 0xffff, 0xf7df, 0xbebd, 0xb69d, 0xcefe, 0xf7df, 0xffff, 0xffdf, 0xbebd, 0x961d, 0x8ddd, 0xae9e, 0xdf7f, 0xd73e, 0xe77e,
    0xffff, 0xffff, 0xffff, 0xffff, 0xffff, 0xb61a, 0x328f, 0x7455, 0xe75d, 0xffff, 0xffff, 0xffff, 0xffff, 0xffff, 0xffff, 0xffff,
    0xffff, 0xffff, 0xffff, 0xffff, 0xffff, 0xffff, 0xffff, 0xffff, 0xffff, 0xffff, 0xffff, 0xffff, 0xffff, 0xffff, 0xffff, 0xffff,
    0xffff, 0xffff, 0xffff, 0xffff, 0xffff, 0xffff, 0xffff, 0xffff, 0xffff, 0xffff, 0xffff, 0xffff, 0xffff, 0xffff, 0xffff, 0xffff,
    0xffff, 0xffff, 0xffff, 0xffff, 0xffff, 0xffff, 0xffff, 0xffff, 0xffff, 0xffff, 0xffff, 0xffff, 0xffff, 0xffff, 0xffff, 0xffff,
    0xffff, 0xffff, 0xffff, 0xffff, 0xbe5a, 0x63d3, 0x3ad1, 0x74b7, 0x7cf8, 0x2ad3, 0x2a91, 0x84d7, 0x9537, 0xe75e, 0xffff, 0xffdf,
    0xffff, 0xffff, 0xffff, 0xffff, 0xdf5e, 0xc6de, 0xdf7f, 0xbebe, 0xbebe, 0xbedf, 0xbede, 0xbebe, 0xbebe, 0xd73e, 0xe77f, 0xc6fe,
    0xb6bf, 0xbede, 0xefbf, 0xffff, 0xffff, 0xffff, 0xf7df, 0xd75e, 0xb6df, 0xb6be, 0xb6be, 0xb6bf, 0xb6bf, 0xb6bf, 0xb6bf, 0xb6bf,
    0xb6bf, 0xb6bf, 0xb6bf, 0xb6bf, 0xc6fe, 0xd73e, 0xcefe, 0xdf3e, 0xe79f, 0xffff, 0xc71e, 0xb6bf, 0xb6be, 0xb6bf, 0xa67e, 0x651c,
    0xae9f, 0xc71f, 0x95fe, 0x5cfc, 0x651c, 0x651c, 0x64fc, 0x757c, 0x8dbd, 0xb69e, 0xbedf, 0xbedf, 0xc6ff, 0xffff, 0xdf7f, 0x5c79,
    0x016e, 0x1b15, 0x341b, 0x33fa, 0x341a, 0x2bda, 0x5cdb, 0x85bd, 0x7d9d, 0x5cdb, 0x01d0, 0x0a52, 0x0211, 0x018e, 0x5c78, 0xae9f,
    0xbedf, 0xbefe, 0x2ab2, 0x5a8c, 0xfe91, 0xfdcf, 0xfdef, 0xfe10, 0xff16, 0xff57, 0xff57, 0xff57, 0xff78, 0xff16, 0xfe31, 0xfe32,
    0xfe31, 0xfe31, 0xfe31, 0xfe11, 0xfed4, 0xff36, 0xff57, 0xffdd, 0xffff, 0xffff, 0xffff, 0xffff, 0xffff, 0xffbc, 0xff78, 0xff57,
    0xff58, 0xff57, 0xff78, 0xff36, 0xfe93, 0xfeb4, 0xff56, 0xff57, 0xff57, 0xff57, 0xff57, 0xff58, 0xffbc, 0xffff, 0xffde, 0xffdd,
    0xff36, 0xff15, 0xfeb4, 0xed4f, 0x5ace, 0x012d, 0x32b1, 0xc73f, 0x5c37, 0x006b, 0x3b75, 0x9e1d, 0xbeff, 0xb6be, 0xd75f, 0x7cb6,
    0x010c, 0x12b5, 0x018f, 0x1a92, 0xa65d, 0xffff, 0xffff, 0xc6fd, 0x8dbc, 0x7d5d, 0x3c19, 0x3419, 0xae9e, 0xc6ff, 0x85bc, 0x5cdb,
    0x85bc, 0xffff, 0xffff, 0x5478, 0x3c3a, 0xa67e, 0xbedf, 0xb6be, 0xc71f, 0x64fb, 0xa63c, 0xffff, 0xf7bf, 0xc6fe, 0x8ddd, 0x859c,
    0xf7df, 0xf7df, 0xc6ff, 0x9e3e, 0x7d9d, 0xe77f, 0xffff, 0xae7d, 0xb6bd, 0xffff, 0xd6dc, 0x09cf, 0x014e, 0x3b54, 0xbeff, 0x9e5e,
    0x447b, 0x2377, 0xcefe, 0xbebd, 0x0a95, 0x4c39, 0xcf1f, 0xe77e, 0xf7df, 0x959a, 0x11b0, 0x95ba, 0xd79f, 0x9e3d, 0x4439, 0x5437,
    0xef9f, 0xc6dd, 0x755c, 0x33f8, 0xbe9d, 0xffff, 0xdf5e, 0x4c79, 0x23b9, 0x4c5a, 0x855a, 0xffff, 0xef9f, 0xc6fe, 0xbede, 0xbebe,
    0xdf7f, 0xd73e, 0xae9d, 0xbe9d, 0xe75e, 0xffff, 0xffff, 0xcefe, 0xae9e, 0x961d, 0xa67e, 0xc6fe, 0xe77f, 0xffff, 0xffff, 0xffff,
    0xffff, 0xffff, 0xffff, 0xffff, 0xffff, 0xffff, 0xf7be, 0x3ab0, 0x5352, 0xffdf, 0xffdf, 0xffff, 0xffff, 0xffff, 0xffff, 0xffff,
    0xffff, 0xffff, 0xffff, 0xffff, 0xffff, 0xffff, 0xffff, 0xffff, 0xffff, 0xffff, 0xffff, 0xffff, 0xffff, 0xffff, 0xffff, 0xffff,
    0xffff, 0xffff, 0xffff, 0xffff, 0xffff, 0xffff, 0xffff, 0xffff, 0xffff, 0xffff, 0xffff, 0xffff, 0xffff, 0xffff, 0xffff, 0xffff,
    0xffff, 0xffff, 0xffff, 0xffff, 0xffff, 0xffff, 0xffff, 0xffff, 0xffff, 0xffff, 0xffff, 0xffff, 0xffff, 0xffff, 0xffff, 0xffff,
    0xffff, 0xffff, 0xffff, 0xffff, 0x7455, 0x19ce, 0xffff, 0xffff, 0xefbf, 0xc71f, 0x9e1c, 0x098e, 0x016e, 0x5373, 0xadd9, 0xffff,
    0xffdf, 0xffff, 0xffff, 0xffff, 0xffff, 0xf7df, 0xe79f, 0xc6fe, 0xbebe, 0xb6be, 0xbebe, 0xb6be, 0xb6bf, 0xb6be, 0xb6be, 0xbebe,
    0xc6fe, 0xdf7f, 0xffff, 0xffff, 0xffff, 0xffff, 0xffff, 0xffff, 0xdf5f, 0xb6be, 0xb6be, 0xb6bf, 0xb6bf, 0xb6bf, 0xb6bf, 0xb6bf,
    0xb6bf, 0xb6bf, 0xb6bf, 0xb6bf, 0xb69e, 0xdf7f, 0xdf7e, 0xbebe, 0xbebe, 0xf7df, 0xd73e, 0xb69e, 0xb6de, 0xbedf, 0xae7f, 0x5cdb,
    0x755c, 0xaebf, 0x8dfd, 0x5cdb, 0x651c, 0x651c, 0x5cdc, 0x961d, 0xcf3f, 0xb6bf, 0xbebe, 0xbebe, 0xbede, 0xefbf, 0xffdf, 0xb67d,
    0x22f4, 0x0a11, 0x33da, 0x2c1a, 0x33fa, 0x2bfa, 0x4cbb, 0x7d7d, 0x85bd, 0x753c, 0x2356, 0x12b4, 0x1b17, 0x01f0, 0x018f, 0x4c38,
    0xae7e, 0xc73f, 0x7d19, 0x222e, 0x8bee, 0xfe31, 0xfdef, 0xfdf0, 0xfdf0, 0xfed5, 0xff78, 0xff58, 0xff57, 0xff57, 0xff57, 0xff16,
    0xfe11, 0xfe31, 0xfe31, 0xfe11, 0xfe11, 0xfe51, 0xff57, 0xff58, 0xff9a, 0xffff, 0xffff, 0xffff, 0xffff, 0xffff, 0xff9a, 0xff78,
    0xff78, 0xff78, 0xff77, 0xff57, 0xff78, 0xff57, 0xff57, 0xff57, 0xff57, 0xff57, 0xff57, 0xffbb, 0xfffe, 0xffbc, 0xff57, 0xff36,
    0xff78, 0xff77, 0xedb1, 0x838f, 0x00ec, 0x4332, 0xcf5f, 0x74f9, 0x1a30, 0x096e, 0x7d3a, 0xc73f, 0xb6be, 0xbede, 0xdf7f, 0x6415,
    0x010c, 0x09f0, 0x010c, 0x32f3, 0xc73f, 0xffff, 0xf7bf, 0x8ddc, 0x7d9d, 0x6d3c, 0x3c1a, 0x4c59, 0xb6be, 0xb6bf, 0x7d9d, 0x6d3c,
    0x9e1d, 0xffff, 0xffff, 0x5c98, 0x3c3a, 0xa67f, 0xbedf, 0xbebe, 0xbedf, 0x651b, 0xb69d, 0xffff, 0xf7bf, 0xc6fe, 0x8ddd, 0x8dbc,
    0xf7df, 0xf7df, 0xc6de, 0xa67e, 0x757c, 0xdf5f, 0xffff, 0xae5c, 0x961d, 0xffff, 0xd6fc, 0x1293, 0x01af, 0x4b95, 0xb6df, 0xae9e,
    0x4c7b, 0x5c9a, 0xffff, 0x3b54, 0x3bd8, 0x95fc, 0xd75e, 0xf7df, 0xbe7c, 0x09b1, 0x5bd6, 0xe7bf, 0xbefe, 0x64bb, 0x3bb7, 0xf7ff,
    0xe77e, 0x5cda, 0x4439, 0x753a, 0xffff, 0xef9f, 0x5cb9, 0x2bfa, 0x33d9, 0xae1b, 0xffff, 0xdf5f, 0xc6fe, 0xb69e, 0xbebe, 0xc6de,
    0xcf3e, 0xc6de, 0xae5d, 0xffff, 0xffff, 0xcefe, 0xa67e, 0x9e3d, 0xa63d, 0xb69e, 0xefbf, 0xffff, 0xffff, 0xffff, 0xffff, 0xffff,
    0xffdf, 0xffff, 0xffff, 0xef9f, 0xefbf, 0xefbf, 0xffdf, 0xe73d, 0x63d3, 0x4b10, 0xffff, 0xffff, 0xffff, 0xffff, 0xffff, 0xffff,
    0xffff, 0xffff, 0xffff, 0xffff, 0xffff, 0xffff, 0xffff, 0xffff, 0xffff, 0xffff, 0xffff, 0xffff, 0xffff, 0xffff, 0xffff, 0xffff,
    0xffff, 0xffff, 0xffff, 0xffff, 0xffff, 0xffff, 0xffff, 0xffff, 0xffff, 0xffff, 0xffff, 0xffff, 0xffff, 0xffff, 0xffff, 0xffff,
    0xffff, 0xffff, 0xffff, 0xffff, 0xffff, 0xffff, 0xffff, 0xffff, 0xffff, 0xffff, 0xffff, 0xffff, 0xffff, 0xffff, 0xffff, 0xffff,
    0xffff, 0xffff, 0xffdf, 0xffff, 0x7cb6, 0x2a50, 0xffff, 0xf7bf, 0xcf1e, 0xe79e, 0xe77f, 0xc6fe, 0xc71f, 0x22b1, 0x1a10, 0xa599,
    0xffff, 0xffff, 0xffff, 0xffff, 0xffff, 0xf7df, 0xd71e, 0xefbf, 0xbede, 0xb6be, 0xb6be, 0xb6be, 0xbebe, 0xb6df, 0xbedf, 0xb6be,
    0xe77f, 0xffff, 0xf7df, 0xffff, 0xffff, 0xf7df, 0xffff, 0xffff, 0xef9f, 0xcf1f, 0xbede, 0xb6bf, 0xb6bf, 0xb6bf, 0xb6bf, 0xb6bf,
    0xb6bf, 0xb6bf, 0xb6bf, 0xb6bf, 0xb6be, 0xae7e, 0xdf5f, 0xefbf, 0xbebe, 0xffff, 0xe77f, 0xb6be, 0xb6de, 0xb6bf, 0xb6bf, 0xa67e,
    0x961d, 0x85bd, 0x8dfd, 0x8dfd, 0x64fc, 0x651c, 0x5cfc, 0x859c, 0xae9e, 0xb6bf, 0xbebf, 0xbedf, 0xb6bf, 0xcf1e, 0xffff, 0xefdf,
    0x5459, 0x018f, 0x2bd9, 0x33fa, 0x33fa, 0x341a, 0x2bd9, 0x64fc, 0x85dd, 0x8ddd, 0x5c9a, 0x012d, 0x1294, 0x2bb9, 0x1251, 0x014c,
    0x4c38, 0x9e3e, 0xc73f, 0x8d7a, 0x11cd, 0x8c30, 0xfe10, 0xfdef, 0xfdcf, 0xfe51, 0xff56, 0xff79, 0xffbc, 0xff58, 0xff78, 0xff36,
    0xfe73, 0xfe31, 0xfdf0, 0xfe11, 0xfe11, 0xfe31, 0xfed4, 0xff56, 0xff57, 0xffbc, 0xffff, 0xffff, 0xffff, 0xffff, 0xffff, 0xffbb,
    0xff77, 0xff77, 0xff78, 0xff78, 0xff57, 0xff57, 0xff57, 0xff57, 0xff57, 0xff57, 0xff57, 0xff58, 0xff79, 0xff58, 0xff59, 0xff9b,
    0xff97, 0xee13, 0x8bf1, 0x094d, 0x3b13, 0xbeff, 0x8dbb, 0x1a30, 0x012d, 0x64b9, 0xaebf, 0xbebf, 0xaebe, 0xd75f, 0xadb9, 0x09ae,
    0x0a11, 0x016e, 0x09f0, 0x43d7, 0xc71e, 0xffff, 0xefbf, 0x8ddc, 0x8ddd, 0x4c7a, 0x3c19, 0xae9e, 0xbf1f, 0x8ddd, 0x64fb, 0x7d9d,
    0xbede, 0xffff, 0xffff, 0x6499, 0x3bfa, 0xae9f, 0xbede, 0xbeff, 0x95dc, 0x5cdb, 0xcefe, 0xffff, 0xf7bf, 0xc6ff, 0x85dd, 0x95fd,
    0xffff, 0xf7df, 0xc6fe, 0xa67e, 0x755c, 0xae7e, 0xffff, 0x9e1c, 0x64fb, 0xefbf, 0xef9f, 0x6cd9, 0x016e, 0x4bb5, 0xb6df, 0xa65e,
    0x4c7b, 0x5cda, 0xffff, 0x32f4, 0x43f9, 0xa67d, 0xe75f, 0xffff, 0xbe9c, 0x010f, 0x5c16, 0xdf9f, 0x963d, 0x2337, 0x5c38, 0xffff,
    0xa65d, 0x3bf9, 0x2b97, 0xe77f, 0xffff, 0x751a, 0x2bd9, 0x33d8, 0xb67c, 0xffdf, 0xdf5e, 0x95fc, 0xae9e, 0xc6de, 0xd75e, 0xc6de,
    0x7d7c, 0xc6dd, 0xffff, 0xe77e, 0xb6bd, 0x9e3e, 0x9e3e, 0xa67d, 0xf7df, 0xf7bf, 0xffff, 0xffff, 0xffff, 0xf7df, 0xe77f, 0xe79f,
    0xc6de, 0xae7d, 0xae5d, 0xae7e, 0x7d7c, 0xa65d, 0xd73f, 0xefbf, 0xb61a, 0x5373, 0x7c35, 0xf7df, 0xffff, 0xffff, 0xffff, 0xffff,
    0xffff, 0xffff, 0xffff, 0xffff, 0xffff, 0xffff, 0xffff, 0xffff, 0xffff, 0xffff, 0xffff, 0xffff, 0xffff, 0xffff, 0xffff, 0xffff,
    0xffff, 0xffff, 0xffff, 0xffff, 0xffff, 0xffff, 0xffff, 0xffff, 0xffff, 0xffff, 0xffff, 0xffff, 0xffff, 0xffff, 0xffff, 0xffff,
    0xffff, 0xffff, 0xffff, 0xffff, 0xffff, 0xffff, 0xffff, 0xffff, 0xffff, 0xffff, 0xffff, 0xffff, 0xffff, 0xffff, 0xffff, 0xffff,
    0xffff, 0xffff, 0xffff, 0x5bb3, 0x63d4, 0xdf1d, 0xffdf, 0xd71e, 0xd73e, 0xffff, 0xffff, 0xffff, 0xffff, 0xc6fe, 0x3b54, 0x098e,
    0xa5fa, 0xd71d, 0xffff, 0xffff, 0xffff, 0xffff, 0xffff, 0xdf5e, 0xc6fe, 0xbebf, 0xb6bf, 0xb6df, 0xbebe, 0xb6be, 0xb6be, 0xb6bf,
    0xbebe, 0xbebe, 0xb6be, 0xcf1e, 0xcefe, 0xc6de, 0xf7df, 0xffff, 0xffff, 0xffff, 0xbede, 0xb6bf, 0xb6bf, 0xb6bf, 0xb6bf, 0xb6bf,
    0xb6bf, 0xb6bf, 0xb6bf, 0xb6bf, 0xb6bf, 0xb69e, 0xc71f, 0xd73f, 0xc6de, 0xffff, 0xdf7f, 0xb6be, 0xbedf, 0xb6be, 0xb6be, 0xb6bf,
    0x85dd, 0x85bd, 0xb6be, 0xb69e, 0x5cfc, 0x64fc, 0x651c, 0x5cfc, 0x64fb, 0xae7e, 0xbebf, 0xbebf, 0xb6bf, 0xcf1f, 0xffff, 0xf7df,
    0x7d3a, 0x01d0, 0x2377, 0x341a, 0x33fa, 0x33fa, 0x33fa, 0x3c3a, 0x6d3c, 0x8ddd, 0x6d1b, 0x3b75, 0x01cf, 0x01f0, 0x33fa, 0x2315,
    0x018d, 0x43f7, 0x9e5e, 0xc71f, 0x95bb, 0x012b, 0xa46f, 0xfdf0, 0xfdcf, 0xfdcf, 0xfe72, 0xff57, 0xffbc, 0xffbb, 0xff9b, 0xff79,
    0xff77, 0xfe94, 0xfe31, 0xfe11, 0xfe11, 0xfe52, 0xfef5, 0xff99, 0xff9a, 0xff9a, 0xffbb, 0xffbb, 0xffbb, 0xffbb, 0xffbc, 0xff79,
    0xff77, 0xff78, 0xff15, 0xff36, 0xff77, 0xff57, 0xff57, 0xff57, 0xff57, 0xff57, 0xff57, 0xff9a, 0xffdd, 0xffff, 0xffdd, 0xff98,
    0xf653, 0xa4d3, 0x19cf, 0x3291, 0xbf1f, 0x95fd, 0x1a31, 0x00ec, 0x4354, 0xb6bf, 0xbedf, 0xbedf, 0xb6be, 0xe7bf, 0x9558, 0x014f,
    0x1b16, 0x016e, 0x12d5, 0x6d5c, 0xd75e, 0xffff, 0xefbf, 0x8ddd, 0x7d7d, 0x4c7b, 0x4459, 0xbede, 0xc6ff, 0x8ddd, 0x64fc, 0x7d9c,
    0xbebe, 0xffff, 0xffff, 0x5c98, 0x4c5a, 0xb6df, 0xbebf, 0xbeff, 0x8ddd, 0x651b, 0xcf1e, 0xffff, 0xf7bf, 0xc6fe, 0x85bd, 0x9dfd,
    0xffff, 0xf7df, 0xbede, 0xb6be, 0x7d9d, 0x6d1c, 0xf7df, 0xa63c, 0x64db, 0xdf7f, 0xffff, 0xefbe, 0x098d, 0x4bb5, 0xb6df, 0x859c,
    0x3c3a, 0x6d1a, 0xffff, 0x2ab3, 0x43f8, 0xae7d, 0xefbf, 0xcedc, 0x4b73, 0x2ab2, 0xb69d, 0xb6be, 0x549b, 0x3bd8, 0xa5fb, 0xe79f,
    0x547a, 0x2b77, 0x751a, 0xf7df, 0x95bb, 0x2399, 0x2378, 0xbe9d, 0xf7bf, 0xd73f, 0xae9d, 0xb6be, 0xbede, 0xc6fe, 0x9e3d, 0x7d7c,
    0xcf1e, 0xffdf, 0xef9f, 0xae7d, 0xa65d, 0xbebe, 0xdf7f, 0xefbf, 0xffff, 0xffff, 0xefbf, 0xefbf, 0xe77f, 0xc6fe, 0xb69e, 0xb6be,
    0xb6be, 0x9e3d, 0xa65d, 0xa63e, 0xb69e, 0xc6de, 0xbede, 0xb69e, 0xdf9f, 0x95ba, 0x008c, 0xcebc, 0xffff, 0xffdf, 0xffff, 0xffff,
    0xffff, 0xffff, 0xffff, 0xffff, 0xffff, 0xffff, 0xffff, 0xffff, 0xffff, 0xffff, 0xffff, 0xffff, 0xffff, 0xffff, 0xffff, 0xffff,
    0xffff, 0xffff, 0xffff, 0xffff, 0xffff, 0xffff, 0xffff, 0xffff, 0xffff, 0xffff, 0xffff, 0xffff, 0xffff, 0xffff, 0xffff, 0xffff,
    0xffff, 0xffff, 0xffff, 0xffff, 0xffff, 0xffff, 0xffff, 0xffff, 0xffff, 0xffff, 0xffff, 0xffff, 0xffff, 0xffff, 0xffff, 0xffff,
    0xffff, 0xffff, 0xffff, 0x3290, 0x5b73, 0xffff, 0xcefe, 0xdf7e, 0xffff, 0xffff, 0xffff, 0xffff, 0xffff, 0xffff, 0xc6fe, 0x6c97,
    0x016d, 0x4b32, 0xefbf, 0xf7df, 0xffff, 0xffff, 0xffff, 0xffdf, 0xf7df, 0xbede, 0xb6bf, 0xb6df, 0xb6bf, 0xb6bf, 0xb6bf, 0xb6be,
    0xb6bf, 0xb6bf, 0xb6be, 0xb69e, 0xb69f, 0xb69e, 0xe77e, 0xffff, 0xffff, 0xffff, 0xd73e, 0xb6be, 0xb6be, 0xb6bf, 0xb6bf, 0xb6be,
    0xb6bf, 0xb6bf, 0xb6bf, 0xb6bf, 0xb6bf, 0xb6be, 0xb69f, 0xae9f, 0xc6fe, 0xffff, 0xe77e, 0xbede, 0xbedf, 0xb6bf, 0xb6be, 0xb6bf,
    0x95fd, 0xa67e, 0xc71f, 0xb6be, 0x85bd, 0x64fc, 0x651c, 0x5d1c, 0x64fc, 0xae9e, 0xc6ff, 0xbebf, 0xbedf, 0xb6be, 0xdf7f, 0xffff,
    0xefdf, 0x3b75, 0x01f1, 0x341a, 0x33fa, 0x33fa, 0x341a, 0x2bd9, 0x651c, 0x8ddd, 0x85bd, 0x8dfe, 0x2291, 0x014d, 0x2b77, 0x445b,
    0x2b36, 0x014c, 0x4bd6, 0x9e3e, 0xbe9e, 0x9ddb, 0x19cc, 0x9bee, 0xfe50, 0xf5af, 0xfdcf, 0xfe92, 0xff99, 0xffbc, 0xffde, 0xffdd,
    0xff9a, 0xff57, 0xff57, 0xfef5, 0xfe11, 0xfe31, 0xfe93, 0xff9a, 0xffff, 0xfffe, 0xff9a, 0xff79, 0xff79, 0xff79, 0xff79, 0xff79,
    0xff78, 0xff78, 0xff15, 0xff36, 0xff78, 0xff58, 0xff57, 0xff57, 0xff57, 0xff9a, 0xffbd, 0xffff, 0xffff, 0xffff, 0xff9a, 0xf672,
    0xbd13, 0x116c, 0x3ad2, 0xae9d, 0xa67e, 0x2b14, 0x010c, 0x32f3, 0xa67d, 0xc6ff, 0xc6ff, 0x8ddc, 0xbedf, 0xae1b, 0x32d1, 0x018f,
    0x1232, 0x014e, 0x2315, 0xa67e, 0xf7df, 0xffff, 0xefbf, 0x8dfd, 0x5cdc, 0x4c7b, 0xb6be, 0xbede, 0xbedf, 0x7d9d, 0x64fc, 0x859c,
    0xc6fe, 0xffff, 0xffff, 0x5c99, 0x5cba, 0xbeff, 0xbebe, 0xb69f, 0x7d9c, 0x4c9b, 0xc6de, 0xffff, 0xf7bf, 0xc6fe, 0x85bd, 0x95fd,
    0xffff, 0xf7df, 0xbede, 0xbedf, 0x859d, 0x6d1c, 0xefbf, 0xa63c, 0x5cdb, 0xd75f, 0xffff, 0xe77e, 0x09ae, 0x43b6, 0x7dde, 0x5cdc,
    0x4c9b, 0x9e1d, 0x9dba, 0x2b14, 0x545a, 0xa67d, 0xf7ff, 0x9d99, 0x012d, 0xb69d, 0xcf3f, 0x9e3e, 0x1317, 0x6cd9, 0xf7ff, 0x6d1b,
    0x2337, 0x3376, 0xf7ff, 0xbebd, 0x2b77, 0x3bf9, 0x857a, 0xf7bf, 0xdf5f, 0xb6be, 0xbeff, 0xc6de, 0x95fd, 0x6d3c, 0x6d1b, 0xd73e,
    0xf7bf, 0xd73e, 0xbebd, 0xb6be, 0xe79f, 0xf7ff, 0xc6dd, 0xefbf, 0xef9f, 0xe79f, 0xcefe, 0xc6fe, 0xbede, 0xb6be, 0xbebe, 0xb69d,
    0xa65d, 0xc6fe, 0xefbf, 0xc6dd, 0xf7ff, 0xcefe, 0xb67d, 0xd75e, 0xdf3e, 0xd71d, 0xa5fb, 0x42f2, 0x9d58, 0xffff, 0xffdf, 0xffff,
    0xffff, 0xffff, 0xffff, 0xffff, 0xffff, 0xffff, 0xffff, 0xffff, 0xffff, 0xffff, 0xffff, 0xffff, 0xffff, 0xffff, 0xffff, 0xffff,
    0xffff, 0xffff, 0xffff, 0xffff, 0xffff, 0xffff, 0xffff, 0xffff, 0xffff, 0xffff, 0xffff, 0xffff, 0xffff, 0xffff, 0xffff, 0xffff,
    0xffff, 0xffff, 0xffff, 0xffff, 0xffff, 0xffff, 0xffff, 0xffff, 0xffff, 0xffff, 0xffff, 0xffff, 0xffff, 0xffff, 0xffff, 0xffff,
    0xffff, 0xef9e, 0x6bd3, 0x8cf7, 0xcebb, 0xef9f, 0xd75e, 0xffff, 0xffff, 0xffff, 0xffff, 0xffff, 0xffff, 0xef7e, 0xc6ff, 0xd77f,
    0x8dbb, 0x11ce, 0x4354, 0xc6be, 0xefbf, 0xffff, 0xffff, 0xffff, 0xffff, 0xef7e, 0xc6fe, 0xae9f, 0xb6be, 0xb6be, 0xb6be, 0xb6be,
    0xb6be, 0xb6be, 0xb6be, 0xb6be, 0xb6be, 0xb69e, 0xcf1e, 0xffff, 0xffff, 0xffff, 0xffff, 0xcf1e, 0xb69e, 0xb6be, 0xb6bf, 0xb6bf,
    0xb6bf, 0xb6bf, 0xb6bf, 0xb6bf, 0xb6bf, 0xb6bf, 0xb6bf, 0xc6ff, 0xf7bf, 0xf7bf, 0xefbf, 0xefbf, 0xc6fe, 0xb6be, 0xb6be, 0xbede,
    0xae7e, 0x6d3b, 0x85bc, 0xbeff, 0xa65e, 0x54bc, 0x5cfc, 0x5d1c, 0x5cfc, 0x7d9d, 0x961e, 0xbedf, 0xb6bf, 0xb6bf, 0xc6ff, 0xf7bf,
    0xffff, 0x7d19, 0x1ab4, 0x341a, 0x33fa, 0x33fa, 0x341a, 0x33fa, 0x445a, 0x755c, 0x85be, 0x8ddd, 0x64da, 0x01af, 0x016c, 0x2b15,
    0x54bc, 0x22d3, 0x00eb, 0x53f6, 0xae9f, 0xbedf, 0x959a, 0x2a4e, 0x8bad, 0xfe50, 0xf5af, 0xfdef, 0xfed5, 0xff78, 0xff38, 0xffde,
    0xfffe, 0xffbc, 0xff58, 0xff57, 0xff16, 0xfe73, 0xfe11, 0xff17, 0xffde, 0xffff, 0xffff, 0xffff, 0xffff, 0xffff, 0xffff, 0xffff,
    0xffbc, 0xff78, 0xff78, 0xff78, 0xff78, 0xff57, 0xff79, 0xffbc, 0xff9c, 0xffde, 0xffff, 0xffff, 0xffff, 0xff9b, 0xfeb3, 0xb4d1,
    0x110b, 0x53b4, 0xae7d, 0x9e5e, 0x43f7, 0x010c, 0x1a30, 0x8ddc, 0xc73f, 0xc6ff, 0xae9f, 0x64fb, 0xc71f, 0x6c35, 0x00ab, 0x018e,
    0x018e, 0x014e, 0x43f7, 0xcf5f, 0xffff, 0xefbf, 0x8d9c, 0x6d3c, 0x3419, 0x5cdb, 0xc6ff, 0xbedf, 0xb6bf, 0x755c, 0x64db, 0x859d,
    0xcf1e, 0xffff, 0xffff, 0x6499, 0x5c9a, 0xc6ff, 0xbede, 0x9e3e, 0x6d3c, 0x2378, 0xb67c, 0xffff, 0xf7bf, 0xc6ff, 0x85dd, 0x9e1d,
    0xffff, 0xf7df, 0xbede, 0xb6bf, 0xa65e, 0x651c, 0xdf9e, 0xae7d, 0x54db, 0xd73f, 0xffff, 0xef7e, 0x11ce, 0x3b96, 0x759e, 0x4c7a,
    0x3bf8, 0x9e1d, 0x22b3, 0x33f9, 0x755c, 0xbede, 0xefbf, 0x9559, 0x09af, 0xb6be, 0x9e3d, 0x5499, 0x2b98, 0x95bb, 0xbede, 0x1ad5,
    0x12f5, 0xc6fe, 0xe79f, 0x5cba, 0x0275, 0x959b, 0xffff, 0xb69d, 0xae7d, 0xb6be, 0xae7e, 0x859c, 0x447a, 0x751a, 0xef9f, 0xffdf,
    0xbedd, 0xbede, 0xc6ff, 0xae9e, 0xb69e, 0xcefe, 0xdf7f, 0xc6fe, 0xbebe, 0xb6de, 0xbede, 0xb6be, 0xd73e, 0xffff, 0xffff, 0xffff,
    0xffff, 0xffff, 0xffff, 0xffff, 0xffff, 0xffff, 0xffff, 0xffff, 0xffff, 0xffff, 0xffff, 0x9518, 0x3291, 0x7c75, 0xffff, 0xffff,
    0xffff, 0xffff, 0xffff, 0xffff, 0xffff, 0xffff, 0xffff, 0xffff, 0xffff, 0xffff, 0xffff, 0xffff, 0xffff, 0xffff, 0xffff, 0xffff,
    0xffff, 0xffff, 0xffff, 0xffff, 0xffff, 0xffff, 0xffff, 0xffff, 0xffff, 0xffff, 0xffff, 0xffff, 0xffff, 0xffff, 0xffff, 0xffff,
    0xffff, 0xffff, 0xffff, 0xffff, 0xffff, 0xffff, 0xffff, 0xffff, 0xffff, 0xffff, 0xffff, 0xffff, 0xffff, 0xffff, 0xffff, 0xffff,
    0xffff, 0xf7bf, 0x00cb, 0xadfa, 0xffff, 0xef9f, 0xffff, 0xffff, 0xffff, 0xffff, 0xffff, 0xefbf, 0xe77f, 0xefbf, 0xc6de, 0xb69e,
    0xc71f, 0x8d7a, 0x012d, 0x32b1, 0xc73f, 0xe77f, 0xffff, 0xffff, 0xffff, 0xffff, 0xdf5e, 0xbede, 0xb6bf, 0xbede, 0xb6bf, 0xb6bf,
    0xb6be, 0xae9e, 0xb6be, 0xb6be, 0xb6be, 0xb6be, 0xb69e, 0xcf1e, 0xffff, 0xffff, 0xffff, 0xffdf, 0xbede, 0xb69f, 0xb6bf, 0xb6bf,
    0xb6bf, 0xb6bf, 0xb6bf, 0xb6bf, 0xb6bf, 0xb6bf, 0xb6be, 0xd73f, 0xffff, 0xc6de, 0xe79e, 0xffff, 0xc6de, 0xb6de, 0xb6be, 0xbebe,
    0xae7e, 0x8ddd, 0x8dfd, 0xbedf, 0xae9e, 0x8ddd, 0x6d3c, 0x5cfc, 0x5cfc, 0x54bb, 0x6d3c, 0xbedf, 0xbebe, 0xb6be, 0xb69e, 0xef9f,
    0xffff, 0xe79f, 0x33f9, 0x12d6, 0x341a, 0x33fa, 0x33fa, 0x341a, 0x2bb9, 0x5cfb, 0x8ddd, 0x8ddd, 0x6cdb, 0x01f1, 0x018d, 0x016d,
    0x22f4, 0x5cfd, 0x22b2, 0x012c, 0x3334, 0xa67f, 0xb6df, 0x7d39, 0x3aaf, 0x838d, 0xfe51, 0xfdf0, 0xfe10, 0xfe72, 0xff9a, 0xff79,
    0xffbd, 0xffff, 0xffdd, 0xff9b, 0xff57, 0xff16, 0xfeb4, 0xff9a, 0xffff, 0xffff, 0xffff, 0xffff, 0xffff, 0xffff, 0xffff, 0xffff,
    0xffff, 0xffbb, 0xff77, 0xff58, 0xff78, 0xff57, 0xff58, 0xffbc, 0xffff, 0xffff, 0xfffe, 0xff7a, 0xff99, 0xf6b4, 0x9c30, 0x090b,
    0x7476, 0xb6be, 0x9e7e, 0x2b14, 0x014e, 0x09af, 0x6498, 0xbf1f, 0xbeff, 0x7dbd, 0x54db, 0x859c, 0xe7df, 0x7476, 0x012e, 0x01cf,
    0x016e, 0x1210, 0x757c, 0xcf3e, 0xffff, 0xe79f, 0x64fc, 0x5cfc, 0x23b9, 0x549b, 0xbedf, 0xbedf, 0xa63d, 0x6cfb, 0x64fc, 0x7d7c,
    0xcf1e, 0xffdf, 0xffff, 0x64b9, 0x549a, 0xbeff, 0xbedf, 0x961d, 0x6d3c, 0x2378, 0xae7c, 0xffff, 0xf7bf, 0xc6ff, 0x7d9c, 0x9e1d,
    0xffff, 0xf7df, 0xbede, 0xbebf, 0xbedf, 0x64fb, 0xcf1e, 0xbebd, 0x4c9b, 0x961d, 0xdf7f, 0xef9e, 0x014d, 0x3355, 0x759e, 0x549b,
    0x5cdb, 0x8d9c, 0x1a51, 0x4c9a, 0x8dbc, 0xcf3f, 0xdfbf, 0x8539, 0x014d, 0xbede, 0x85bd, 0x02b6, 0x6cfa, 0xefbf, 0x3376, 0x1294,
    0x64da, 0xe7bf, 0x8dbb, 0x0254, 0x7519, 0xcefe, 0xcf1e, 0x857b, 0xb69f, 0xae7e, 0x753c, 0x4c7a, 0x8ddb, 0xf7bf, 0xf7df, 0xdf5f,
    0xc6ff, 0xbede, 0xbebe, 0xd75f, 0xd73f, 0xc6de, 0xbede, 0xbede, 0xc71e, 0xb69d, 0xd75e, 0xffff, 0xffff, 0xf7df, 0xbebd, 0xae7d,
    0x8ddc, 0x7d5b, 0x7d3a, 0x7d3a, 0x7d3a, 0x7d5a, 0x7d5b, 0x857a, 0x7d5a, 0xe75e, 0xffff, 0xffff, 0xbe1a, 0x4b11, 0x9d58, 0xffdf,
    0xffff, 0xffff, 0xffff, 0xffff, 0xffff, 0xffff, 0xffff, 0xffff, 0xffff, 0xffff, 0xffff, 0xffff, 0xffff, 0xffff, 0xffff, 0xffff,
    0xffff, 0xffff, 0xffff, 0xffff, 0xffff, 0xffff, 0xffff, 0xffff, 0xffff, 0xffff, 0xffff, 0xffff, 0xffff, 0xffff, 0xffff, 0xffff,
    0xffff, 0xffff, 0xffff, 0xffff, 0xffff, 0xffff, 0xffff, 0xffff, 0xffff, 0xffff, 0xffff, 0xffff, 0xffff, 0xffff, 0xffff, 0xffff,
    0xdf1c, 0xadb8, 0x3ad1, 0xbe3b, 0xffff, 0xffff, 0xffff, 0xffff, 0xffff, 0xffff, 0xffff, 0xef9f, 0xcefe, 0xe79f, 0xcf1e, 0xdf7f,
    0xcf3e, 0xbedf, 0x8559, 0x2291, 0x4374, 0xae7d, 0xe79f, 0xffff, 0xffff, 0xffff, 0xffff, 0xdf5f, 0xb69d, 0xf7df, 0xc6de, 0xb69f,
    0xbede, 0xc6ff, 0xbebe, 0xb69e, 0xb6bf, 0xb69e, 0xd75f, 0xd73f, 0xc6de, 0xffff, 0xffff, 0xffff, 0xe77e, 0xb6be, 0xb6bf, 0xb6bf,
    0xb6bf, 0xb6bf, 0xb6bf, 0xb6bf, 0xb6bf, 0xb6df, 0xb6bf, 0xc6ff, 0xef9f, 0xdf5f, 0xe79f, 0xffff, 0xf7bf, 0xc71f, 0xb69e, 0xbebf,
    0xbebe, 0xc6fe, 0xbeff, 0xbedf, 0xbedf, 0xc73f, 0x757c, 0x54bb, 0x64fc, 0x5cfc, 0x5cfc, 0x8ddd, 0xb6bf, 0xb6bf, 0xb6be, 0xd71e,
    0xf7df, 0xefbf, 0x6cb8, 0x0a32, 0x33f9, 0x33fa, 0x33fa, 0x341a, 0x33f9, 0x4cbb, 0x7d9d, 0x8dbd, 0x7d7c, 0x3bf9, 0x01d0, 0x018d,
    0x014d, 0x3bd8, 0x64fc, 0x1230, 0x018e, 0x22b2, 0x961d, 0xc71f, 0x8d7b, 0x2ab0, 0x630d, 0xf611, 0xfe30, 0xfe10, 0xfef6, 0xff99,
    0xffbb, 0xffbc, 0xffff, 0xfffe, 0xff79, 0xff57, 0xff57, 0xff78, 0xfffe, 0xffff, 0xffff, 0xffff, 0xffff, 0xffff, 0xffff, 0xffff,
    0xffde, 0xff59, 0xff77, 0xff58, 0xff57, 0xff78, 0xff57, 0xff79, 0xfffe, 0xffdd, 0xff7a, 0xff16, 0xee53, 0x52cd, 0x19ee, 0x5c16,
    0xbf1f, 0x965e, 0x3b96, 0x11f0, 0x012d, 0x4bd6, 0xbf1f, 0xcf1f, 0x8dfd, 0x3c39, 0x54bb, 0xcf1f, 0xcedc, 0x4b53, 0x01b0, 0x0a32,
    0x014d, 0x22b3, 0x759d, 0xcf1e, 0xffff, 0xe77f, 0x64fb, 0x54bb, 0x3419, 0x753b, 0xc6ff, 0xc6ff, 0xa65e, 0x6d3c, 0x64fc, 0x7d7c,
    0xcf1f, 0xffdf, 0xffff, 0x64d9, 0x549a, 0xbeff, 0xbedf, 0x961d, 0x6d1c, 0x2378, 0xae5c, 0xffff, 0xf7bf, 0xcf1f, 0x7dbd, 0x95fd,
    0xffff, 0xffff, 0xc6ff, 0xbede, 0xb6be, 0x64fb, 0xb6bd, 0xcf1e, 0x64fb, 0x7d7d, 0xd75f, 0xf7df, 0x84b6, 0x2292, 0x4c18, 0x5cfc,
    0x651c, 0x7d3b, 0x11f0, 0x54db, 0x95fd, 0xefbf, 0xa61b, 0x3b13, 0x2292, 0xae9e, 0x6d3c, 0x12d5, 0x95fb, 0xb67d, 0x0a11, 0x3356,
    0xbf1f, 0x8dbb, 0x12d4, 0x6458, 0xefbf, 0xbede, 0x755c, 0xae7e, 0xa63e, 0x755c, 0x4c7a, 0x857b, 0xefbf, 0xd73e, 0xa65d, 0xa65e,
    0xa65d, 0xb6be, 0xcf1e, 0xf7df, 0xffff, 0xe77f, 0xc6de, 0xe75e, 0xffff, 0xffff, 0xefbf, 0xbe9c, 0xbe9c, 0x8d9b, 0x33d8, 0x33fa,
    0x33f9, 0x755a, 0x857b, 0x857a, 0x857a, 0x8d7b, 0x8d9b, 0x8d9b, 0x95ba, 0xa63c, 0xa61c, 0x9ddb, 0xb63b, 0x7497, 0x010c, 0xdf3d,
    0xffff, 0xffff, 0xffff, 0xffff, 0xffff, 0xffff, 0xffff, 0xffff, 0xffff, 0xffff, 0xffff, 0xffff, 0xffff, 0xffff, 0xffff, 0xffff,
    0xffff, 0xffff, 0xffff, 0xffff, 0xffff, 0xffff, 0xffff, 0xffff, 0xffff, 0xffff, 0xffff, 0xffff, 0xffff, 0xffff, 0xffff, 0xffff,
    0xffff, 0xffff, 0xffff, 0xffff, 0xffff, 0xffff, 0xffff, 0xffff, 0xffff, 0xffff, 0xffff, 0xffff, 0xffff, 0xffff, 0xffdf, 0xffff,
    0x94f6, 0x118d, 0xf7df, 0xffff, 0xffff, 0xffff, 0xffff, 0xffff, 0xffff, 0xffff, 0xffff, 0xffff, 0xcf1f, 0xb69e, 0xb69e, 0xd75f,
    0xcf3e, 0xb6be, 0xbf1f, 0x95db, 0x014d, 0x6457, 0xbede, 0xe77f, 0xffff, 0xffff, 0xffff, 0xef9f, 0xcf1e, 0xc6fe, 0xdf5f, 0xbedf,
    0xcf1e, 0xefbf, 0xae5d, 0xae9e, 0xb6bf, 0xb69e, 0xd73f, 0xe77f, 0xd71e, 0xd73e, 0xf7df, 0xffff, 0xffff, 0xdf5e, 0xae7e, 0xb6bf,
    0xb6bf, 0xb6bf, 0xb6bf, 0xb6bf, 0xb6bf, 0xb6bf, 0xb6df, 0xb6bf, 0xcf1e, 0xffff, 0xf7bf, 0xef9f, 0xffff, 0xdf5e, 0xc6de, 0xbede,
    0xbebe, 0xb6df, 0xbeff, 0x757c, 0x8dbd, 0xc6ff, 0x9e3e, 0x757d, 0x5cdb, 0x5cfc, 0x5cfc, 0x5cdc, 0x755c, 0xae7e, 0xbedf, 0xae9e,
    0xe77f, 0xffff, 0xe75e, 0x1273, 0x341a, 0x341a, 0x33fa, 0x341a, 0x341a, 0x33fa, 0x443a, 0x85bd, 0x85fd, 0x54dc, 0x0a32, 0x018e,
    0x018e, 0x01ae, 0x4c18, 0x757e, 0x2ab2, 0x01ae, 0x2271, 0x7d3a, 0xbeff, 0xa63e, 0x2a91, 0x4a8d, 0xedf1, 0xfe50, 0xfe10, 0xff38,
    0xff99, 0xff9a, 0xffde, 0xffff, 0xfffe, 0xff9b, 0xff9a, 0xff9b, 0xfffe, 0xffff, 0xffff, 0xffff, 0xffff, 0xffff, 0xffff, 0xffff,
    0xfffe, 0xff9b, 0xff58, 0xff77, 0xff58, 0xff58, 0xff78, 0xff7a, 0xff9b, 0xff16, 0xfed3, 0xee32, 0x31cb, 0x3af2, 0xae9d, 0xbf3f,
    0x54ba, 0x3376, 0x01ae, 0x00ec, 0x3b54, 0xbede, 0xcf3f, 0x961d, 0x3c19, 0x3c19, 0x85bd, 0xdf7f, 0x5394, 0x00ed, 0x09f1, 0x09f1,
    0x018f, 0x4419, 0x963d, 0xdf7e, 0xffff, 0xdf5f, 0x5cdb, 0x2bf9, 0x651b, 0xc6ff, 0xbedf, 0xc6ff, 0xa65e, 0x5cdb, 0x5cdb, 0x7d7c,
    0xd73f, 0xffff, 0xffff, 0x7d5b, 0x85bd, 0xbedf, 0xbedf, 0x95fd, 0x651c, 0x1b78, 0xae5c, 0xffff, 0xf7df, 0xbedf, 0x6d5c, 0x95fd,
    0xefbf, 0xffff, 0xc6fe, 0xbebf, 0xb6be, 0x651c, 0x6d1c, 0xefbf, 0xb69d, 0x4c7a, 0xd75f, 0xffdf, 0xffff, 0x3ad1, 0x2b35, 0x5d1c,
    0x651c, 0x7d1a, 0x1210, 0x5cfb, 0x9e1d, 0xf7ff, 0x7476, 0x00ee, 0x651b, 0x8dfd, 0x12f5, 0x3b75, 0xcf5f, 0x3b96, 0x0170, 0x5c58,
    0xc71f, 0x2336, 0x5458, 0xd77f, 0x8dbc, 0x6d1b, 0x961d, 0x95fd, 0x5cdb, 0x4c79, 0x95fb, 0xf7df, 0xc6fe, 0xa65e, 0xa67e, 0xbebe,
    0xcf3f, 0xb69d, 0xd73f, 0xffdf, 0xffff, 0xffff, 0xffff, 0xefbf, 0xdf3e, 0xe77e, 0xa5fa, 0x0253, 0x2336, 0x5c57, 0x74f9, 0x7d3a,
    0x9dfb, 0xffff, 0xffff, 0xffff, 0xffff, 0xffff, 0xffff, 0xffff, 0xffff, 0xd71d, 0xbe9c, 0x9579, 0x6c97, 0x7cb7, 0x53f6, 0x094e,
    0xbe5a, 0xffff, 0xffdf, 0xffff, 0xffff, 0xffff, 0xffff, 0xffff, 0xffff, 0xffff, 0xffff, 0xffff, 0xffff, 0xffff, 0xffff, 0xffff,
    0xffff, 0xffff, 0xffff, 0xffff, 0xffff, 0xffff, 0xffff, 0xffff, 0xffff, 0xffff, 0xffff, 0xffff, 0xffff, 0xffff, 0xffff, 0xffff,
    0xffff, 0xffff, 0xffff, 0xffff, 0xffff, 0xffff, 0xffff, 0xffff, 0xffff, 0xffff, 0xffff, 0xffff, 0xffff, 0xffff, 0xffff, 0xffff,
    0x9538, 0x11ae, 0xf7ff, 0xffff, 0xffff, 0xffff, 0xffff, 0xffff, 0xffff, 0xffff, 0xffff, 0xefbf, 0xbebe, 0xb6be, 0xb6bf, 0xb69f,
    0xb6be, 0xb6be, 0xb69e, 0xb6de, 0x8d7a, 0x098d, 0x5c58, 0xc6fe, 0xf7df, 0xffff, 0xffff, 0xffff, 0xffff, 0xbede, 0xae7e, 0xb6bf,
    0xbebf, 0xb6be, 0xcf1e, 0xcf1e, 0xa67e, 0xbebf, 0xae7e, 0xcf1e, 0xefbf, 0xb69d, 0xef9f, 0xffff, 0xffff, 0xf7bf, 0xd73e, 0xb6be,
    0xb6bf, 0xb6bf, 0xb6bf, 0xb6bf, 0xb6bf, 0xb6bf, 0xb6bf, 0xbefe, 0xf7df, 0xffff, 0xffff, 0xcede, 0xefbf, 0xffff, 0xf7df, 0xbede,
    0xbebf, 0xbedf, 0xbeff, 0x85dc, 0x9e3e, 0xbeff, 0xbedf, 0xae9e, 0x7d9d, 0x5cfc, 0x5cfc, 0x5cfc, 0x54bb, 0x8ddd, 0xb6be, 0xb6be,
    0xe77f, 0xffff, 0xe75e, 0x4c17, 0x2377, 0x2bb8, 0x341a, 0x33fa, 0x341a, 0x341a, 0x3c3a, 0x7dbd, 0x85bd, 0x7d9d, 0x3c3a, 0x0a94,
    0x01ae, 0x018d, 0x09f0, 0x5cbb, 0x8e1f, 0x5437, 0x00eb, 0x1a0f, 0x64da, 0x9e5f, 0xa67f, 0x4374, 0x3a6d, 0xd5d1, 0xfed2, 0xf631,
    0xff16, 0xffdd, 0xff9b, 0xffbb, 0xffdd, 0xffff, 0xffff, 0xffff, 0xffff, 0xffff, 0xffff, 0xffff, 0xffff, 0xffff, 0xffff, 0xffff,
    0xffff, 0xfffd, 0xff78, 0xff57, 0xff58, 0xff57, 0xff99, 0xffde, 0xff7a, 0xff15, 0xacd0, 0x196b, 0x53b4, 0xb6be, 0xa69f, 0x5479,
    0x22f4, 0x010c, 0x014d, 0x3b54, 0x95bb, 0xd77f, 0x859c, 0x4c7a, 0x2398, 0x4c7a, 0xae9e, 0xe79f, 0x4333, 0x018f, 0x1b16, 0x0a32,
    0x09cf, 0x4c7b, 0xcf3e, 0xffff, 0xf7bf, 0x8ddc, 0x449b, 0x2399, 0x755c, 0xbedf, 0xbebf, 0xc6ff, 0x9e3e, 0x5cdb, 0x5cdb, 0x7d7c,
    0xd73f, 0xffff, 0xffff, 0x7d5b, 0x95fd, 0xbedf, 0xc6ff, 0x95fc, 0x6d1c, 0x1b57, 0xae5c, 0xffff, 0xffff, 0xae7d, 0x443a, 0x9e3d,
    0xefbf, 0xffff, 0xc6de, 0xbebf, 0xb6bf, 0x651b, 0x5cdb, 0xef9f, 0xbe7d, 0x447a, 0xc71f, 0xf7df, 0xffff, 0x32d1, 0x2b36, 0x5d1c,
    0x651c, 0x7d3b, 0x1a10, 0x85bd, 0xae7d, 0xefff, 0x7475, 0x09d0, 0x6d3c, 0x64db, 0x0a73, 0x961d, 0x8dbd, 0x1252, 0x3b97, 0x8ddd,
    0x5479, 0x3396, 0xcf5f, 0x6d1b, 0x6d3c, 0x8dfd, 0x9e3e, 0x5cbb, 0x4c5a, 0xcefd, 0xffff, 0xbe9e, 0x961d, 0xa63d, 0xb6be, 0xb6be,
    0xc6de, 0xef9f, 0xffff, 0xffff, 0xffff, 0xef9f, 0xb69d, 0x3bd7, 0x1af4, 0x2335, 0x4bf6, 0xb69c, 0xe77f, 0xffff, 0xffff, 0xffff,
    0xffff, 0xe77e, 0xb6bd, 0xbebe, 0xb69e, 0xbebd, 0xbebd, 0xbebd, 0xb69d, 0xcf1e, 0xe79f, 0xefbf, 0xf7ff, 0xffff, 0xb65b, 0x7c96,
    0x3ad1, 0xbe1a, 0xffff, 0xffdf, 0xffff, 0xffff, 0xffff, 0xffff, 0xffff, 0xffff, 0xffff, 0xffff, 0xffff, 0xffff, 0xffff, 0xffff,
    0xffff, 0xffff, 0xffff, 0xffff, 0xffff, 0xffff, 0xffff, 0xffff, 0xffff, 0xffff, 0xffff, 0xffff, 0xffff, 0xffff, 0xffff, 0xffff,
    0xffff, 0xffff, 0xffff, 0xffff, 0xffff, 0xffff, 0xffff, 0xffff, 0xffff, 0xffff, 0xffff, 0xffff, 0xffff, 0xffff, 0xffff, 0x8495,
    0x5b93, 0xa5b9, 0xffdf, 0xffff, 0xffff, 0xffff, 0xffff, 0xdf5e, 0xe79f, 0xffff, 0xdf3e, 0xdf5f, 0xf7df, 0xbebe, 0xb6be, 0xbebf,
    0xb6bf, 0xb6bf, 0xb6bf, 0xb6be, 0xb6be, 0x95bb, 0x016e, 0x857a, 0xd77f, 0xef9f, 0xffff, 0xffff, 0xffff, 0xdf5e, 0xa65d, 0xa65e,
    0xae9e, 0xb69f, 0xcf1f, 0xcf1e, 0xae7e, 0xae7e, 0xb6be, 0xb69f, 0xb69e, 0xf7df, 0xcf1e, 0xe77f, 0xffff, 0xf7df, 0xcf1e, 0xb6bf,
    0xb6bf, 0xb6bf, 0xb6bf, 0xb6bf, 0xb6bf, 0xb6bf, 0xb6bf, 0xc6de, 0xffff, 0xffff, 0xffff, 0xe77e, 0xf7df, 0xffff, 0xf7df, 0xbebf,
    0xb6bf, 0xbede, 0xbedf, 0xbeff, 0xb69e, 0xae9e, 0xb6bf, 0xb6bf, 0x9e3e, 0x5cdb, 0x5cdc, 0x5cdc, 0x5cdb, 0x54bb, 0x6d3b, 0xbeff,
    0xd71e, 0xffff, 0xffff, 0xe7bf, 0x1a52, 0x1b36, 0x343a, 0x33fa, 0x341a, 0x341a, 0x3c3a, 0x7d9d, 0x85bd, 0x85bd, 0x759d, 0x33fa,
    0x0212, 0x01ae, 0x018e, 0x0a10, 0x4c38, 0x963f, 0x64d9, 0x09ae, 0x1230, 0x4c17, 0x753c, 0xa67f, 0x4b74, 0x32af, 0x8c0f, 0xff14,
    0xfef4, 0xff37, 0xff36, 0xff9a, 0xffde, 0xffdd, 0xffff, 0xffff, 0xffff, 0xffff, 0xffff, 0xffff, 0xffff, 0xffff, 0xffff, 0xffff,
    0xffff, 0xffbb, 0xff57, 0xff58, 0xff78, 0xff77, 0xff37, 0xff98, 0xeef7, 0x52ce, 0x11ce, 0x7d19, 0xb6df, 0x8e1d, 0x5459, 0x09d0,
    0x016d, 0x016d, 0x01d0, 0x8ddc, 0xcf3f, 0x963e, 0x5d1c, 0x0a93, 0x0ab4, 0x755c, 0xc6ff, 0xefff, 0x4312, 0x01f1, 0x23da, 0x0a53,
    0x09af, 0x445a, 0xcf1e, 0xffff, 0xef9f, 0x7d7c, 0x33f9, 0x1b79, 0x7d9d, 0xbeff, 0xbedf, 0xbeff, 0x9e3e, 0x5cdb, 0x5cdb, 0x7d9d,
    0xd73f, 0xffff, 0xffff, 0x7d5b, 0x95fd, 0xb69e, 0x85bd, 0x859c, 0x6d3c, 0x1b58, 0xae3c, 0xffff, 0xffff, 0xae7d, 0x443a, 0x8dfd,
    0xe79f, 0xffff, 0xc6ff, 0xbedf, 0xb6de, 0x6d1b, 0x5cdb, 0xd75e, 0xbe9d, 0x4459, 0xae9e, 0xcf1e, 0xffff, 0x32b2, 0x2315, 0x54fc,
    0x54bb, 0x43f8, 0x1a10, 0x961d, 0xb69e, 0xd77f, 0x5c15, 0x2272, 0x7dbd, 0x3c18, 0x12b5, 0x9e5f, 0x3334, 0x016f, 0x6d1a, 0x64da,
    0x3bb6, 0xcf3f, 0x9e1d, 0x5cfb, 0x7d7d, 0x9e3e, 0x547a, 0x547a, 0xbebe, 0xe77f, 0xa63d, 0x8ddd, 0xa65e, 0xae9e, 0xc6fe, 0xdf5e,
    0xdf5e, 0xffff, 0xffff, 0xefbf, 0x751a, 0x2377, 0x1315, 0x5458, 0xcefe, 0xd73e, 0xefbf, 0xffff, 0xefbf, 0xe77e, 0xbede, 0xb6be,
    0xb6be, 0xb6be, 0xb6df, 0xc6de, 0xe79f, 0xe79f, 0xe77f, 0xe77f, 0xe77f, 0xdf7f, 0xdf5e, 0xdf5f, 0xe79f, 0xe79f, 0xefbf, 0xefdf,
    0x63f4, 0x3ab1, 0xadf9, 0xffff, 0xffff, 0xffff, 0xffff, 0xffff, 0xffff, 0xffff, 0xffff, 0xffff, 0xffff, 0xffff, 0xffff, 0xffff,
    0xffff, 0xffff, 0xffff, 0xffff, 0xffff, 0xffff, 0xffff, 0xffff, 0xffff, 0xffff, 0xffff, 0xffff, 0xffff, 0xffff, 0xffff, 0xffff,
    0xffff, 0xffff, 0xffff, 0xffff, 0xffff, 0xffff, 0xffff, 0xffff, 0xffff, 0xffff, 0xffff, 0xffff, 0xffff, 0xffdf, 0xffff, 0x42f1,
    0x42f1, 0xffff, 0xffff, 0xffff, 0xffff, 0xffff, 0xe79f, 0xd73e, 0xe77f, 0xe77f, 0xd73e, 0xcefe, 0xcf1e, 0xbebf, 0xb6df, 0xbebf,
    0xb6de, 0xb6de, 0xb6bf, 0xb6be, 0xb6be, 0xb6de, 0x3b33, 0x3b34, 0x8d9b, 0xc6fe, 0xffff, 0xffff, 0xffff, 0xffff, 0xe79f, 0x9e1d,
    0x859c, 0xae7e, 0xb69f, 0xb69e, 0xb6de, 0x95fc, 0xa67e, 0xae9f, 0xae7e, 0xcf1e, 0xc6fe, 0xc6de, 0xf7df, 0xffdf, 0xe77f, 0xbebe,
    0xb6bf, 0xb6bf, 0xb6bf, 0xb6bf, 0xb6bf, 0xb6bf, 0xb6be, 0xdf5e, 0xf7bf, 0xef9f, 0xffff, 0xffff, 0xffff, 0xffff, 0xefbf, 0xc6de,
    0xb6df, 0xbede, 0xbedf, 0xbedf, 0x8ddd, 0x8ddd, 0xbeff, 0xb6be, 0xa67f, 0x651c, 0x54db, 0x5cdc, 0x5cdb, 0x54db, 0x64fb, 0xa67e,
    0xb69e, 0xdf5e, 0xffff, 0xefdf, 0x3b96, 0x23b9, 0x341a, 0x33fa, 0x341a, 0x341a, 0x3c3a, 0x85bd, 0x85bd, 0x85bd, 0x8ddd, 0x651c,
    0x2358, 0x01d0, 0x01cf, 0x016d, 0x1230, 0x64da, 0xae9f, 0x8dbe, 0x2ad2, 0x010b, 0x2b35, 0x751b, 0xa65f, 0x5c58, 0x32f1, 0x4ace,
    0x9cd2, 0xff75, 0xff76, 0xffb8, 0xff58, 0xff9b, 0xffff, 0xffff, 0xffff, 0xffff, 0xffff, 0xffff, 0xffff, 0xffff, 0xffff, 0xffff,
    0xffff, 0xffde, 0xff78, 0xff57, 0xff57, 0xff58, 0xff99, 0xce15, 0x3a8e, 0x4b75, 0x8d9b, 0xaebf, 0x8dbd, 0x3b54, 0x012c, 0x09ef,
    0x01ae, 0x016e, 0x6cf9, 0xbede, 0xb6be, 0x54db, 0x445a, 0x0a11, 0x1294, 0x9e5e, 0xbedd, 0x5436, 0x1a30, 0x0a33, 0x1b99, 0x12b5,
    0x09f1, 0x445a, 0xcf3e, 0xffff, 0xefbe, 0x5479, 0x2bba, 0x54db, 0x9e5e, 0xbedf, 0xbebf, 0xc6ff, 0xa65e, 0x5cfb, 0x5cfb, 0x7d9d,
    0xcf3f, 0xffff, 0xffff, 0x7d3a, 0x963e, 0x961d, 0x4c7a, 0x7d9d, 0x755c, 0x1b57, 0xae3c, 0xffff, 0xffff, 0xae7d, 0x447b, 0x4c7a,
    0xc6bd, 0xffff, 0xc6de, 0xbedf, 0xbede, 0x9e1e, 0x54bb, 0xbebe, 0xbe9c, 0x445a, 0xa67e, 0xb69d, 0xffff, 0x32b1, 0x22f5, 0x54dc,
    0x4c9c, 0x1ad4, 0x1a71, 0xb6be, 0xc6ff, 0xa63d, 0x32d2, 0x2272, 0x653c, 0x12f5, 0x547a, 0x5499, 0x09cf, 0x1ab4, 0x443a, 0x5c9a,
    0xcf1e, 0xa65d, 0x549a, 0x85bd, 0x7d9d, 0x549a, 0x5c9a, 0xb69d, 0xef9f, 0xa65d, 0x859c, 0xa65d, 0xbebe, 0xd73e, 0xe79f, 0xffff,
    0xffff, 0xffff, 0x751a, 0x3bf8, 0x12f5, 0x4c17, 0xbe9c, 0xf7be, 0xffff, 0xefbf, 0xdf5f, 0xbebe, 0xb6be, 0xb6be, 0xbedf, 0xd73e,
    0xdf5e, 0xdf7f, 0xdf7f, 0xef9f, 0xffff, 0xffff, 0xffff, 0xffff, 0xffff, 0xffff, 0xffff, 0xffff, 0xffff, 0xffff, 0xefbf, 0xdf3e,
    0xffff, 0x4312, 0x2a90, 0xbe1a, 0xffff, 0xffff, 0xffff, 0xffff, 0xffff, 0xffff, 0xffff, 0xffff, 0xffff, 0xffff, 0xffff, 0xffff,
    0xffff, 0xffff, 0xffff, 0xffff, 0xffff, 0xffff, 0xffff, 0xffff, 0xffff, 0xffff, 0xffff, 0xffff, 0xffff, 0xffff, 0xffff, 0xffff,
    0xffff, 0xffff, 0xffff, 0xffff, 0xffff, 0xffff, 0xffff, 0xffff, 0xffff, 0xffff, 0xffff, 0xffff, 0xffff, 0xf7be, 0x7413, 0x7c55,
    0xb5fa, 0xffdf, 0xffff, 0xffff, 0xffff, 0xffff, 0xe77e, 0xf7bf, 0xf7df, 0xb67d, 0xefbf, 0xe79f, 0xb69e, 0xbebf, 0xb6bf, 0xb6bf,
    0xb6be, 0xb6bf, 0xb6be, 0xb6bf, 0xb6be, 0xb6be, 0xb6ff, 0x11cf, 0x4b74, 0xcf7f, 0xc6fe, 0xffff, 0xffff, 0xffff, 0xefbf, 0x9e3d,
    0x64fb, 0x7d9c, 0xb6bf, 0xbebf, 0xbebf, 0xb6df, 0x7d7c, 0x8ddd, 0xae7f, 0xae9f, 0xbebe, 0xb69e, 0xef9f, 0xffff, 0xffff, 0xc6de,
    0xb6bf, 0xb6bf, 0xb6bf, 0xb6bf, 0xb6bf, 0xb6bf, 0xcf1f, 0xf7df, 0xc6de, 0xbebe, 0xffdf, 0xffff, 0xffff, 0xffff, 0xffff, 0xe79f,
    0xbebe, 0xbedf, 0xbedf, 0xbedf, 0xbedf, 0xbedf, 0xa65e, 0xa65e, 0xb6df, 0x961e, 0x651c, 0x54bb, 0x5cdb, 0x5cdc, 0x54bb, 0x755c,
    0xb6bf, 0xc6fe, 0xffff, 0xf7df, 0x9e1c, 0x3bf8, 0x2bd9, 0x341a, 0x341a, 0x341a, 0x445a, 0x757d, 0x7d9d, 0x85bd, 0x85bd, 0x8dfd,
    0x54bb, 0x1b38, 0x0211, 0x01ae, 0x014d, 0x1210, 0x5c78, 0xae9f, 0xae7e, 0x7d3a, 0x09ce, 0x012d, 0x43f8, 0x85de, 0x7d7c, 0x53d7,
    0x4b73, 0x8452, 0x9491, 0xcdf2, 0xff96, 0xffb9, 0xff79, 0xffdd, 0xffff, 0xffff, 0xffff, 0xffff, 0xffff, 0xffff, 0xffff, 0xffff,
    0xffff, 0xffdd, 0xff57, 0xff77, 0xfffa, 0xce57, 0x21cd, 0x222f, 0x5c16, 0xaedf, 0x8dfd, 0x5459, 0x1210, 0x09ae, 0x1231, 0x3396,
    0x1211, 0x018e, 0xae9e, 0xcf1f, 0x961d, 0x445b, 0x0a32, 0x014e, 0x2315, 0xb6df, 0xb69d, 0x01d0, 0x016e, 0x1294, 0x1b99, 0x1358,
    0x0a52, 0x753b, 0xe79f, 0xffff, 0xefbe, 0x2b55, 0x2bda, 0x6d3c, 0xc6ff, 0xbedf, 0xbedf, 0xb69e, 0x7dbd, 0x651c, 0x5cfc, 0x7d9d,
    0xcf3f, 0xffff, 0xffff, 0x74fa, 0x857c, 0x961d, 0x4c7b, 0x7d9d, 0x755c, 0x2358, 0xae3c, 0xffff, 0xffff, 0xae9d, 0x4c9b, 0x4c7b,
    0xbe9d, 0xffff, 0xe77e, 0xbebe, 0xbebf, 0xb6bf, 0x6d5c, 0xa65d, 0xefbe, 0x751a, 0x64da, 0xb6be, 0xefbf, 0x3af3, 0x1af5, 0x54dc,
    0x4c9b, 0x1ad4, 0x43f8, 0xbedf, 0xcf3f, 0x5bd5, 0x014e, 0x4c18, 0x651c, 0x2b56, 0x8ddd, 0x1a51, 0x01af, 0x2b77, 0x33b7, 0x8d5a,
    0xcf3f, 0x5cdb, 0x4c9a, 0x85bd, 0x5cdb, 0x33d8, 0xcf1e, 0xf7df, 0xa63d, 0x8d9c, 0xb69e, 0xbede, 0xd73e, 0xf7df, 0xffff, 0xf7bf,
    0x9e1c, 0x64d9, 0x1b15, 0x2356, 0xd73e, 0xffff, 0xffff, 0xdf5e, 0xc6de, 0xbebe, 0xb6be, 0xb6bf, 0xb6be, 0xd75f, 0xef9f, 0xffff,
    0xffff, 0xffff, 0xffff, 0xffff, 0xf7df, 0xf7bf, 0xf7df, 0xf7bf, 0xf7df, 0xf7df, 0xf7df, 0xf7df, 0xffdf, 0xffdf, 0xf7df, 0xf7df,
    0xf7bf, 0xffdf, 0x53b4, 0x19ce, 0xe73d, 0xf7df, 0xffff, 0xffff, 0xffff, 0xffff, 0xffff, 0xffff, 0xffff, 0xffff, 0xffff, 0xffff,
    0xffff, 0xffff, 0xffff, 0xffff, 0xffff, 0xffff, 0xffff, 0xffff, 0xffff, 0xffff, 0xffff, 0xffff, 0xffff, 0xffff, 0xffff, 0xffff,
    0xffff, 0xffff, 0xffff, 0xffff, 0xffff, 0xffff, 0xffff, 0xffff, 0xffff, 0xffff, 0xffff, 0xffff, 0xffff, 0xf7bf, 0x010b, 0xa598,
    0xffff, 0xffdf, 0xffff, 0xffff, 0xffff, 0xffff, 0xffff, 0xd71e, 0xcf1e, 0xffff, 0xcf1e, 0xb6be, 0xbedf, 0xbebf, 0xbebf, 0xb6bf,
    0xb6bf, 0xb6bf, 0xb6bf, 0xb6bf, 0xb6be, 0xb69e, 0xbf1f, 0x4b94, 0x2291, 0x6cb8, 0xb6df, 0xd73e, 0xffff, 0xffff, 0xffff, 0xefbf,
    0xbebe, 0x5cbb, 0x85dd, 0xb6df, 0xbebf, 0xbebf, 0xae7e, 0x757c, 0x753c, 0xaebf, 0xb6bf, 0xb69e, 0xf7bf, 0xffff, 0xffff, 0xefbf,
    0xbede, 0xb6bf, 0xb6bf, 0xb6bf, 0xb6df, 0xb6bf, 0xc6fe, 0xcefe, 0xcf1e, 0xf7ff, 0xffff, 0xffff, 0xffff, 0xffff, 0xffff, 0xef9f,
    0xc6fe, 0xc6ff, 0xbedf, 0xbede, 0xbebf, 0xc6ff, 0x7d7c, 0x85bd, 0xb6bf, 0xb6bf, 0x7d9c, 0x54bb, 0x5cbc, 0x54db, 0x54bb, 0x755d,
    0xb6bf, 0xbebe, 0xefbf, 0xffff, 0xffff, 0x4395, 0x1b58, 0x3c3a, 0x3c1a, 0x3c1a, 0x3c3a, 0x33f9, 0x5cdb, 0x8ddd, 0x85bd, 0x85bc,
    0x7d9d, 0x4cbb, 0x1337, 0x0211, 0x018e, 0x014c, 0x1272, 0x5cda, 0x9e3e, 0xbedf, 0x9dfc, 0x53d5, 0x1210, 0x014d, 0x4c37, 0x963f,
    0x5458, 0x2ad2, 0x32d1, 0x6bd1, 0xb593, 0xbd92, 0xff75, 0xff98, 0xffbd, 0xffde, 0xffff, 0xffff, 0xffff, 0xffff, 0xfffe, 0xffde,
    0xffba, 0xffb8, 0xffd8, 0xc5f5, 0x3a8e, 0x4b11, 0x6457, 0x859b, 0x963e, 0x5479, 0x3b96, 0x012d, 0x09ef, 0x3b75, 0x651c, 0x0a31,
    0x016d, 0x8d9b, 0xbebe, 0xc6ff, 0x549a, 0x2399, 0x09f0, 0x1a51, 0x5457, 0xdf7f, 0xb69d, 0x01cf, 0x1211, 0x2bb9, 0x2398, 0x0ad6,
    0x0a72, 0x857c, 0xe79f, 0xffff, 0xefbe, 0x3397, 0x2bfa, 0x6d3c, 0xbeff, 0xbedf, 0xc6ff, 0x9e5e, 0x54bb, 0x651c, 0x64fc, 0x7d7c,
    0xcf1f, 0xffff, 0xffff, 0x64b9, 0x64db, 0x85bd, 0x4c5b, 0x7d9d, 0x7d7d, 0x2378, 0xae3c, 0xffff, 0xffff, 0xae9d, 0x4c9b, 0x4c7b,
    0xbebd, 0xffff, 0xf7df, 0xbebe, 0xb6bf, 0xae7e, 0x757c, 0x859d, 0xe7bf, 0x7d19, 0x2b76, 0xaedf, 0xdf7f, 0x32b2, 0x01f2, 0x33f9,
    0x447b, 0x1231, 0x751b, 0xbedf, 0xcf7f, 0x5bb4, 0x1a93, 0x6d7e, 0x4c5a, 0x1ab4, 0x64db, 0x09af, 0x3335, 0x4c5a, 0x8dbb, 0xdf7f,
    0x54ba, 0x4c7a, 0x6d5d, 0x443a, 0x2357, 0xa63c, 0xf7bf, 0x8dbc, 0x7d7c, 0x9e1d, 0xc6fe, 0xd73e, 0xffff, 0xffff, 0xf7bf, 0x7d3a,
    0x0275, 0x1af6, 0xcf1d, 0xef9f, 0xdf5e, 0xa63c, 0xb69e, 0xb6be, 0xb6be, 0xbeff, 0xbedf, 0xcf3e, 0xd73e, 0xefbf, 0xffff, 0xffff,
    0xffff, 0xffff, 0xd6dc, 0x19ee, 0x1a0f, 0x19ee, 0x19ce, 0x19ce, 0x19ce, 0x19ee, 0x19ee, 0x19ee, 0x1a2f, 0x11ae, 0xadb9, 0xffff,
    0xffff, 0xffff, 0xe79e, 0x8d18, 0x014d, 0xd6fc, 0xffff, 0xffff, 0xffff, 0xffff, 0xffff, 0xffff, 0xffff, 0xffff, 0xffff, 0xffff,
    0xffff, 0xffff, 0xffff, 0xffff, 0xffff, 0xffff, 0xffff, 0xffff, 0xffff, 0xffff, 0xffff, 0xffff, 0xffff, 0xffff, 0xffff, 0xffff,
    0xffff, 0xffff, 0xffff, 0xffff, 0xffff, 0xffff, 0xffff, 0xffff, 0xffff, 0xffff, 0xffff, 0xffff, 0xffdf, 0xe77d, 0x19ce, 0xa598,
    0xffff, 0xffdf, 0xffff, 0xffff, 0xffff, 0xffff, 0xe79f, 0xdf5f, 0xd71e, 0xdf5e, 0xd73f, 0xcf1f, 0xbebf, 0xbebf, 0xbebf, 0xb6bf,
    0xb6bf, 0xb6bf, 0xb6bf, 0xb6bf, 0xb6bf, 0xb6be, 0xb6be, 0xb69e, 0x74d8, 0x014e, 0x8ddc, 0xbedf, 0xd73e, 0xf7df, 0xffff, 0xffff,
    0xcf1f, 0x753b, 0x64fc, 0x651c, 0x8ddd, 0xbeff, 0xc6ff, 0x9e3e, 0x6d3c, 0xae9e, 0xb6df, 0xb69f, 0xd73e, 0xf7df, 0xffff, 0xf7df,
    0xbebe, 0xb6df, 0xb6de, 0xb6bf, 0xb6df, 0xb6bf, 0xb6bf, 0xb69f, 0xc6fe, 0xef9f, 0xffff, 0xffff, 0xffff, 0xffff, 0xffff, 0xf7df,
    0xf7df, 0xe77f, 0xbede, 0xb6df, 0xbedf, 0xc6ff, 0x7dbd, 0x85bd, 0xbedf, 0xb6bf, 0xaebf, 0x64fb, 0x54bb, 0x54bb, 0x54bc, 0x5cdb,
    0xae9e, 0xbebe, 0xef9f, 0xffff, 0xffff, 0x4c17, 0x12d6, 0x3419, 0x3c1a, 0x3c1a, 0x3c1a, 0x3c1a, 0x3c1a, 0x7d7c, 0x8ddd, 0x85bd,
    0x8ddd, 0x7dbc, 0x447b, 0x2358, 0x0a11, 0x018e, 0x018d, 0x0a10, 0x54dc, 0x8dfe, 0xb6bf, 0xcf7f, 0x7cd8, 0x5394, 0x1210, 0x016f,
    0x5459, 0xaebf, 0xbf1f, 0x6457, 0x1a0f, 0x3af1, 0x9cd1, 0xd634, 0xffda, 0xff99, 0xffba, 0xffba, 0xffba, 0xff9a, 0xff79, 0xffda,
    0xbdd5, 0x324d, 0x3a8e, 0x4311, 0x6cb9, 0x753b, 0x8e1f, 0x6d5d, 0x2b14, 0x00ec, 0x098e, 0x5416, 0x9e1d, 0x9e3e, 0x4418, 0x01f0,
    0x2334, 0xbedf, 0xcf1f, 0x7d9c, 0x2398, 0x0a31, 0x014d, 0x3375, 0xbeff, 0xe7bf, 0xbede, 0x018e, 0x1252, 0x341a, 0x2398, 0x0254,
    0x1273, 0x859c, 0xe79f, 0xffff, 0xefbe, 0x3bb7, 0x2bda, 0x6d3c, 0xbeff, 0xbedf, 0xbedf, 0xb6bf, 0x961e, 0x757d, 0x5cfc, 0x859c,
    0xcf3f, 0xffff, 0xffff, 0x6cd9, 0x4c9b, 0x54bb, 0x4c7b, 0x859d, 0x7d7c, 0x2378, 0xa63c, 0xffff, 0xffff, 0xae7d, 0x447b, 0x449b,
    0xae5d, 0xffff, 0xf7df, 0xbebe, 0xb6bf, 0x9e1e, 0x5cfb, 0x6d3c, 0xbf1f, 0x8d9a, 0x2b97, 0x9e5e, 0xd73f, 0xae1a, 0x4b74, 0x1274,
    0x3c5a, 0x09af, 0x95dd, 0xd73f, 0xae9e, 0x3b33, 0x2292, 0x6d3e, 0x443a, 0x1273, 0x33b8, 0x016d, 0x018f, 0x7d1a, 0xc6fe, 0x85bc,
    0x3c3a, 0x5cfc, 0x4c9b, 0x2bb8, 0x9ddb, 0xefbf, 0xae7d, 0x755c, 0x9e3e, 0xc6fe, 0xd73e, 0xffff, 0xffff, 0xae3c, 0x2b56, 0x2335,
    0x95ba, 0xb65b, 0xdf5e, 0xbebd, 0x857b, 0x8ddc, 0xb6bf, 0xbeff, 0xbede, 0xb6de, 0xbe9e, 0xefbf, 0xffff, 0xffff, 0xffff, 0xbe3a,
    0x3ab0, 0x4b32, 0x4af1, 0xa578, 0xb5fa, 0xadfa, 0xb5fa, 0xb5fa, 0xb5fa, 0xadfa, 0xadfa, 0xadd9, 0xadd9, 0xa5b9, 0x3af1, 0x3290,
    0x3ab0, 0x3270, 0x6bf4, 0xffff, 0xa5b9, 0x5bd4, 0xd6dc, 0xffff, 0xffff, 0xffff, 0xffff, 0xffff, 0xffff, 0xffff, 0xffff, 0xffff,
    0xffff, 0xffff, 0xffff, 0xffff, 0xffff, 0xffff, 0xffff, 0xffff, 0xffff, 0xffff, 0xffff, 0xffff, 0xffff, 0xffff, 0xffff, 0xffff,
    0xffff, 0xffff, 0xffff, 0xffff, 0xffff, 0xffff, 0xffff, 0xffff, 0xffff, 0xffff, 0xffff, 0xffff, 0xb5fa, 0x21ee, 0xbe5b, 0xf7bf,
    0xffff, 0xffff, 0xffff, 0xffff, 0xffff, 0xf7bf, 0xbebd, 0xe7bf, 0xdf5e, 0xae7e, 0xcf3e, 0xdf5f, 0xb6bf, 0xbebf, 0xbebf, 0xb6bf,
    0xb6bf, 0xb6bf, 0xb6bf, 0xb6bf, 0xb6bf, 0xb6bf, 0xb6be, 0xbeff, 0xae7d, 0x4374, 0x1a51, 0x9e1d, 0xbebf, 0xdf5e, 0xffff, 0xffff,
    0xf7df, 0xbebd, 0x54bb, 0x4cbb, 0x7d9c, 0xc6ff, 0xbebf, 0xae9e, 0x6d1c, 0x8ddd, 0xa65d, 0xbebf, 0xb69e, 0xefbf, 0xffff, 0xf7df,
    0xdf5e, 0xbedf, 0xbebf, 0xbebf, 0xb6be, 0xb6bf, 0xb6be, 0xb6be, 0xbedf, 0xcf1e, 0xefbf, 0xffff, 0xffff, 0xffff, 0xffff, 0xffff,
    0xffff, 0xffff, 0xe77f, 0xbede, 0xbede, 0xbeff, 0x9e3e, 0xa65e, 0x9e7e, 0x9e3e, 0x8ddd, 0xa67e, 0x6d3c, 0x4c9b, 0x54bb, 0x549b,
    0x7d9c, 0x95fd, 0xc6de, 0xf7bf, 0xffff, 0xa61c, 0x43f8, 0x2b98, 0x3c1a, 0x3c1a, 0x3c1a, 0x3c1a, 0x341a, 0x445a, 0x7d9d, 0x8dbd,
    0x85bd, 0x859d, 0x7d7c, 0x3419, 0x1b58, 0x1293, 0x016d, 0x01ae, 0x1231, 0x22f3, 0x759d, 0xa67e, 0xcf1f, 0xd77f, 0x6cb8, 0x4bd5,
    0x0a31, 0x1ab4, 0x2316, 0x5cba, 0x8e1f, 0x7d9c, 0x22b3, 0x1a0f, 0x328f, 0x326e, 0x324e, 0x326e, 0x328f, 0x328f, 0x328f, 0x326f,
    0x3b32, 0x5c99, 0x5479, 0x64db, 0x759e, 0x5cdb, 0x1ab3, 0x01d0, 0x09ef, 0x6457, 0x7d19, 0xbeff, 0x9e1d, 0x3c18, 0x0a32, 0x1231,
    0x85dd, 0xbede, 0xcf1f, 0x6d1b, 0x1b59, 0x09f0, 0x016e, 0x43f7, 0xbeff, 0xdf5e, 0x6cb8, 0x018e, 0x1272, 0x33fa, 0x2398, 0x0254,
    0x1294, 0x961d, 0xefbf, 0xffff, 0xe7bf, 0x3bd8, 0x3c3a, 0xa67e, 0xbedf, 0xbedf, 0xc6ff, 0xae5e, 0x8ddd, 0x757c, 0x651c, 0x6d3c,
    0xae5d, 0xf7df, 0xffff, 0x6cd9, 0x3c3a, 0x3c3a, 0x4c9b, 0x859c, 0x7d9d, 0x2378, 0xa61c, 0xffff, 0xffff, 0xb69d, 0x651b, 0x4c9b,
    0x9e1d, 0xf7ff, 0xf7df, 0xb6be, 0xb6bf, 0x961e, 0x651c, 0x5cfc, 0x9e3d, 0xae3b, 0x3397, 0x961e, 0xbebe, 0xffff, 0x8cf7, 0x0232,
    0x341a, 0x09af, 0x95dc, 0x8dfd, 0x653d, 0x1231, 0x22d3, 0x653e, 0x3bf9, 0x0a31, 0x1a92, 0x09af, 0x3335, 0xae5c, 0xae7e, 0x3c19,
    0x549b, 0x445a, 0x2bb8, 0x6cf9, 0xffff, 0x9e1d, 0x64fc, 0xa63e, 0xc6ff, 0xdf3f, 0xffff, 0xf7df, 0x7519, 0x2b97, 0x1b36, 0x8539,
    0xffff, 0xe77f, 0x6d1b, 0x64fc, 0x8ddc, 0xcf3f, 0xbedf, 0xc6fe, 0xdf5f, 0xe77f, 0xffff, 0xffff, 0xb5fa, 0x5bd4, 0x6c14, 0x6c13,
    0x6bf4, 0x6c14, 0x84b5, 0xffff, 0xffff, 0xffff, 0xffff, 0xffff, 0xffff, 0xffff, 0xffff, 0xffff, 0xffff, 0xffff, 0xa598, 0x84b6,
    0x84d6, 0x8496, 0x7c95, 0x5393, 0x5bd5, 0x012d, 0x8cf7, 0xf79e, 0xffff, 0xffff, 0xffff, 0xffff, 0xffff, 0xffff, 0xffff, 0xffff,
    0xffff, 0xffff, 0xffff, 0xffff, 0xffff, 0xffff, 0xffff, 0xffff, 0xffff, 0xffff, 0xffff, 0xffff, 0xffff, 0xffff, 0xffff, 0xffff,
    0xffff, 0xffff, 0xffff, 0xffff, 0xffff, 0xffff, 0xffff, 0xffff, 0xffff, 0xffff, 0xffff, 0xffff, 0xb61a, 0x00ab, 0xe75d, 0xffff,
    0xffff, 0xffff, 0xffff, 0xffff, 0xdf5e, 0xdf5e, 0xffff, 0xbede, 0xc6de, 0xe79f, 0xbebe, 0xb6bf, 0xbedf, 0xbebf, 0xb6bf, 0xb6bf,
    0xb6bf, 0xb6bf, 0xb6bf, 0xb6bf, 0xb6bf, 0xb6df, 0xb6bf, 0xb6be, 0xbeff, 0xa65d, 0x00ec, 0x6c98, 0xbf1f, 0xc6de, 0xd73e, 0xf7df,
    0xffff, 0xdf5e, 0x549a, 0x54bc, 0x6d3c, 0xae9e, 0xbedf, 0xae7e, 0x6d3c, 0x5cdb, 0x7d7c, 0xb6bf, 0xb6be, 0xe79f, 0xffff, 0xffff,
    0xffff, 0xc6de, 0xb6bf, 0xbebf, 0xb6be, 0xb6be, 0xb6bf, 0xb69f, 0xd73e, 0xf7df, 0xd73e, 0xffff, 0xffff, 0xffff, 0xffff, 0xffff,
    0xffff, 0xe77e, 0xefbf, 0xf7bf, 0xbedf, 0xbedf, 0xbeff, 0xc6ff, 0x6d3c, 0x85bd, 0x961d, 0xb6bf, 0x6d1c, 0x4c9b, 0x54bb, 0x54bb,
    0x4c7a, 0x64fb, 0xae7e, 0xef9f, 0xffff, 0xffff, 0xae5c, 0x0af6, 0x33f9, 0x3c1a, 0x33f9, 0x341a, 0x3c3a, 0x33fa, 0x64fc, 0x8ddd,
    0x85bd, 0x85bc, 0x85bd, 0x5cdb, 0x343a, 0x23b9, 0x0a32, 0x018e, 0x016d, 0x01af, 0x2335, 0x54db, 0x961d, 0xb67d, 0xdf5f, 0xdf9f,
    0x3b32, 0x11cf, 0x0a10, 0x1251, 0x3376, 0x4418, 0x7dde, 0x5459, 0x4c18, 0x5439, 0x5439, 0x5459, 0x5479, 0x5459, 0x5459, 0x5459,
    0x549a, 0x6d5c, 0x5499, 0x22f4, 0x0a32, 0x1231, 0x2230, 0x5c16, 0xae5c, 0xcf3f, 0xae9f, 0x6d3b, 0x447b, 0x1ad5, 0x0212, 0x4c18,
    0xc71f, 0xbefe, 0xae9e, 0x5cfb, 0x1af6, 0x018f, 0x2291, 0x9e3d, 0xcf1f, 0xbebd, 0x01d0, 0x014d, 0x1a93, 0x33fa, 0x2398, 0x0253,
    0x2b35, 0xbeff, 0xffff, 0xdf5e, 0x64b9, 0x3c19, 0x4c9b, 0xbeff, 0xbedf, 0xbedf, 0xc6ff, 0x9e3e, 0x6d3c, 0x6d1c, 0x6d1c, 0x5cfc,
    0x85bc, 0xdf7f, 0xf7ff, 0x751a, 0x2b97, 0x2b98, 0x445b, 0x7d9c, 0x7d9d, 0x33b9, 0x64da, 0xdf5e, 0xffff, 0xcf1e, 0xae9e, 0x4c7b,
    0x9e3d, 0xf7df, 0xf7df, 0xb6be, 0xb6bf, 0xa65e, 0x6d5c, 0x5cdc, 0xa63d, 0xc6fd, 0x33f9, 0x549b, 0x8dbc, 0xefdf, 0x7cb7, 0x0232,
    0x33f9, 0x09ae, 0x9dfd, 0x5cfc, 0x5d1d, 0x2292, 0x22b2, 0x54bc, 0x2b56, 0x1a92, 0x012c, 0x1251, 0x9e5e, 0xb6be, 0x445a, 0x4c7a,
    0x5cdc, 0x1337, 0x5479, 0xefbf, 0x8ddc, 0x6cfb, 0x95fd, 0xcf3e, 0xcefe, 0xf7df, 0xd73d, 0x753a, 0x1b16, 0x2335, 0xbe9c, 0xffff,
    0x859b, 0x5cdb, 0x753c, 0xc71f, 0xcf1f, 0xbedf, 0xc6de, 0xefbf, 0xffff, 0xffdf, 0xbe3a, 0xbe3a, 0x6c13, 0x328f, 0x328f, 0x8cd5,
    0xffff, 0xffff, 0xffff, 0xffff, 0xffff, 0xffff, 0xffff, 0xffff, 0xffff, 0xffff, 0xffff, 0xffff, 0xffff, 0xffff, 0xffff, 0xffff,
    0xffff, 0xffff, 0xffff, 0x9d57, 0x9537, 0x9d79, 0x010c, 0x8d17, 0xf7bf, 0xffdf, 0xffdf, 0xffff, 0xffff, 0xffff, 0xffff, 0xffff,
    0xffff, 0xffff, 0xffff, 0xffff, 0xffff, 0xffff, 0xffff, 0xffff, 0xffff, 0xffff, 0xffff, 0xffff, 0xffff, 0xffff, 0xffff, 0xffff,
    0xffff, 0xffff, 0xffff, 0xffff, 0xffff, 0xffff, 0xffff, 0xffff, 0xffff, 0xffff, 0xffff, 0xadd9, 0x9537, 0x8495, 0xef9e, 0xffff,
    0xffff, 0xffff, 0xffff, 0xffff, 0xdf5e, 0xd73e, 0xf7bf, 0xcefe, 0xdf3e, 0xffff, 0xbede, 0xb6df, 0xbede, 0xb6bf, 0xb6bf, 0xb6bf,
    0xb6bf, 0xb6bf, 0xb6bf, 0xb6bf, 0xb6bf, 0xb6de, 0xbebf, 0xb6bf, 0xbedf, 0xae3d, 0x32d2, 0x1230, 0x7519, 0xb6df, 0xbebe, 0xffff,
    0xffff, 0xf7df, 0xb6bd, 0x5cba, 0x549b, 0x85bd, 0xb6bf, 0xbede, 0xb6be, 0x651b, 0x6d3c, 0xa67e, 0xae7e, 0xd71e, 0xffff, 0xffff,
    0xffdf, 0xc6df, 0xb6bf, 0xbebf, 0xb6bf, 0xb6bf, 0xb6bf, 0xb6be, 0xbebe, 0xbede, 0xf7df, 0xffff, 0xffff, 0xffff, 0xffff, 0xffff,
    0xffff, 0xcefd, 0xd73e, 0xe77f, 0xbedf, 0xbedf, 0xbedf, 0xbedf, 0x6d1c, 0x961e, 0xc6ff, 0xb6be, 0x961d, 0x961e, 0x5cdb, 0x54bb,
    0x4c9b, 0x651b, 0xb69e, 0xd71e, 0xf7df, 0xffff, 0xa63c, 0x1b57, 0x2bd9, 0x3c1a, 0x54db, 0x3c3a, 0x3c3a, 0x341a, 0x6d1c, 0x8dfd,
    0x85bd, 0x85bd, 0x859d, 0x85bd, 0x755d, 0x33fa, 0x2399, 0x0a11, 0x018d, 0x018e, 0x018e, 0x1ad4, 0x447b, 0x54dc, 0xae9e, 0xcf1e,
    0xcf1f, 0xcf1e, 0xae5c, 0x2271, 0x11ef, 0x09cf, 0x0a31, 0x1ad4, 0x5479, 0x64da, 0x64fa, 0x6cfb, 0x6cfa, 0x6cfa, 0x64da, 0x6d1b,
    0x43b6, 0x0190, 0x09f0, 0x3ad1, 0x42d1, 0x6c35, 0xd75f, 0xd77f, 0xd73f, 0xae7e, 0x54bb, 0x3c5b, 0x33d8, 0x09f1, 0x22f4, 0x8dfd,
    0xbede, 0xbeff, 0x6d1b, 0x343b, 0x1273, 0x012c, 0x2271, 0xae9e, 0xcf3f, 0xae3c, 0x01f0, 0x22f5, 0x2b98, 0x33d9, 0x2378, 0x12d5,
    0x9e3d, 0xc6de, 0xffff, 0xc6dc, 0x0ab5, 0x3c3b, 0x54bb, 0xbedf, 0xbedf, 0xbedf, 0xbedf, 0xbedf, 0xb6df, 0x6d5c, 0x6d3c, 0x651c,
    0x8ddc, 0xe79f, 0xefbf, 0xf7bf, 0x7476, 0x0a74, 0x449b, 0x7d7d, 0x7d9d, 0x33d9, 0x549a, 0xd73e, 0xffff, 0xcf1e, 0xa65d, 0x5cdb,
    0x9e5e, 0xe77f, 0xffdf, 0xbedf, 0xb6bf, 0xbedf, 0x85dd, 0x5cfc, 0x859c, 0xbebd, 0x64da, 0x33f9, 0x6d5c, 0xcf5f, 0x74d8, 0x01d1,
    0x2b77, 0x09af, 0x751b, 0x651c, 0x5cdb, 0x11cf, 0x22b4, 0x2398, 0x1273, 0x1211, 0x014d, 0x1a92, 0xae7e, 0x6d3c, 0x341a, 0x445b,
    0x33f9, 0x3bb7, 0xbebe, 0xa63d, 0x5cbb, 0xa63d, 0xc6fe, 0xcf1f, 0xf7df, 0xae5c, 0x5479, 0x1af6, 0x6cd9, 0xf7df, 0xdf7e, 0x95dc,
    0x5cba, 0x751b, 0xcf3f, 0xbeff, 0xbedf, 0xcf1e, 0xef9f, 0xffff, 0xffff, 0xd6fd, 0x19ad, 0x090b, 0x94f5, 0xffff, 0xffff, 0xffff,
    0xffdf, 0xffdf, 0xffdf, 0xffff, 0xffff, 0xffff, 0xffff, 0xffff, 0xffff, 0xffff, 0xffff, 0xffff, 0xffff, 0xffff, 0xffff, 0xffff,
    0xffff, 0xffff, 0xffff, 0xffff, 0xffff, 0xffff, 0xbe3a, 0x5373, 0x00ec, 0xcebb, 0xffff, 0xffff, 0xffff, 0xffff, 0xffff, 0xffff,
    0xffff, 0xffff, 0xffff, 0xffff, 0xffff, 0xffff, 0xffff, 0xffff, 0xffff, 0xffff, 0xffff, 0xffff, 0xffff, 0xffff, 0xffff, 0xffff,
    0xffff, 0xffff, 0xffff, 0xffff, 0xffff, 0xffff, 0xffff, 0xffff, 0xffff, 0xffff, 0xffff, 0x2a50, 0x63f4, 0xffff, 0xffff, 0xffff,
    0xffff, 0xffff, 0xffff, 0xf7bf, 0xefbf, 0xdf7f, 0xb69d, 0xffff, 0xf7df, 0xc6fe, 0xbede, 0xb6bf, 0xb6bf, 0xb6bf, 0xb6bf, 0xb6bf,
    0xb6bf, 0xb6bf, 0xb6bf, 0xb6bf, 0xb6bf, 0xb6bf, 0xb6bf, 0xb6bf, 0xb6bf, 0xb6bf, 0xbf1f, 0x11ef, 0x1210, 0xa65e, 0xb6be, 0xcf1e,
    0xefbf, 0xffff, 0xefbf, 0x5479, 0x4c9b, 0x85bd, 0x9e3e, 0xae7e, 0xc6ff, 0x651b, 0x64fc, 0x64db, 0xa65d, 0xbebe, 0xef9f, 0xffff,
    0xf7df, 0xcf1e, 0xbedf, 0xb6be, 0xb6df, 0xb6bf, 0xb6bf, 0xb6bf, 0xc6fe, 0xe79f, 0xe77f, 0xf7df, 0xffff, 0xffff, 0xffff, 0xffff,
    0xffff, 0xffff, 0xf7bf, 0xbede, 0xbeff, 0xbedf, 0xbedf, 0xbede, 0xae7e, 0xaebf, 0xb6df, 0xb6be, 0xbedf, 0xae7f, 0x4c9b, 0x4c9b,
    0x4c9b, 0x5cdb, 0xb6bf, 0xbede, 0xf7df, 0xffff, 0xf7df, 0x6cfa, 0x1358, 0x341a, 0x5cdb, 0x3c3a, 0x3c3a, 0x341a, 0x5cdb, 0x7d9d,
    0x85bd, 0x85bd, 0x85bc, 0x859d, 0x85bd, 0x4c9b, 0x23d9, 0x1b57, 0x1273, 0x01ef, 0x018e, 0x016d, 0x1ab3, 0x3397, 0x447a, 0x963e,
    0xbeff, 0xd73f, 0xe77f, 0xd75f, 0xdf7f, 0x7cd7, 0x1210, 0x1210, 0x09cf, 0x01ae, 0x01ae, 0x09ae, 0x09ae, 0x09ae, 0x09ce, 0x09ce,
    0x1210, 0x2af3, 0x6cd7, 0xefff, 0xe7bf, 0xefdf, 0xc6fe, 0xb69e, 0x8dbd, 0x4c7b, 0x341a, 0x2337, 0x0a73, 0x12d5, 0x753b, 0xc71f,
    0xbebe, 0xc6df, 0x4459, 0x23db, 0x1ab4, 0x010c, 0x3b33, 0xbedf, 0xcf3f, 0xa61c, 0x01f1, 0x33d9, 0x2bf9, 0x2bd9, 0x2399, 0x2336,
    0xb6be, 0xc6fe, 0xffff, 0xcefd, 0x1af5, 0x3c3b, 0x54bb, 0xbedf, 0xbedf, 0xbedf, 0xbedf, 0xbedf, 0xae9e, 0x5cdb, 0x54dc, 0x64fc,
    0x8ddc, 0xefbf, 0xf7bf, 0xffff, 0x84d7, 0x0a75, 0x447b, 0x7d7c, 0x6d3c, 0x2bd9, 0x4c7a, 0xc6de, 0xffff, 0xcf1e, 0xa65e, 0x64fb,
    0xae9f, 0xdf5f, 0xffff, 0xb6be, 0x95fd, 0xb6bf, 0x8ddd, 0x651c, 0x5cdb, 0xb69d, 0x9558, 0x1af5, 0x757c, 0xc71f, 0x7d18, 0x012d,
    0x1293, 0x09cf, 0x4c5a, 0x5cdc, 0x4459, 0x014d, 0x22f5, 0x2399, 0x016e, 0x016d, 0x09ef, 0x8d7b, 0x9e1d, 0x2bb8, 0x2bf9, 0x33d9,
    0x1af5, 0xcf3f, 0x961d, 0x64fb, 0x8dbc, 0xc6fe, 0xd71f, 0xbebe, 0xa63d, 0x5cfb, 0x12b5, 0x8539, 0xffdf, 0xd6fd, 0x751b, 0x443a,
    0x8ddc, 0xcf1f, 0xc6fe, 0xbefe, 0xd73e, 0xf7bf, 0xffff, 0xc65b, 0x11ae, 0x21ce, 0xce99, 0xef7e, 0xf7bf, 0xffff, 0xffff, 0xffff,
    0xffff, 0xffff, 0xffff, 0xffff, 0xffff, 0xffff, 0xffff, 0xffff, 0xffff, 0xffff, 0xffff, 0xffff, 0xffff, 0xffff, 0xffff, 0xffff,
    0xffff, 0xffff, 0xffff, 0xffff, 0xffff, 0xffff, 0xffff, 0xc67b, 0x9d37, 0x63f4, 0x5311, 0xc67a, 0xffff, 0xffff, 0xffff, 0xffff,
    0xffff, 0xffff, 0xffff, 0xffff, 0xffff, 0xffff, 0xffff, 0xffff, 0xffff, 0xffff, 0xffff, 0xffff, 0xffff, 0xffff, 0xffff, 0xffff,
    0xffff, 0xffff, 0xffff, 0xffff, 0xffff, 0xffff, 0xffff, 0xffff, 0xffff, 0xffff, 0xffff, 0x2a70, 0x6414, 0xffff, 0xffdf, 0xffff,
    0xffff, 0xffff, 0xffff, 0xffff, 0xcefe, 0xdf5e, 0xefbf, 0xdf3e, 0xe79f, 0xbede, 0xb6bf, 0xb6bf, 0xb6be, 0xb6bf, 0xb6bf, 0xb6bf,
    0xb6bf, 0xb6bf, 0xb6bf, 0xb6bf, 0xb6bf, 0xb6bf, 0xb6bf, 0xb6bf, 0xb6bf, 0xb6be, 0xb6be, 0x8559, 0x2271, 0x3b33, 0xbf3f, 0xb69e,
    0xe79f, 0xffff, 0xf7df, 0x9e1c, 0x549b, 0x549b, 0x961e, 0x8dfd, 0x7d7c, 0x6d1c, 0x5cfc, 0x443a, 0x8ddd, 0xae9f, 0xe77f, 0xffff,
    0xf7df, 0xdf5f, 0xa65d, 0x961e, 0xbedf, 0xb6be, 0xb6bf, 0xb6bf, 0xcf1e, 0xefbf, 0xd73e, 0xf7df, 0xffff, 0xffff, 0xffff, 0xffff,
    0xffff, 0xffff, 0xffff, 0xdf7e, 0xefbf, 0xd75f, 0xbedf, 0xbedf, 0xbedf, 0xbedf, 0xb6bf, 0xb6be, 0xb6bf, 0xae9e, 0x963d, 0x651c,
    0x4c7b, 0x54bb, 0x961e, 0x9e3d, 0xdf5e, 0xffdf, 0xffff, 0xae7d, 0x3bf9, 0x2bd9, 0x447b, 0x3c3a, 0x4c9b, 0x445b, 0x33fa, 0x64fc,
    0x85dd, 0x859d, 0x85bc, 0x85bc, 0x85bd, 0x7d9d, 0x5cdb, 0x23da, 0x23b9, 0x12b4, 0x016e, 0x018e, 0x018d, 0x014d, 0x1ad4, 0x33d8,
    0x54bb, 0x85dd, 0x9e5d, 0xb6be, 0xcf3f, 0xd75f, 0xcf3f, 0xcf1e, 0xcefe, 0xcefe, 0xcefd, 0xcefd, 0xcf1d, 0xdf3e, 0xdf3d, 0xdf3e,
    0xd73d, 0xdf5e, 0xd75f, 0xceff, 0xbedf, 0x9e3d, 0x859c, 0x6d3b, 0x5cbb, 0x2bb8, 0x0ad5, 0x2356, 0x1b36, 0x4cbb, 0xae9e, 0xbebe,
    0xbedf, 0xc71f, 0x4c59, 0x23ba, 0x12b4, 0x010c, 0x74d8, 0xd75f, 0xd75f, 0xae3c, 0x01d1, 0x2bb8, 0x2bd9, 0x33d9, 0x2399, 0x2357,
    0xae9e, 0xc6fe, 0xffff, 0xcedd, 0x1ad5, 0x3c3a, 0x549b, 0xb6df, 0xbedf, 0xbeff, 0xbedf, 0xbedf, 0xae9e, 0x447a, 0x3c3b, 0x651c,
    0x85bc, 0xc6fe, 0xf7bf, 0xffff, 0x7cd7, 0x0a95, 0x447b, 0x7d7c, 0x5cdb, 0x2bda, 0x12f6, 0x95ba, 0xffff, 0xd73f, 0xa65d, 0x4c9a,
    0x8ddd, 0xd73f, 0xe77f, 0xae9e, 0x85bd, 0xb6df, 0x95fd, 0x6d1c, 0x5cdb, 0xbebe, 0x8d17, 0x1294, 0x655d, 0xc71f, 0x7cd8, 0x010c,
    0x018f, 0x09ae, 0x547a, 0x5cdc, 0x3bd7, 0x09f0, 0x3bf9, 0x12b5, 0x018e, 0x09f0, 0x3bb7, 0xae9f, 0x64db, 0x23b9, 0x2399, 0x2336,
    0x853a, 0xcf3f, 0x6d5c, 0x755c, 0xc6ff, 0xd73f, 0xbebe, 0x5c99, 0x4c9a, 0x2316, 0x4b95, 0xefbf, 0xcf1e, 0x6d1b, 0x445b, 0x859c,
    0xc6de, 0xcf1f, 0xc6ff, 0xd71e, 0xffff, 0xffff, 0x7455, 0x63b3, 0x94f3, 0xa555, 0xffde, 0xffff, 0xffff, 0xffff, 0xffff, 0xffff,
    0xffff, 0xffff, 0xffff, 0xffff, 0xffff, 0xffff, 0xffff, 0xffff, 0xffff, 0xffff, 0xffff, 0xffff, 0xffff, 0xffff, 0xffff, 0xffff,
    0xffff, 0xffff, 0xffff, 0xffff, 0xffff, 0xffff, 0xffff, 0xffff, 0xffff, 0xa579, 0x6393, 0x84d7, 0xd6dc, 0xffff, 0xffff, 0xffff,
    0xffff, 0xffff, 0xffff, 0xffff, 0xffff, 0xffff, 0xffff, 0xffff, 0xffff, 0xffff, 0xffff, 0xffff, 0xffff, 0xffff, 0xffff, 0xffff,
    0xffff, 0xffff, 0xffff, 0xffff, 0xffff, 0xffff, 0xffff, 0xffff, 0xffff, 0xef9e, 0xadd8, 0x5b93, 0x9d37, 0xffff, 0xffff, 0xffff,
    0xffff, 0xffff, 0xffff, 0xffff, 0xd71e, 0xdf5f, 0xf7df, 0xb69e, 0xdf5f, 0xd73e, 0xb69e, 0xb6bf, 0xb6bf, 0xb6bf, 0xb6bf, 0xb6bf,
    0xb6bf, 0xb6bf, 0xb6bf, 0xb6bf, 0xb6bf, 0xb6bf, 0xb6bf, 0xb6bf, 0xb6bf, 0xb6be, 0xb6be, 0xcf5f, 0x4bd5, 0x1a31, 0x9e3d, 0xb69f,
    0xe77e, 0xffff, 0xffff, 0xefdf, 0x64db, 0x3c1a, 0x8ddd, 0x85bd, 0x5cfb, 0x6d3c, 0x651c, 0x3c1a, 0x859d, 0xb69f, 0xdf5f, 0xffff,
    0xffdf, 0xffff, 0xae5c, 0x8dfd, 0xc6ff, 0xb6bf, 0xb6bf, 0xbebe, 0xb6be, 0xbebe, 0xffff, 0xffff, 0xffff, 0xffff, 0xffff, 0xffff,
    0xffff, 0xffff, 0xffff, 0xffff, 0xffff, 0xf7df, 0xbede, 0xbedf, 0xbedf, 0xbedf, 0xb6bf, 0xb6bf, 0xb6bf, 0xb6be, 0xbeff, 0x6d3c,
    0x447a, 0x4c9b, 0x4c7b, 0x54bb, 0xbede, 0xf7ff, 0xffff, 0xf7bf, 0x74fa, 0x2398, 0x447b, 0x4c7b, 0x6d5c, 0x651c, 0x5cdb, 0x4c7a,
    0x757c, 0x85bd, 0x85bd, 0x85bc, 0x85bc, 0x85bd, 0x7d9d, 0x3c3a, 0x23da, 0x2398, 0x1ad4, 0x09d0, 0x016d, 0x01ae, 0x018e, 0x018f,
    0x2b76, 0x3c5a, 0x4cbc, 0x651c, 0x8ddd, 0xa65e, 0xae5e, 0xae9e, 0xae9e, 0xb69e, 0xc71f, 0xdf9f, 0xe7bf, 0xefdf, 0xefdf, 0xc6ff,
    0xae7e, 0xa65e, 0x8dfd, 0x7d7c, 0x7d7c, 0x5cdb, 0x447a, 0x3c19, 0x1316, 0x1337, 0x2378, 0x3c3b, 0x3c3a, 0x85bd, 0xc6ff, 0xbedf,
    0xbede, 0xb6be, 0x4459, 0x0a53, 0x09f0, 0x010c, 0x6456, 0xdf7f, 0xc6fe, 0x64ba, 0x1af6, 0x2bd9, 0x33d9, 0x33f9, 0x23b9, 0x2357,
    0xae9e, 0xc6fe, 0xffff, 0xc6dc, 0x12b4, 0x3c3b, 0x549b, 0xbeff, 0xbedf, 0xbedf, 0xbedf, 0xbedf, 0xaebe, 0x4c7b, 0x3c5b, 0x549b,
    0x755c, 0x961d, 0xf7bf, 0xffff, 0x7496, 0x0295, 0x445b, 0x755c, 0x5cdb, 0x33fa, 0x0232, 0x9558, 0xffff, 0xd73f, 0xa65e, 0x3c3a,
    0x6d1b, 0xc6ff, 0xc6de, 0xb6be, 0x85bc, 0xbedf, 0xa65e, 0x6d5c, 0x5cdb, 0xa63d, 0x7cf8, 0x0211, 0x54db, 0xc6ff, 0x9dfc, 0x2ab2,
    0x014d, 0x09cf, 0x547a, 0x5cdc, 0x1a72, 0x1232, 0x33b8, 0x016e, 0x016e, 0x09f0, 0x7d5b, 0x7d7c, 0x33fa, 0x23b9, 0x0ad6, 0x4bd6,
    0xe7bf, 0x8dfd, 0x651c, 0x8ddd, 0xd73f, 0xbebe, 0x6d1b, 0x4cbc, 0x1ab4, 0x5c16, 0xe75d, 0xcf1e, 0x54bb, 0x5cbb, 0x8dbc, 0xdf5f,
    0xcf1f, 0xc71e, 0xd75f, 0xffff, 0xc69b, 0x9537, 0x324e, 0x6bd2, 0xfffe, 0xffff, 0xffff, 0xffff, 0xffff, 0xffff, 0xffff, 0xffff,
    0xffff, 0xffff, 0xffff, 0xffff, 0xffff, 0xffff, 0xffff, 0xffff, 0xffff, 0xffff, 0xffff, 0xffff, 0xffff, 0xffff, 0xffff, 0xffff,
    0xffff, 0xffff, 0xffff, 0xffff, 0xffff, 0xffff, 0xffff, 0xffff, 0xffff, 0xffff, 0xffff, 0x8d17, 0xa5b9, 0xffff, 0xffff, 0xffff,
    0xffff, 0xffff, 0xffff, 0xffff, 0xffff, 0xffff, 0xffff, 0xffff, 0xffff, 0xffff, 0xffff, 0xffff, 0xffff, 0xffff, 0xffff, 0xffff,
    0xffff, 0xffff, 0xffff, 0xffff, 0xffff, 0xffff, 0xffff, 0xffff, 0xffff, 0xcedc, 0x010b, 0xcebc, 0xffff, 0xffff, 0xffff, 0xffff,
    0xffff, 0xffff, 0xef9f, 0xd71e, 0xffff, 0xd73e, 0xb69e, 0xbedf, 0xb6bf, 0xb6bf, 0xb6bf, 0xb6be, 0xb6be, 0xb6bf, 0xb6bf, 0xb6bf,
    0xb6bf, 0xb6bf, 0xb6bf, 0xb6bf, 0xb6bf, 0xb6bf, 0xb6bf, 0xb6bf, 0xb6bf, 0xb6bf, 0xb6be, 0xbedf, 0x8d9b, 0x012d, 0x4395, 0xb6df,
    0xbebe, 0xe77e, 0xffff, 0xffff, 0x6d1a, 0x3c5b, 0x447a, 0x8ddd, 0x85dd, 0x64fc, 0x651c, 0x3c3a, 0x757d, 0xa65e, 0xdf5f, 0xffff,
    0xffdf, 0xffff, 0xb69d, 0x85dd, 0xa67e, 0xb6bf, 0xb6bf, 0xb69e, 0xcf1e, 0xf7ff, 0xcf1e, 0xf7df, 0xffff, 0xffff, 0xffff, 0xffff,
    0xffff, 0xffff, 0xffff, 0xffff, 0xffff, 0xefbf, 0xbede, 0xbedf, 0xbedf, 0xbebf, 0xb6bf, 0xb6bf, 0xb6bf, 0xb6bf, 0xb6df, 0x6d3c,
    0x447b, 0x4c9b, 0x4c9b, 0x5cdb, 0xbede, 0xef9f, 0xffdf, 0xffff, 0x857a, 0x1b58, 0x447a, 0x7dbd, 0x6d3c, 0x7d9d, 0x85dd, 0x755c,
    0x7d7d, 0x85bd, 0x85bd, 0x85bd, 0x85bd, 0x85bc, 0x859d, 0x757c, 0x4c9b, 0x1b78, 0x2bfa, 0x2378, 0x1272, 0x014d, 0x01af, 0x01af,
    0x016e, 0x1272, 0x33d8, 0x4c7b, 0x447b, 0x64fb, 0x85be, 0x7d9d, 0x7d9d, 0x757d, 0x8ddd, 0x9e3d, 0x9e1d, 0x9e1d, 0x961d, 0x85bc,
    0x7d7d, 0x85bd, 0x6d3c, 0x4c7b, 0x4cbb, 0x4c9b, 0x2357, 0x0ab6, 0x2378, 0x2378, 0x445a, 0x445b, 0x6d3c, 0xbeff, 0xbede, 0xbeff,
    0xae9e, 0x4c9a, 0x341a, 0x0a11, 0x014d, 0x11ef, 0x859a, 0xe7bf, 0xa63b, 0x0af7, 0x3c3b, 0x33f9, 0x33f9, 0x33f9, 0x2bd9, 0x3bf8,
    0xbefe, 0xcf1e, 0xffff, 0xcefd, 0x1af6, 0x3c3b, 0x4c7a, 0x8dfd, 0xb6bf, 0xbedf, 0xbedf, 0xbedf, 0xaebf, 0x4c7b, 0x445b, 0x3c1a,
    0x653c, 0x961d, 0xf7df, 0xffff, 0xa5da, 0x1b16, 0x2399, 0x651c, 0x5cdb, 0x341a, 0x01f1, 0x9537, 0xffff, 0xd75f, 0x9e3d, 0x445b,
    0x549a, 0xa65d, 0xc71f, 0xbede, 0x9e3d, 0xa67e, 0xae7e, 0x7d7d, 0x64fc, 0x651c, 0x4c79, 0x01af, 0x5479, 0x9e3d, 0xa69f, 0x5c78,
    0x012d, 0x018e, 0x3bb8, 0x54fc, 0x1a72, 0x0a32, 0x2336, 0x016e, 0x018e, 0x2ad2, 0xb69e, 0x4c5a, 0x1358, 0x1b37, 0x2b56, 0xae7d,
    0x9e3d, 0x651d, 0x651c, 0xc6fe, 0xbede, 0x653b, 0x4cbb, 0x3397, 0x2ab3, 0xcebc, 0xd75f, 0x4c7a, 0x443a, 0x95fc, 0xefbf, 0xcf1f,
    0xc6ff, 0xdf5f, 0xffdf, 0xef7e, 0x32b1, 0x096b, 0xe6d8, 0xfffe, 0xffdf, 0xffff, 0xffff, 0xffff, 0xffff, 0xffff, 0xffff, 0xffff,
    0xffff, 0xffff, 0xffff, 0xffff, 0xffff, 0xffff, 0xffff, 0xffff, 0xffff, 0xffff, 0xffff, 0xffff, 0xffff, 0xffff, 0xffff, 0xffff,
    0xffff, 0xffff, 0xffff, 0xffff, 0xffff, 0xffff, 0xffff, 0xffff, 0xffff, 0xffff, 0xffdf, 0xffff, 0xffff, 0xffff, 0xffff, 0xffff,
    0xffff, 0xffff, 0xffff, 0xffff, 0xffff, 0xffff, 0xffff, 0xffff, 0xffff, 0xffff, 0xffff, 0xffff, 0xffff, 0xffff, 0xffff, 0xffff,
    0xffff, 0xffff, 0xffff, 0xffff, 0xffff, 0xffff, 0xffff, 0xffff, 0xffff, 0xd6fc, 0x09ae, 0xce9b, 0xffff, 0xffff, 0xffff, 0xffff,
    0xffff, 0xffff, 0xffff, 0xef9f, 0xcefd, 0xe77f, 0xdf5f, 0xb6be, 0xb6bf, 0xb6bf, 0xb6bf, 0xbebf, 0xb6bf, 0xb6bf, 0xb6bf, 0xb6bf,
    0xb6bf, 0xb6bf, 0xb6bf, 0xb6bf, 0xb6bf, 0xb6bf, 0xb6bf, 0xb6bf, 0xb6be, 0xb6de, 0xb6bf, 0xb6de, 0xb6be, 0x8d9a, 0x11ef, 0x5c57,
    0xbeff, 0xbebe, 0xffdf, 0xffff, 0xe77e, 0x6d3b, 0x341a, 0x7d9d, 0x95fd, 0x7d7c, 0x6d3c, 0x4cbb, 0x3c5a, 0x5cdb, 0xc6fe, 0xe77f,
    0xffff, 0xffff, 0xb69d, 0x6d3d, 0x5cfc, 0xb6bf, 0xb6bf, 0xb69e, 0xc6de, 0xe77f, 0xd73e, 0xf7df, 0xffff, 0xffff, 0xffff, 0xffff,
    0xffff, 0xffff, 0xffff, 0xffff, 0xffff, 0xf7df, 0xc6fe, 0xbede, 0xbedf, 0xbedf, 0xb6bf, 0xb6bf, 0xb6bf, 0xb6bf, 0xb6bf, 0x963e,
    0x651c, 0x4c7b, 0x4c9b, 0x5cbb, 0xbedf, 0xc6de, 0xf7bf, 0xffff, 0xe75e, 0x6d1a, 0x2bd9, 0x651c, 0x85dd, 0x85bd, 0x7d9d, 0x85bd,
    0x85bd, 0x85bd, 0x85bd, 0x85bd, 0x85bd, 0x85bd, 0x7d9c, 0x7d9c, 0x6d3c, 0x447a, 0x5cfc, 0x23da, 0x2398, 0x1af5, 0x01af, 0x016e,
    0x018e, 0x018e, 0x018e, 0x2b35, 0x3c3a, 0x54bb, 0x6d3d, 0x6d1c, 0x755d, 0x651c, 0x5cdc, 0x54bb, 0x549b, 0x549b, 0x547a, 0x54bb,
    0x5cdc, 0x64fc, 0x54bb, 0x4c9b, 0x4cbb, 0x2b98, 0x2bb8, 0x445a, 0x4c9b, 0x54bb, 0x5cfc, 0x85bd, 0xb6df, 0xbedf, 0xbede, 0xc6ff,
    0xb6be, 0x33f9, 0x2bda, 0x0a31, 0x012d, 0x2af3, 0xaedf, 0xdf9f, 0xae3c, 0x1337, 0x341a, 0x33f9, 0x33fa, 0x33f9, 0x2bd9, 0x4439,
    0xc6fe, 0xcf1e, 0xffff, 0xdf3d, 0x1b16, 0x3c3a, 0x3c3a, 0x445a, 0xae9e, 0xbedf, 0xbedf, 0xbedf, 0xaebf, 0x447a, 0x445b, 0x3c3a,
    0x6d3d, 0x961d, 0xf7df, 0xffff, 0xe79f, 0x2bd9, 0x1b79, 0x5d1b, 0x5cdb, 0x2bfa, 0x01d1, 0x9537, 0xffff, 0xcf1f, 0xbedf, 0x755c,
    0x445a, 0xa67d, 0xc6ff, 0xc6ff, 0x961d, 0x64fb, 0x9e5e, 0x85bd, 0x64fb, 0x653c, 0x5cdb, 0x018f, 0x43d7, 0x6d7c, 0x7d9d, 0x5c58,
    0x014d, 0x014d, 0x2315, 0x54fd, 0x1a72, 0x09f0, 0x0a11, 0x016d, 0x09cf, 0x857c, 0x859c, 0x1b37, 0x23da, 0x0213, 0x6c97, 0xc71f,
    0x651c, 0x64fc, 0x9e1d, 0xdf7f, 0x7d9c, 0x4cbb, 0x2335, 0x2230, 0xefbf, 0xd77e, 0x64fb, 0x3c3b, 0x9e1c, 0xefbf, 0xcf1f, 0xbefe,
    0xd75e, 0xffff, 0xe75e, 0x19cd, 0x8c52, 0xf75a, 0xffbe, 0xffff, 0xffff, 0xffff, 0xffff, 0xffff, 0xffff, 0xffff, 0xffff, 0xffff,
    0xffff, 0xffff, 0xffff, 0xffff, 0xffff, 0xffff, 0xffff, 0xffff, 0xffff, 0xffff, 0xffff, 0xffff, 0xffff, 0xffff, 0xffff, 0xffff,
    0xffff, 0xffff, 0xffff, 0xffff, 0xffff, 0xffff, 0xffff, 0xffff, 0xffff, 0xffff, 0xffff, 0xffff, 0xffff, 0xffff, 0xffff, 0xffff,
    0xffff, 0xffff, 0xffff, 0xffff, 0xffff, 0xffff, 0xffff, 0xffff, 0xffff, 0xffff, 0xffff, 0xffff, 0xffff, 0xffff, 0xffff, 0xffff,
    0xffff, 0xffff, 0xffff, 0xffff, 0xffff, 0xffff, 0xffff, 0xffff, 0xffdf, 0xcebb, 0x012d, 0xc69b, 0xffff, 0xffff, 0xffff, 0xf7df,
    0xf7df, 0xffff, 0xf7df, 0xe79f, 0xc6dd, 0xef9f, 0xef9f, 0xb6be, 0xb6bf, 0xbebe, 0xb6be, 0xb6be, 0xb6df, 0xb6bf, 0xb6bf, 0xb6bf,
    0xb6bf, 0xb6bf, 0xb6bf, 0xb6bf, 0xb6bf, 0xb6be, 0xb6bf, 0xb6bf, 0xb6de, 0xb6bf, 0xb6bf, 0xb6be, 0xb6df, 0xc73f, 0x3313, 0x1210,
    0x855b, 0xb69e, 0xf7bf, 0xffff, 0xffff, 0x859b, 0x343b, 0x4c9b, 0x85dd, 0x8ddd, 0x755c, 0x447b, 0x341a, 0x54bb, 0xae7e, 0xd73e,
    0xffff, 0xffff, 0xd71e, 0x9e1d, 0x5cfc, 0xb6bf, 0xb6be, 0xb6bf, 0xb69e, 0xcf1e, 0xffff, 0xffff, 0xffff, 0xffff, 0xffff, 0xffff,
    0xffff, 0xffff, 0xffff, 0xffff, 0xffff, 0xffff, 0xf7ff, 0xdf5e, 0xbedf, 0xbebf, 0xbebf, 0xb6bf, 0xb6bf, 0xb6bf, 0xb6bf, 0xb6bf,
    0x757c, 0x445b, 0x4c9b, 0x549b, 0x9e3d, 0xb6be, 0xefdf, 0xffff, 0xffff, 0x9ddb, 0x2379, 0x54bb, 0x85bd, 0x7d9c, 0x859c, 0x859d,
    0x85bd, 0x85bd, 0x85bd, 0x85bd, 0x85dd, 0x961d, 0x8ddd, 0x7d9c, 0x7d7d, 0x7d9d, 0x7d9d, 0x5cfb, 0x23b9, 0x23da, 0x0a52, 0x09f0,
    0x018e, 0x018e, 0x01af, 0x014d, 0x1ab3, 0x445a, 0x447b, 0x33f9, 0x6d5d, 0x6d3c, 0x5cdc, 0x5cdc, 0x5cdc, 0x5cbb, 0x54bb, 0x54bb,
    0x4c9b, 0x4c7b, 0x4c9b, 0x4c9b, 0x4c7a, 0x447a, 0x447b, 0x447b, 0x54db, 0x6d5d, 0x7d9c, 0xbeff, 0xc6ff, 0xc6df, 0xbedf, 0xc6df,
    0x9e5e, 0x3c1a, 0x2bb9, 0x09f0, 0x012d, 0x2291, 0xaebf, 0xe77f, 0xa61c, 0x1317, 0x33fa, 0x33f9, 0x33fa, 0x33f9, 0x2bd9, 0x3c19,
    0xbeff, 0xceff, 0xffff, 0xdf5e, 0x2336, 0x3c3a, 0x443a, 0x4c7b, 0xae9f, 0xbeff, 0xbede, 0xbedf, 0xbedf, 0x651c, 0x445b, 0x445a,
    0x447b, 0x859c, 0xf7df, 0xffff, 0xe77e, 0x43f7, 0x12f6, 0x54db, 0x4c9b, 0x2bfa, 0x01b0, 0x9537, 0xffff, 0xcf1e, 0xcf3f, 0x8dfd,
    0x445a, 0x759c, 0xbeff, 0xcf1f, 0x85dd, 0x64fc, 0x6d3c, 0x85bd, 0x859d, 0x64fc, 0x64fb, 0x09af, 0x1252, 0x5cfb, 0x7d9d, 0x5438,
    0x014d, 0x014d, 0x22f4, 0x44bc, 0x1a92, 0x014d, 0x018e, 0x014d, 0x09af, 0x753c, 0x4c7a, 0x1358, 0x0a53, 0x43b5, 0xae3c, 0x8e1d,
    0x54db, 0x95dd, 0xd75f, 0x8ddc, 0x651c, 0x2336, 0x1252, 0xdf5e, 0xcf1e, 0x6d1b, 0x4c7b, 0x64da, 0xd73e, 0xe79f, 0xbede, 0xcf1e,
    0xffff, 0xbe3b, 0x21ce, 0x94b2, 0xf779, 0xfffe, 0xffff, 0xffff, 0xffff, 0xffff, 0xffff, 0xffff, 0xffff, 0xffff, 0xffff, 0xffff,
    0xffff, 0xffff, 0xffff, 0xffff, 0xffff, 0xffff, 0xffff, 0xffff, 0xffff, 0xffff, 0xffff, 0xffff, 0xffff, 0xffff, 0xffff, 0xffff,
    0xffff, 0xffff, 0xffff, 0xffff, 0xffff, 0xffff, 0xffff, 0xffff, 0xffff, 0xffff, 0xffff, 0xffff, 0xffff, 0xffff, 0xffff, 0xffff,
    0xffff, 0xffff, 0xffff, 0xffff, 0xffff, 0xffff, 0xffff, 0xffff, 0xffff, 0xffff, 0xffff, 0xffff, 0xffff, 0xffff, 0xffff, 0xffff,
    0xffff, 0xffff, 0xffff, 0xffff, 0xffff, 0xffff, 0xffff, 0xffff, 0x6bf4, 0x42f1, 0xbe1a, 0xef7e, 0xffff, 0xffff, 0xffff, 0xdf5e,
    0xdf3e, 0xffff, 0xd71e, 0xcefe, 0xffff, 0xd71e, 0xc6de, 0xefbf, 0xd75e, 0xefbf, 0xbede, 0xb6bf, 0xbebf, 0xb6be, 0xb6be, 0xb6be,
    0xb6bf, 0xb6bf, 0xb6bf, 0xb6df, 0xb6df, 0xb6be, 0xc6df, 0xbebe, 0xb6be, 0xb6bf, 0xb6bf, 0xb6be, 0xb6be, 0xb6de, 0xb6df, 0x11ef,
    0x2271, 0xaedf, 0xbede, 0xf7df, 0xffff, 0xae5d, 0x4c9a, 0x447b, 0x759d, 0x85bd, 0x757d, 0x54bb, 0x3c5a, 0x3c5a, 0x757c, 0xcf1e,
    0xffff, 0xffdf, 0xffff, 0xcf1e, 0x54bb, 0xb6bf, 0xb6be, 0xb6bf, 0xbede, 0xffff, 0xffff, 0xffff, 0xffff, 0xffff, 0xffff, 0xffff,
    0xffff, 0xffff, 0xffff, 0xffff, 0xffff, 0xffff, 0xffff, 0xffff, 0xcf1e, 0xb6bf, 0xbebf, 0xb6bf, 0xb6bf, 0xb6bf, 0xb6bf, 0xbeff,
    0x757c, 0x447b, 0x4c9b, 0x4c9b, 0x445a, 0x85bc, 0xefbf, 0xffff, 0xffff, 0xef9f, 0x651b, 0x2bb9, 0x54bb, 0x7d9c, 0x859c, 0x859d,
    0x85bd, 0x85bd, 0x7d9c, 0x9e3e, 0xae7f, 0x859c, 0xb6bf, 0xa65e, 0x7d5c, 0x7d7c, 0x7d9d, 0x7d7c, 0x447a, 0x2398, 0x23b9, 0x2b98,
    0x01af, 0x016d, 0x018e, 0x018e, 0x014e, 0x1ad4, 0x3c5b, 0x2bb9, 0x64fc, 0x6d5d, 0x5cfc, 0x5cdb, 0x54bb, 0x54bb, 0x54bc, 0x54bb,
    0x54bb, 0x4cbb, 0x4c9b, 0x4c9b, 0x4c9b, 0x4c9b, 0x445b, 0x651b, 0x757d, 0x755d, 0x8ddd, 0xc6ff, 0xc6df, 0xbedf, 0xbeff, 0xbede,
    0x4c7a, 0x2bfa, 0x2b98, 0x01af, 0x09cf, 0x5438, 0xaebe, 0xef9f, 0xa61c, 0x1317, 0x3c3a, 0x33f9, 0x33fa, 0x33fa, 0x33f9, 0x3c39,
    0xb6be, 0xc6fe, 0xffff, 0xe75e, 0x2336, 0x3c3a, 0x3c3a, 0x445a, 0xb6bf, 0xc6ff, 0xbedf, 0xbedf, 0xc71f, 0x8dfe, 0x445b, 0x445b,
    0x2bda, 0x6d3b, 0xbede, 0xe77e, 0xffff, 0x9d99, 0x01d0, 0x33fa, 0x2bd9, 0x2c1a, 0x01d1, 0x74d7, 0xffff, 0xcf1e, 0xcf3f, 0x8ddd,
    0x4c7a, 0x54bb, 0xae7e, 0xcf3f, 0x85bd, 0x5cfc, 0x5cfc, 0x85de, 0x8ddd, 0x5cdc, 0x651c, 0x1230, 0x01b0, 0x547a, 0x759d, 0x4c18,
    0x09cf, 0x01ae, 0x01d0, 0x3c3b, 0x1a93, 0x014d, 0x018e, 0x018e, 0x3396, 0x755c, 0x2bb9, 0x1316, 0x01b0, 0x8d9a, 0xb6df, 0x64fc,
    0x753b, 0xcf5f, 0xa63e, 0x5cfb, 0x549a, 0x01f2, 0x6498, 0xf7ff, 0x64fa, 0x3c3b, 0x4419, 0xbefe, 0xc6fe, 0xbede, 0xcf1e, 0xefbf,
    0xcedd, 0x2a2f, 0x7c31, 0xff9a, 0xffff, 0xffff, 0xffff, 0xffff, 0xffff, 0xffff, 0xffff, 0xffff, 0xffff, 0xffff, 0xffff, 0xffff,
    0xffff, 0xffff, 0xffff, 0xffff, 0xffff, 0xffff, 0xffff, 0xffff, 0xffff, 0xffff, 0xffff, 0xffff, 0xffff, 0xffff, 0xffff, 0xffff,
    0xffff, 0xffff, 0xffff, 0xffff, 0xffff, 0xffff, 0xffff, 0xffff, 0xffff, 0xffff, 0xffff, 0xffff, 0xffff, 0xffff, 0xffff, 0xffff,
    0xffff, 0xffff, 0xffff, 0xffff, 0xffff, 0xffff, 0xffff, 0xffff, 0xffff, 0xffff, 0xffff, 0xffff, 0xffff, 0xffff, 0xffff, 0xffff,
    0xffff, 0xffff, 0xffff, 0xffff, 0xffff, 0xffff, 0xffff, 0xffff, 0x5393, 0x3ab1, 0xffff, 0xffff, 0xffff, 0xffff, 0xffff, 0xffff,
    0xefbf, 0xdf5e, 0xf7df, 0xefbf, 0xc6dd, 0xef9f, 0xe79f, 0xd71e, 0xceff, 0xd73f, 0xb6be, 0xb6bf, 0xb6be, 0xb6be, 0xb6be, 0xb6be,
    0xb6bf, 0xb6bf, 0xbebf, 0xbebf, 0xb6bf, 0xbede, 0xf7df, 0xf7df, 0xc6fe, 0xb6be, 0xbebe, 0xb6df, 0xb6de, 0xb6de, 0xbeff, 0x8dbb,
    0x1a10, 0x3b54, 0xa65e, 0xdf7f, 0xffff, 0xffff, 0xae7d, 0x3c3a, 0x447a, 0x7d7d, 0x7d7c, 0x859d, 0x64fc, 0x2bda, 0x33d9, 0xb6be,
    0xd71e, 0xf7df, 0xffff, 0xcefd, 0x54db, 0xb6bf, 0xb6be, 0xb6bf, 0xbede, 0xffff, 0xffff, 0xffff, 0xffff, 0xffff, 0xffff, 0xffff,
    0xffff, 0xffff, 0xffff, 0xffff, 0xffff, 0xffff, 0xffff, 0xffff, 0xd71e, 0xb6be, 0xbebf, 0xb6bf, 0xb6bf, 0xb6bf, 0xb6bf, 0xbeff,
    0x7d9d, 0x447a, 0x4c9b, 0x4c9b, 0x447a, 0x9e3d, 0xc6fe, 0xf7df, 0xffff, 0xffff, 0x9dfb, 0x2bb9, 0x3c3a, 0x7d9d, 0x85bd, 0x7d9d,
    0x85bd, 0x85bd, 0x9e3e, 0x9e3e, 0xa65e, 0xae7e, 0xb6be, 0xae9e, 0x85bd, 0x7d7c, 0x7d7d, 0x757d, 0x7d9d, 0x54bb, 0x33f9, 0x2398,
    0x2377, 0x0a10, 0x016e, 0x018e, 0x018e, 0x01af, 0x1273, 0x3c3b, 0x33fa, 0x5cfb, 0x95fe, 0x85bd, 0x85dd, 0xae7e, 0x651b, 0x3c5a,
    0x447b, 0x447b, 0x447b, 0x447b, 0x4c9b, 0x4c7a, 0x757d, 0x85dd, 0x8ddd, 0xbefe, 0xbedf, 0xc6df, 0xc6df, 0xc6df, 0xc6ff, 0xbedf,
    0x445a, 0x2bfa, 0x1293, 0x014d, 0x1a71, 0x85de, 0xd73e, 0xffff, 0xa61c, 0x1317, 0x3c3a, 0x33fa, 0x33fa, 0x33fa, 0x33f9, 0x4439,
    0xb6bf, 0xc6ff, 0xffff, 0xe75e, 0x2336, 0x3c3a, 0x3c3a, 0x443a, 0x961d, 0xb6df, 0xb6bf, 0xb6bf, 0xb6bf, 0x8ddd, 0x64fb, 0x4c9b,
    0x33fa, 0x6d1c, 0xa67e, 0xdf5e, 0xffff, 0xa5b9, 0x01d1, 0x2bfa, 0x2bb9, 0x2bfa, 0x0a31, 0x2291, 0xc6bd, 0xd75f, 0xcf3f, 0x95fd,
    0x4c7b, 0x4c9b, 0x64fb, 0xb6be, 0xa65d, 0x6d3c, 0x651c, 0x6d3c, 0x6d3c, 0x64fc, 0x6d5d, 0x22f3, 0x012e, 0x4418, 0x757d, 0x6d1b,
    0x22b2, 0x014d, 0x09d0, 0x3c3a, 0x1293, 0x014d, 0x016e, 0x018e, 0x447a, 0x54bb, 0x2378, 0x018f, 0x53d6, 0xb6be, 0x755c, 0x64fb,
    0xa67e, 0xa65d, 0x757c, 0x4c7a, 0x0253, 0x3334, 0xf7df, 0xb69d, 0x447b, 0x4c7b, 0xae5d, 0xcf1e, 0xc6ff, 0xbede, 0xe7bf, 0xd71e,
    0x116d, 0x8451, 0xfffc, 0xffff, 0xffff, 0xffff, 0xffff, 0xffff, 0xffff, 0xffff, 0xffff, 0xffff, 0xffff, 0xffff, 0xffff, 0xffff,
    0xffff, 0xffff, 0xffff, 0xffff, 0xffff, 0xffff, 0xffff, 0xffff, 0xffff, 0xffff, 0xffff, 0xffff, 0xffff, 0xffff, 0xffff, 0xffff,
    0xffff, 0xffff, 0xffff, 0xffff, 0xffff, 0xffff, 0xffff, 0xffff, 0xffff, 0xffff, 0xffff, 0xffff, 0xffff, 0xffff, 0xffff, 0xffff,
    0xffff, 0xffff, 0xffff, 0xffff, 0xffff, 0xffff, 0xffff, 0xffff, 0xffff, 0xffff, 0xffff, 0xffff, 0xffff, 0xffff, 0xffff, 0xffff,
    0xffff, 0xffff, 0xffff, 0xffff, 0xffff, 0xffff, 0xffdf, 0xffff, 0x5373, 0x3270, 0xffff, 0xffff, 0xffff, 0xffff, 0xffff, 0xffff,
    0xffff, 0xef9f, 0xf7df, 0xf7bf, 0xcf1e, 0xe77f, 0xdf7e, 0xbebe, 0xbebf, 0xb69f, 0xb6bf, 0xb6bf, 0xb6bf, 0xb6bf, 0xb6bf, 0xb6bf,
    0xb6bf, 0xbebf, 0xbebf, 0xbebf, 0xb6bf, 0xc6df, 0xffff, 0xffff, 0xc6df, 0xb69f, 0xbedf, 0xbedf, 0xbebf, 0xbede, 0xb6bf, 0xcf5f,
    0x3af2, 0x014e, 0xae9f, 0xcf1f, 0xf7df, 0xffff, 0xc6fe, 0x3c5a, 0x445a, 0x859d, 0x7d9c, 0x7d9c, 0x5cfb, 0x2bfa, 0x3c1a, 0xb6be,
    0xcf3f, 0xf7ff, 0xffff, 0xcefd, 0x54db, 0xb6bf, 0xb6be, 0xb6bf, 0xbebe, 0xe79f, 0xf7bf, 0xffff, 0xffff, 0xffff, 0xffff, 0xffff,
    0xffff, 0xffff, 0xffff, 0xffff, 0xffff, 0xffff, 0xffff, 0xffff, 0xd73e, 0xb6be, 0xc6de, 0xb6bf, 0xb6bf, 0xb6bf, 0xb6bf, 0xbebf,
    0xaebf, 0x6d3c, 0x447a, 0x4c9b, 0x4c7b, 0x9e5e, 0xbedf, 0xdf3e, 0xf7bf, 0xffff, 0xae3c, 0x2bb9, 0x3c3a, 0x54bb, 0x7d9d, 0x85bd,
    0x859d, 0x859d, 0xb69f, 0xae9f, 0xae9e, 0xbedf, 0xb6bf, 0xbedf, 0xae9e, 0x7d7c, 0x7d7d, 0x7d7c, 0x755c, 0x7d7d, 0x64fb, 0x3419,
    0x23b9, 0x2398, 0x2356, 0x01af, 0x018e, 0x018f, 0x01af, 0x1af4, 0x2bfa, 0x54dc, 0x7d9d, 0x8ddd, 0xbeff, 0xbedf, 0x9e5e, 0x961d,
    0x961d, 0x961e, 0x961e, 0x963d, 0x9e3e, 0x9e7e, 0x961e, 0x8ddd, 0xb6de, 0xceff, 0xc6ff, 0xc6ff, 0xc6ff, 0xc6df, 0xc6ff, 0xae9e,
    0x2bb9, 0x23da, 0x0a31, 0x012d, 0x1a71, 0x7dbe, 0xd71e, 0xffff, 0x9e1c, 0x1b78, 0x3c3a, 0x341a, 0x341a, 0x33fa, 0x33f9, 0x4439,
    0xb6bf, 0xbeff, 0xffff, 0xe75e, 0x2356, 0x3c3a, 0x3c3a, 0x3c3a, 0x651c, 0xae9f, 0xb69e, 0xae9f, 0xae9f, 0xa67f, 0x8ddd, 0x54bb,
    0x2bfa, 0x6d3c, 0xb69f, 0xdf5e, 0xffff, 0xa598, 0x016f, 0x2bda, 0x2bb9, 0x2bfa, 0x1252, 0x010c, 0xa5da, 0xdf7f, 0xcf1f, 0x8ddc,
    0x443a, 0x4c9b, 0x447a, 0xa63d, 0xd75f, 0x7d9c, 0x5cfc, 0x651c, 0x5cfc, 0x54dc, 0x6d5d, 0x2af4, 0x012d, 0x2b15, 0x6d5c, 0x757c,
    0x22b3, 0x012d, 0x018e, 0x33f9, 0x1ab3, 0x012d, 0x018e, 0x2b35, 0x4c7b, 0x343a, 0x0a73, 0x19ef, 0xae9e, 0x9e5d, 0x5cdb, 0x755c,
    0x9e3e, 0x85bd, 0x4c5a, 0x33d9, 0x01f1, 0xa61b, 0xf7ff, 0x4c59, 0x341a, 0x5499, 0xcf1e, 0xc6ff, 0xbede, 0xdf9f, 0xcefd, 0x220f,
    0x7412, 0xf79b, 0xffff, 0xffff, 0xffff, 0xffff, 0xffff, 0xffff, 0xffff, 0xffff, 0xffff, 0xffff, 0xffff, 0xffff, 0xffff, 0xffff,
    0xffff, 0xffff, 0xffff, 0xffff, 0xffff, 0xffff, 0xffff, 0xffff, 0xffff, 0xffff, 0xffff, 0xffff, 0xffff, 0xffff, 0xffff, 0xffff,
    0xffff, 0xffff, 0xffff, 0xffff, 0xffff, 0xffff, 0xffff, 0xffff, 0xffff, 0xffff, 0xffff, 0xffff, 0xffff, 0xffff, 0xffff, 0xffff,
    0xffff, 0xffff, 0xffff, 0xffff, 0xffff, 0xffff, 0xffff, 0xffff, 0xffff, 0xffff, 0xffff, 0xffff, 0xffff, 0xffff, 0xffff, 0xffff,
    0xffff, 0xffff, 0xffff, 0xffff, 0xffff, 0xffff, 0xf7bf, 0xa598, 0x7435, 0x84b6, 0xffff, 0xffff, 0xffff, 0xffff, 0xffff, 0xffff,
    0xffff, 0xffff, 0xdf3e, 0xdf5e, 0xffff, 0xc6dd, 0xcefe, 0xf7df, 0xbede, 0xb69e, 0xb6bf, 0xb6be, 0xb6bf, 0xb6bf, 0xb6bf, 0xb6bf,
    0xb6bf, 0xbebf, 0xbebf, 0xbebf, 0xbebf, 0xbedf, 0xef9f, 0xffff, 0xe77f, 0xcf3f, 0x9e3d, 0xae9e, 0xbedf, 0xbede, 0xb6be, 0xbeff,
    0x7cf8, 0x2271, 0x6478, 0xb69e, 0xcf3e, 0xffff, 0xef9f, 0x859c, 0x343a, 0x6d5d, 0x7d7d, 0x859d, 0x5cfc, 0x23da, 0x33fa, 0xaebe,
    0xc6ff, 0xf7df, 0xffff, 0xc6dd, 0x4c7a, 0x961e, 0xae9f, 0xb6be, 0xb6bf, 0xbedf, 0xefbf, 0xffff, 0xffff, 0xffff, 0xffff, 0xffff,
    0xffff, 0xffff, 0xffff, 0xffff, 0xffff, 0xffff, 0xffff, 0xffff, 0xf7df, 0xefbf, 0xcf1e, 0xc6ff, 0xbeff, 0xb6bf, 0xb6bf, 0xb6bf,
    0xbedf, 0x8ddd, 0x4c9b, 0x4c9b, 0x449b, 0x5cdb, 0xb6bf, 0xb69e, 0xdf5f, 0xffff, 0xd73e, 0x443a, 0x341a, 0x33fa, 0x651c, 0x7d9d,
    0x7d9d, 0x7d9c, 0x9e5e, 0xbedf, 0xbebe, 0xb6be, 0xbebf, 0xb6be, 0xb6bf, 0xa69f, 0x7d9d, 0x755c, 0x755d, 0x6d3d, 0x757c, 0x6d3c,
    0x54bb, 0x2bfa, 0x2bd9, 0x2336, 0x09f1, 0x016d, 0x018e, 0x016e, 0x2b56, 0x3bf9, 0x447b, 0x54dc, 0x85bd, 0x8ddd, 0xbeff, 0xc6ff,
    0xbedf, 0xbeff, 0xbeff, 0xbeff, 0xbedf, 0xbeff, 0xa67e, 0xa65e, 0xc6ff, 0xc71f, 0xc6ff, 0xc6ff, 0xc6ff, 0xc6df, 0xc6ff, 0xae7e,
    0x2bb8, 0x23b9, 0x0a31, 0x012d, 0x1a71, 0x85bd, 0xd73e, 0xffff, 0x9e1c, 0x2bd9, 0x3c3a, 0x341a, 0x341a, 0x3c1a, 0x33fa, 0x4439,
    0xaebf, 0xbefe, 0xffff, 0xef9e, 0x5cda, 0x447b, 0x3c3a, 0x3c3a, 0x5cfc, 0xae9e, 0xb6bf, 0xb69e, 0xa67e, 0x961d, 0x8ddd, 0x54bb,
    0x341a, 0x5cfb, 0x8dfd, 0xdf5e, 0xffff, 0xc67b, 0x32f1, 0x0a52, 0x2378, 0x2bfa, 0x1252, 0x012d, 0x959a, 0xd77f, 0xcf1f, 0xae7e,
    0x5cdb, 0x447b, 0x447b, 0xa67e, 0xcf3f, 0x7d9c, 0x5cdc, 0x6d3c, 0x4c9a, 0x23b8, 0x6d5d, 0x2b55, 0x012d, 0x1252, 0x651c, 0x6d3c,
    0x3356, 0x014d, 0x1210, 0x3c5b, 0x1293, 0x012c, 0x09ae, 0x3c3a, 0x3c5b, 0x2356, 0x014f, 0x4b74, 0xa69f, 0x757c, 0x5cbb, 0x8ddd,
    0x95fd, 0x651c, 0x3c39, 0x1b16, 0x4395, 0xdf7f, 0x7d5b, 0x3c3a, 0x64fb, 0xc6fe, 0xbede, 0xbedf, 0xcf3f, 0xc6bd, 0x220f, 0x5b0e,
    0xff79, 0xffff, 0xffff, 0xffff, 0xffff, 0xffff, 0xffff, 0xffff, 0xffff, 0xffff, 0xffff, 0xffff, 0xffff, 0xffff, 0xffff, 0xffff,
    0xffff, 0xffff, 0xffff, 0xffff, 0xffff, 0xffff, 0xffff, 0xffff, 0xffff, 0xffff, 0xffff, 0xffff, 0xffff, 0xffff, 0xffff, 0xffff,
    0xffff, 0xffff, 0xffff, 0xffff, 0xffff, 0xffff, 0xffff, 0xffff, 0xffff, 0xffff, 0xffff, 0xffff, 0xffff, 0xffff, 0xffff, 0xffff,
    0xffff, 0xffff, 0xffff, 0xffff, 0xffff, 0xffff, 0xffff, 0xffff, 0xffff, 0xffff, 0xffff, 0xffff, 0xffff, 0xffff, 0xffff, 0xffff,
    0xffff, 0xffff, 0xffff, 0xffff, 0xffff, 0xffff, 0xef9e, 0x012c, 0x9d98, 0xffff, 0xffdf, 0xffff, 0xffff, 0xffff, 0xffff, 0xffff,
    0xffff, 0xffff, 0xffff, 0xe79f, 0xc6bd, 0xf7df, 0xdf7f, 0xb67d, 0xd75e, 0xe77f, 0xb6bf, 0xb6bf, 0xb6bf, 0xb6bf, 0xb6bf, 0xb6bf,
    0xb6df, 0xbebf, 0xbebf, 0xbebf, 0xbedf, 0xb6bf, 0xbede, 0xffff, 0xffff, 0xe79f, 0x7d9c, 0x961d, 0xbedf, 0xb6bf, 0xbebe, 0xb69e,
    0xcf7f, 0x4b94, 0x012d, 0xb6df, 0xb6be, 0xf7bf, 0xffff, 0xbebd, 0x2bd9, 0x3c5a, 0x755c, 0x7d9d, 0x5cdb, 0x3c5b, 0x33f9, 0xa67d,
    0xc6ff, 0xf7df, 0xffff, 0xe75e, 0x85bb, 0x54bb, 0x9e3e, 0xbedf, 0xb6bf, 0xb6df, 0xb6be, 0xe77f, 0xffff, 0xffff, 0xffff, 0xffff,
    0xffff, 0xffff, 0xffff, 0xffff, 0xffff, 0xffff, 0xffff, 0xffff, 0xffff, 0xf7df, 0xbebe, 0xd73f, 0xc6ff, 0xb6bf, 0xb6bf, 0xb6bf,
    0xae9e, 0xae9f, 0x6d5c, 0x447b, 0x4cbb, 0x4c9b, 0x755c, 0xae9e, 0xdf5f, 0xffff, 0xffff, 0xd71e, 0x4c5a, 0x2c1a, 0x4c7b, 0x6d3c,
    0x757d, 0x757d, 0x7d7c, 0xa65e, 0xbedf, 0xb6bf, 0xbebf, 0xbedf, 0xc6ff, 0xae9e, 0x755c, 0x757c, 0x755c, 0x755c, 0x755c, 0x755c,
    0x755c, 0x4c9a, 0x343a, 0x343a, 0x2377, 0x1272, 0x01af, 0x018e, 0x018e, 0x0a52, 0x3c3b, 0x3c3a, 0x33fa, 0x54db, 0xa65e, 0xa65e,
    0xbedf, 0xbedf, 0xb6bf, 0xb6df, 0xbedf, 0xbedf, 0xbedf, 0xbeff, 0xbebf, 0xc6ff, 0xc6ff, 0xc6ff, 0xc6ff, 0xbedf, 0xc6ff, 0xae9e,
    0x2bb8, 0x2399, 0x0a11, 0x012d, 0x2271, 0x961e, 0xdf5f, 0xffff, 0x9e1c, 0x2bd9, 0x3c3a, 0x341a, 0x341a, 0x3bfa, 0x33fa, 0x4459,
    0xb6bf, 0xbefe, 0xffff, 0xf7df, 0xae7d, 0x54bb, 0x341a, 0x3c3a, 0x447a, 0xae9f, 0xb6be, 0xb6bf, 0xa65e, 0x85bd, 0x8ddd, 0x54bb,
    0x3c3a, 0x343a, 0x447a, 0xd73f, 0xf7bf, 0xffff, 0xdf5e, 0x09f0, 0x2377, 0x2bfa, 0x1252, 0x012d, 0x7d19, 0xcf3f, 0xc6ff, 0xc71f,
    0x6d5c, 0x445a, 0x447b, 0x85bc, 0xbedf, 0x7d7c, 0x5cfc, 0x653c, 0x447b, 0x23b9, 0x6d3c, 0x64fc, 0x09cf, 0x1231, 0x4cbc, 0x4c9b,
    0x549b, 0x018e, 0x1a72, 0x447b, 0x1a93, 0x012c, 0x09cf, 0x33d9, 0x3c5c, 0x12b4, 0x1210, 0x9e1d, 0x757c, 0x4c9b, 0x54bb, 0x95dd,
    0x7d7c, 0x5d1c, 0x3c19, 0x01f1, 0xe75e, 0xd73e, 0x33fa, 0x447b, 0x9e1d, 0xcf1f, 0xbedf, 0xb6be, 0xdf9f, 0x42f2, 0x322e, 0xff58,
    0xffbb, 0xffff, 0xffbc, 0xffdd, 0xffff, 0xffff, 0xffff, 0xffff, 0xffff, 0xffff, 0xffff, 0xffff, 0xffff, 0xffff, 0xffff, 0xffff,
    0xffff, 0xffff, 0xffff, 0xffff, 0xffff, 0xffff, 0xffff, 0xffff, 0xffff, 0xffff, 0xffff, 0xffff, 0xffff, 0xffff, 0xffff, 0xffff,
    0xffff, 0xffff, 0xffff, 0xffff, 0xffff, 0xffff, 0xffff, 0xffff, 0xffff, 0xffff, 0xffff, 0xffff, 0xffff, 0xffff, 0xffff, 0xffff,
    0xffff, 0xffff, 0xffff, 0xffff, 0xffff, 0xffff, 0xffff, 0xffff, 0xffff, 0xffff, 0xffff, 0xffff, 0xffff, 0xffff, 0xffff, 0xffff,
    0xffff, 0xffff, 0xffff, 0xffff, 0xffff, 0xffff, 0xef9e, 0x11ce, 0x9d78, 0xffff, 0xffff, 0xffff, 0xffff, 0xffff, 0xffff, 0xffff,
    0xffff, 0xffff, 0xffff, 0xffff, 0xe77f, 0xdf3e, 0xd75f, 0xcf1e, 0xc6fe, 0xc6ff, 0xb6be, 0xb6be, 0xb6bf, 0xb6bf, 0xb6bf, 0xb6bf,
    0xb6bf, 0xb6df, 0xb6df, 0xb6df, 0xb6df, 0xb6be, 0xbedf, 0xf7df, 0xffff, 0xffff, 0xdf7f, 0x859c, 0xa65e, 0xbedf, 0xbebf, 0xb6be,
    0xbeff, 0x8539, 0x3b33, 0x5bd5, 0xb6bf, 0xd73e, 0xf7df, 0xf7bf, 0xa63c, 0x3c39, 0x6d5c, 0x7d9d, 0x5cfb, 0x54bb, 0x33fa, 0x3c39,
    0x9e3d, 0xffff, 0xffff, 0xffff, 0xdf5e, 0x549a, 0x9e5e, 0xbedf, 0xb6bf, 0xb6bf, 0xbedf, 0xdf7f, 0xd71e, 0xffff, 0xffff, 0xffff,
    0xffff, 0xffff, 0xffff, 0xffff, 0xffff, 0xffff, 0xffff, 0xffff, 0xffff, 0xf7df, 0xd73e, 0xd75f, 0xbede, 0xbedf, 0xb6bf, 0xb6be,
    0xb69f, 0xae9f, 0x54bb, 0x447b, 0x549b, 0x4c9b, 0x5cdb, 0xa65e, 0xd75e, 0xffff, 0xffff, 0xffff, 0x5cba, 0x2bd9, 0x4c7b, 0x64fb,
    0x755d, 0x757d, 0x755c, 0x9e3e, 0xb6bf, 0xb6bf, 0xb6df, 0xbeff, 0xbeff, 0xae9e, 0x9e3e, 0x85dd, 0x6d3c, 0x757c, 0x755c, 0x755c,
    0x6d3c, 0x755c, 0x651c, 0x445a, 0x445b, 0x3c5b, 0x0a52, 0x01af, 0x018e, 0x09cf, 0x09d0, 0x2b56, 0x449c, 0x445b, 0x33f9, 0x651b,
    0xa69e, 0xae7e, 0xbeff, 0xbedf, 0xbedf, 0xbedf, 0xbedf, 0xbedf, 0xbedf, 0xc6ff, 0xc6ff, 0xc6ff, 0xc6df, 0xc6ff, 0xb6be, 0x64da,
    0x2398, 0x2399, 0x0a11, 0x012d, 0x1a71, 0x963e, 0xdf5e, 0xffff, 0xa61c, 0x2bda, 0x3c3a, 0x341a, 0x341a, 0x3c1a, 0x33f9, 0x4459,
    0xaebf, 0xc6fe, 0xf7df, 0xffff, 0xe79f, 0x5cba, 0x341a, 0x3c3a, 0x445a, 0x961d, 0xb6be, 0xae9e, 0x9e3e, 0x85bd, 0x8dfd, 0x54bc,
    0x341a, 0x341a, 0x5cdb, 0xcf1f, 0xef9f, 0xffff, 0xdf1d, 0x11f0, 0x2378, 0x2bfa, 0x1252, 0x014d, 0x5c78, 0xb6be, 0xcf1f, 0xc6ff,
    0x6d3c, 0x443a, 0x445b, 0x5cdb, 0xae9f, 0x755c, 0x5cdc, 0x651c, 0x4c7b, 0x1b98, 0x4c7b, 0x651c, 0x1210, 0x1231, 0x4c9b, 0x449b,
    0x447a, 0x01af, 0x1252, 0x447c, 0x1ab3, 0x010c, 0x1210, 0x3c1a, 0x33d9, 0x1252, 0x4354, 0xbeff, 0x6d1c, 0x54bc, 0x5cdb, 0x8ddd,
    0x6d5c, 0x3c19, 0x2b15, 0x4bb5, 0xd75e, 0x755b, 0x33fa, 0x95fd, 0xc6ff, 0xbedf, 0xbede, 0xdf9f, 0x5bb4, 0x3a6e, 0xd655, 0xff79,
    0xffff, 0xffdd, 0xff7a, 0xffde, 0xffff, 0xffff, 0xffff, 0xffff, 0xffff, 0xffff, 0xffff, 0xffff, 0xffff, 0xffff, 0xffff, 0xffff,
    0xffff, 0xffff, 0xffff, 0xffff, 0xffff, 0xffff, 0xffff, 0xffff, 0xffff, 0xffff, 0xffff, 0xffff, 0xffff, 0xffff, 0xffff, 0xffff,
    0xffff, 0xffff, 0xffff, 0xffff, 0xffff, 0xffff, 0xffff, 0xffff, 0xffff, 0xffff, 0xffff, 0xffff, 0xffff, 0xffff, 0xffff, 0xffff,
    0xffff, 0xffff, 0xffff, 0xffff, 0xffff, 0xffff, 0xffff, 0xffff, 0xffff, 0xffff, 0xffff, 0xffff, 0xffff, 0xffff, 0xffff, 0xffff,
    0xffff, 0xffff, 0xffff, 0xffff, 0xffff, 0xffff, 0xf7df, 0x014d, 0x9d58, 0xffff, 0xffff, 0xffff, 0xffff, 0xffff, 0xffff, 0xffff,
    0xffff, 0xffff, 0xd71e, 0xd73e, 0xffff, 0xbebe, 0xd71e, 0xef9f, 0xb69e, 0xb69f, 0xb6bf, 0xb6be, 0xb6be, 0xb6bf, 0xb6bf, 0xb6bf,
    0xb6bf, 0xb6df, 0xbedf, 0xb6bf, 0xb6df, 0xb6df, 0xbebe, 0xf7df, 0xffff, 0xffff, 0xffff, 0x753b, 0x8dfd, 0xbeff, 0xb6de, 0xbebf,
    0xb6bf, 0xcf5f, 0x95bb, 0x016d, 0x95dc, 0xb6fe, 0xe77e, 0xffff, 0xefbf, 0x4439, 0x755c, 0x8ddd, 0x651c, 0x3c1a, 0x3c1a, 0x33fa,
    0x64fb, 0xefbf, 0xffff, 0xffff, 0xdf5e, 0x549a, 0x9e5e, 0xbedf, 0xb6bf, 0xb6bf, 0xbebe, 0xcf1f, 0xdf5f, 0xffff, 0xffff, 0xffff,
    0xffff, 0xffff, 0xffff, 0xffff, 0xffff, 0xffff, 0xffff, 0xffff, 0xffff, 0xffff, 0xffff, 0xef9f, 0xb69e, 0xb6be, 0xb6bf, 0xb6bf,
    0xb6be, 0xaebe, 0x7d7c, 0x5cdb, 0x4c9b, 0x4c9b, 0x54db, 0xa65e, 0xc6de, 0xef9f, 0xffff, 0xffff, 0x85bc, 0x2bb9, 0x4cbb, 0x651c,
    0x755c, 0x755c, 0x757c, 0x755d, 0x7d7c, 0xbedf, 0xbedf, 0xbedf, 0xbedf, 0xbedf, 0xbeff, 0x95fd, 0x7d9d, 0x757c, 0x755c, 0x755c,
    0x753c, 0x753c, 0x6d1c, 0x4c7b, 0x447b, 0x445a, 0x341a, 0x1b15, 0x018f, 0x018f, 0x014d, 0x1231, 0x1ab3, 0x2b97, 0x447b, 0x447b,
    0x445a, 0x8ddd, 0xb6df, 0xb6bf, 0xbedf, 0xbedf, 0xbede, 0xbedf, 0xbedf, 0xbeff, 0xc6ff, 0xc6ff, 0xbedf, 0xc6ff, 0xa67e, 0x2bb8,
    0x2399, 0x2399, 0x0a11, 0x014d, 0x22d3, 0x963e, 0xdf5e, 0xffff, 0x9dfc, 0x23b9, 0x3c3a, 0x341a, 0x341a, 0x3c1a, 0x33fa, 0x445a,
    0xaebf, 0xc6fe, 0xf7df, 0xffff, 0xffff, 0x64fb, 0x341a, 0x3c5b, 0x341a, 0x5cdb, 0xae9f, 0x8ddd, 0x8ddd, 0x8ddd, 0x8dfd, 0x54bc,
    0x341b, 0x3c3a, 0x445a, 0x85bc, 0xdf5e, 0xffff, 0xdf3d, 0x0a10, 0x2357, 0x2bfa, 0x1252, 0x014d, 0x22f3, 0xa67e, 0xd73f, 0xbeff,
    0x64fc, 0x3c3a, 0x447b, 0x4c7b, 0xae9f, 0x85bd, 0x6d1c, 0x653c, 0x4c9b, 0x1358, 0x1338, 0x5cfc, 0x1a72, 0x018e, 0x1272, 0x443a,
    0x445a, 0x09d0, 0x018f, 0x0a32, 0x01cf, 0x014d, 0x0a10, 0x3c1a, 0x01f1, 0x1231, 0x9e1e, 0x95fd, 0x4c7b, 0x54bc, 0x7d9d, 0x6d3c,
    0x651c, 0x0a52, 0x32f2, 0xf7ff, 0x7d7b, 0x2bfa, 0x445b, 0xb6be, 0xc6ff, 0xbedf, 0xc6ff, 0x959a, 0x2a2e, 0xa512, 0xffb8, 0xf717,
    0xff9c, 0xff7a, 0xfffe, 0xffff, 0xffff, 0xffff, 0xffff, 0xffff, 0xffff, 0xffff, 0xffff, 0xffff, 0xffff, 0xffff, 0xffff, 0xffff,
    0xffff, 0xffff, 0xffff, 0xffff, 0xffff, 0xffff, 0xffff, 0xffff, 0xffff, 0xffff, 0xffff, 0xffff, 0xffff, 0xffff, 0xffff, 0xffff,
    0xffff, 0xffff, 0xffff, 0xffff, 0xffff, 0xffff, 0xffff, 0xffff, 0xffff, 0xffff, 0xffff, 0xffff, 0xffff, 0xffff, 0xffff, 0xffff,
    0xffff, 0xffff, 0xffff, 0xffff, 0xffff, 0xffff, 0xffff, 0xffff, 0xffff, 0xffff, 0xffff, 0xffff, 0xffff, 0xffff, 0xffff, 0xffff,
    0xffff, 0xffff, 0xffff, 0xffff, 0xffff, 0xb619, 0x5352, 0xa5b8, 0xdf3d, 0xffff, 0xffff, 0xffff, 0xffff, 0xffff, 0xffff, 0xffff,
    0xffff, 0xe77f, 0xe77e, 0xd73e, 0xcefe, 0xf7df, 0xdf5e, 0xb69e, 0xbebf, 0xbebf, 0xb6bf, 0xb6bf, 0xb6be, 0xb6bf, 0xb6bf, 0xb6bf,
    0xb6be, 0xbedf, 0x8ddd, 0xa67e, 0xbedf, 0xbebf, 0xb6df, 0xc6fe, 0xefbf, 0xffff, 0xffff, 0x95dc, 0x64fc, 0x9e3e, 0xb6de, 0xbedf,
    0xbebe, 0xc6ff, 0x95bb, 0x016e, 0x3b54, 0xae7e, 0xdf7f, 0xffff, 0xe77e, 0x4438, 0x5cfc, 0x8ddd, 0x6d1c, 0x445a, 0x2398, 0x1317,
    0x4c7a, 0xefbf, 0xffff, 0xffff, 0xdf7e, 0x549b, 0x963e, 0xb6df, 0xb6bf, 0xb6bf, 0xb6bf, 0xbede, 0xefbf, 0xcefe, 0xefbf, 0xffff,
    0xffff, 0xffff, 0xffff, 0xffff, 0xffff, 0xffff, 0xffff, 0xffff, 0xffff, 0xffff, 0xffff, 0xf7bf, 0xd71e, 0xd73f, 0xbede, 0xb6bf,
    0xb6bf, 0xae9e, 0xbeff, 0x759d, 0x445b, 0x4c9b, 0x4c9b, 0x7d5c, 0xb6be, 0xcefe, 0xffdf, 0xffff, 0xd73e, 0x4c7a, 0x54bb, 0x755c,
    0x755d, 0x755d, 0x755c, 0x7d9d, 0x9e3e, 0xa67e, 0xbedf, 0xbedf, 0xbedf, 0xbedf, 0xbebf, 0xbeff, 0x9e3d, 0x6d3c, 0x755d, 0x755c,
    0x755c, 0x6d5c, 0x6d3c, 0x5cdb, 0x54bb, 0x54bb, 0x54bb, 0x4cbb, 0x341a, 0x0a52, 0x016e, 0x018e, 0x014d, 0x1252, 0x2336, 0x4439,
    0x4c9c, 0x549b, 0x549b, 0x6d3b, 0xb6bf, 0xb6be, 0xbeff, 0xbedf, 0xbedf, 0xbeff, 0xc6df, 0xbeff, 0xbedf, 0xc71f, 0x9e5d, 0x1b58,
    0x1b99, 0x23b9, 0x0a11, 0x016e, 0x4c39, 0x9e5e, 0xdf7f, 0xffff, 0xbebd, 0x6d3b, 0x3c1a, 0x341a, 0x341a, 0x341a, 0x33fa, 0x445a,
    0xaebf, 0xbede, 0xf7df, 0xffff, 0xffff, 0x5cdb, 0x341a, 0x3c5a, 0x3c1a, 0x5cdc, 0x85bd, 0x85bd, 0x8dfd, 0x8ddd, 0x8dfe, 0x54dc,
    0x343a, 0x3c5b, 0x341a, 0x8dbc, 0xefbf, 0xffff, 0xdf3e, 0x09d0, 0x0a73, 0x2c1b, 0x0a52, 0x014d, 0x0210, 0x961d, 0xdf5f, 0xc6ff,
    0x7d7c, 0x54bc, 0x3c5b, 0x445a, 0x9e3e, 0xb6bf, 0x8ddd, 0x5cdb, 0x4c7b, 0x2bf9, 0x1b98, 0x4cbb, 0x1a92, 0x014e, 0x018e, 0x3c19,
    0x445a, 0x01b0, 0x016d, 0x014d, 0x016d, 0x014d, 0x1272, 0x341a, 0x01d0, 0x1a72, 0x9e3e, 0x651c, 0x445a, 0x85bd, 0x85dd, 0x6d3c,
    0x547a, 0x01d0, 0x43b6, 0xdf7f, 0x4c5a, 0x33fa, 0x6d1b, 0xbedf, 0xbedf, 0xc6ff, 0xceff, 0x1a0e, 0xa4f3, 0xff77, 0xfef6, 0xff9b,
    0xffde, 0xffbd, 0xffff, 0xffff, 0xffff, 0xffff, 0xffff, 0xffff, 0xffff, 0xffff, 0xffff, 0xffff, 0xffff, 0xffff, 0xffff, 0xffff,
    0xffff, 0xffff, 0xffff, 0xffff, 0xffff, 0xffff, 0xffff, 0xffff, 0xffff, 0xffff, 0xffff, 0xffff, 0xffff, 0xffff, 0xffff, 0xffff,
    0xffff, 0xffff, 0xffff, 0xffff, 0xffff, 0xffff, 0xffff, 0xffff, 0xffff, 0xffff, 0xffff, 0xffff, 0xffff, 0xffff, 0xffff, 0xffff,
    0xffff, 0xffff, 0xffff, 0xffff, 0xffff, 0xffff, 0xffff, 0xffff, 0xffff, 0xffff, 0xffff, 0xffff, 0xffff, 0xffff, 0xffff, 0xffff,
    0xffff, 0xffff, 0xffff, 0xffff, 0xffff, 0x8d17, 0x096d, 0xffff, 0xffff, 0xffff, 0xffff, 0xffff, 0xffff, 0xffff, 0xffff, 0xffff,
    0xefbf, 0xbebe, 0xefbf, 0xef9f, 0xc6de, 0xefbf, 0xdf5e, 0xe79f, 0xbeff, 0xb6be, 0xb6bf, 0xb6bf, 0xb6bf, 0xb6bf, 0xb6bf, 0xb6bf,
    0xb6be, 0xbedf, 0x7d9c, 0x961e, 0xbeff, 0xbebe, 0xbedf, 0xb6be, 0xe77f, 0xffff, 0xffff, 0xcefe, 0x6d3c, 0x64fc, 0x9e3e, 0xc6ff,
    0xbebe, 0xbedf, 0xb6be, 0x8dbb, 0x014d, 0x6c77, 0xcf5f, 0xe77e, 0xf7df, 0xbedd, 0x4439, 0x757d, 0x6d5c, 0x445a, 0x1357, 0x02d7,
    0x4459, 0xefbf, 0xffff, 0xffff, 0xe77e, 0x5cdb, 0x6d3c, 0x961d, 0xbedf, 0xb6bf, 0xb6bf, 0xb6df, 0xb6be, 0xbebe, 0xf7bf, 0xefbf,
    0xefbf, 0xffff, 0xffff, 0xffff, 0xffff, 0xffff, 0xffff, 0xffff, 0xffff, 0xffff, 0xffff, 0xffff, 0xffff, 0xf7df, 0xbede, 0xb69f,
    0xb69e, 0xb69e, 0xb6bf, 0x8dfd, 0x5cfc, 0x4c9b, 0x4c9b, 0x445a, 0xa65d, 0xcf3f, 0xf7df, 0xffff, 0xffff, 0x651a, 0x3c5b, 0x757d,
    0x755c, 0x757c, 0x6d3c, 0x961e, 0xbeff, 0x8dbc, 0xb6df, 0xbedf, 0xbedf, 0xbedf, 0xbedf, 0xbedf, 0xae7e, 0x961e, 0x7d7d, 0x8ddd,
    0x6d3c, 0x6d3c, 0x753c, 0x5cdb, 0x54bb, 0x54bb, 0x54bb, 0x54bb, 0x54dc, 0x1b57, 0x0a74, 0x01f1, 0x01d0, 0x018f, 0x018e, 0x1231,
    0x22f4, 0x4c7b, 0x4c9b, 0x4c9b, 0x54bb, 0x5cda, 0x963e, 0xae9e, 0xc71f, 0xbeff, 0xbede, 0xbede, 0xbedf, 0xc71f, 0x9e5d, 0x1b78,
    0x239a, 0x1b37, 0x018e, 0x018f, 0x5cbb, 0xae9e, 0xe77e, 0xffff, 0xf7ff, 0xb69e, 0x33f9, 0x341a, 0x341a, 0x3c1a, 0x341a, 0x445a,
    0xae9f, 0xbede, 0xf7df, 0xffff, 0xffff, 0x64db, 0x341a, 0x3c5a, 0x443a, 0x445a, 0x5cfc, 0x8dbe, 0x8dfd, 0x8ddd, 0x8e1e, 0x54dc,
    0x343a, 0x3c5b, 0x3c19, 0x95fd, 0xf7df, 0xffff, 0xdf5e, 0x1231, 0x0a32, 0x23b9, 0x0a32, 0x014d, 0x0a11, 0x8e1d, 0xe77f, 0xc6fe,
    0x8dfd, 0x651c, 0x3c3b, 0x443b, 0x54bb, 0xb6bf, 0x85dd, 0x445a, 0x4c7b, 0x4c9b, 0x4c9b, 0x445b, 0x1292, 0x016e, 0x01af, 0x3bf9,
    0x445b, 0x22f4, 0x016d, 0x0a52, 0x0a31, 0x014c, 0x2b36, 0x341b, 0x01af, 0x2af3, 0xa69f, 0x3c5a, 0x651c, 0xae7e, 0x7d5c, 0x54dc,
    0x2b97, 0x1231, 0xa65d, 0x6d3c, 0x3c3b, 0x4c5a, 0xb6de, 0xc6ff, 0xb6be, 0xd77f, 0x6c76, 0x11ac, 0xd5f3, 0xff35, 0xff36, 0xffdd,
    0xfffe, 0xfffe, 0xffff, 0xffff, 0xffff, 0xffff, 0xffff, 0xffff, 0xffff, 0xffff, 0xffff, 0xffff, 0xffff, 0xffff, 0xffff, 0xffff,
    0xffff, 0xffff, 0xffff, 0xffff, 0xffff, 0xffff, 0xffff, 0xffff, 0xffff, 0xffff, 0xffff, 0xffff, 0xffff, 0xffff, 0xffff, 0xffff,
    0xffff, 0xffff, 0xffff, 0xffff, 0xffff, 0xffff, 0xffff, 0xffff, 0xffff, 0xffff, 0xffff, 0xffff, 0xffff, 0xffff, 0xffff, 0xffff,
    0xffff, 0xffff, 0xffff, 0xffff, 0xffff, 0xffff, 0xffff, 0xffff, 0xffff, 0xffff, 0xffff, 0xffff, 0xffff, 0xffff, 0xffff, 0xffff,
    0xffff, 0xffff, 0xffff, 0xffdf, 0xffff, 0x9d59, 0x098d, 0xefbe, 0xffff, 0xffff, 0xffff, 0xffff, 0xffff, 0xffff, 0xffff, 0xe79e,
    0xcf3e, 0xdf5f, 0xcefe, 0xdf5f, 0xffff, 0xcefe, 0xbede, 0xd73f, 0xbede, 0xb6bf, 0xb6bf, 0xb6be, 0xb6be, 0xb6bf, 0xb6bf, 0xb6bf,
    0xb6bf, 0xbedf, 0x8dfc, 0x7d7c, 0xa65e, 0xb6df, 0xb6bf, 0xbebe, 0xbede, 0xdf5e, 0xffff, 0xffff, 0xa63d, 0x5cdb, 0x755c, 0xae9e,
    0xb6de, 0xbedf, 0xc6ff, 0xbedf, 0x09cf, 0x4394, 0xb6df, 0xd73e, 0xffff, 0xffff, 0x5479, 0x653c, 0x6d3c, 0x445b, 0x1337, 0x0295,
    0x3c19, 0xd75e, 0xf7df, 0xffff, 0xf7df, 0x651b, 0x5d1d, 0x961d, 0xbedf, 0xb6bf, 0xb6df, 0xbedf, 0xb6bf, 0xd73f, 0xffff, 0xbebe,
    0xcf1e, 0xffff, 0xffff, 0xffff, 0xffff, 0xffff, 0xffff, 0xffff, 0xffff, 0xffff, 0xffff, 0xffff, 0xffff, 0xefbf, 0xb69e, 0xdf7f,
    0xcf1e, 0xae9f, 0xb6be, 0xa67e, 0x759d, 0x447a, 0x4c9b, 0x449b, 0x755c, 0xb6bf, 0xe77e, 0xffff, 0xffff, 0x9dfc, 0x549b, 0x5cdc,
    0x6d3c, 0x755c, 0x753c, 0x7d7d, 0x9e3e, 0xbedf, 0xbedf, 0xbedf, 0xbedf, 0xbedf, 0xbedf, 0xb6df, 0xbeff, 0xae7e, 0x7d9c, 0xb6bf,
    0x9e5e, 0x757c, 0x651c, 0x5cdb, 0x5cdb, 0x54bb, 0x54bb, 0x54bb, 0x54bb, 0x4c9b, 0x4c9b, 0x4c9a, 0x1af6, 0x0ab5, 0x0ad5, 0x01f1,
    0x0a32, 0x2b98, 0x33d8, 0x549b, 0x4cbc, 0x4cbc, 0x5cdc, 0x755c, 0x85bc, 0xa67e, 0xc73f, 0xc6ff, 0xbede, 0xcf1f, 0x9e3d, 0x1b58,
    0x1b9a, 0x1273, 0x014d, 0x01af, 0x5cba, 0xae9e, 0xe79e, 0xffff, 0xef9f, 0x9e3d, 0x3c19, 0x343a, 0x3c3a, 0x3c1a, 0x341a, 0x445a,
    0xae9f, 0xbede, 0xf7df, 0xffff, 0xffff, 0x64db, 0x341a, 0x3c5a, 0x3c5b, 0x3c1a, 0x651c, 0x8dfe, 0x8ddd, 0x8ddd, 0x8dfe, 0x5cdc,
    0x3c3a, 0x3c5a, 0x3c3a, 0x5cbb, 0xa65d, 0xe77f, 0xf7df, 0xd71d, 0x2ab2, 0x0a54, 0x1252, 0x014d, 0x018f, 0x6cfa, 0xbede, 0xcf1f,
    0x8ddd, 0x5cfc, 0x3c3a, 0x3c3a, 0x4c7b, 0x9e3e, 0x651c, 0x447b, 0x4c7a, 0x4c7b, 0x2399, 0x2bd9, 0x1272, 0x014d, 0x018e, 0x3bf9,
    0x445b, 0x443a, 0x016e, 0x12d5, 0x1294, 0x012d, 0x2356, 0x1af5, 0x012d, 0x64b8, 0x757d, 0x3c3b, 0x651c, 0x8dbd, 0x755d, 0x2b97,
    0x1273, 0x6c98, 0xcf1f, 0x4c9b, 0x33fa, 0x961d, 0xc6df, 0xbebe, 0xd77f, 0x7cd7, 0x096c, 0xcdf5, 0xfeb4, 0xff37, 0xff99, 0xff78,
    0xff57, 0xff59, 0xffff, 0xffff, 0xffdd, 0xffff, 0xffff, 0xffff, 0xffff, 0xffff, 0xffff, 0xffff, 0xffff, 0xffff, 0xffff, 0xffff,
    0xffff, 0xffff, 0xffff, 0xffff, 0xffff, 0xffff, 0xffff, 0xffff, 0xffff, 0xffff, 0xffff, 0xffff, 0xffff, 0xffff, 0xffff, 0xffff,
    0xffff, 0xffff, 0xffff, 0xffff, 0xffff, 0xffff, 0xffff, 0xffff, 0xffff, 0xffff, 0xffff, 0xffff, 0xffff, 0xffff, 0xffff, 0xffff,
    0xffff, 0xffff, 0xffff, 0xffff, 0xffff, 0xffff, 0xffff, 0xffff, 0xffff, 0xffff, 0xffff, 0xffff, 0xffff, 0xffff, 0xffff, 0xffff,
    0xffff, 0xffff, 0xffff, 0xffff, 0xe71d, 0x6bf4, 0x63b3, 0xffdf, 0xffff, 0xffff, 0xffff, 0xffff, 0xffff, 0xffff, 0xffff, 0xffff,
    0xef9f, 0xcefe, 0xf7df, 0xc6fe, 0xcede, 0xf7df, 0xc6ff, 0xb69f, 0xbebe, 0xbebf, 0xb6bf, 0xb6bf, 0xb6bf, 0xb6bf, 0xb6bf, 0xb6bf,
    0xb6be, 0xb6bf, 0xbedf, 0x8dfd, 0x64fb, 0xae9f, 0xb6be, 0xb6be, 0xbebf, 0xd73e, 0xffff, 0xffff, 0xe79f, 0x95dd, 0x549b, 0x755c,
    0xbedf, 0xbedf, 0xbedf, 0xc6ff, 0x6cb8, 0x09ae, 0x6456, 0xd75f, 0xef9f, 0xf7bf, 0x8ddc, 0x4c9b, 0x4c9b, 0x447b, 0x2bb9, 0x018f,
    0x3334, 0xb6ff, 0xe79e, 0xffff, 0xf7df, 0x651b, 0x653c, 0x961d, 0xbedf, 0xb6bf, 0xbedf, 0xbede, 0xbebf, 0xbede, 0xbede, 0xc6fe,
    0xf7ff, 0xffff, 0xffff, 0xffff, 0xffff, 0xffff, 0xffff, 0xffff, 0xffff, 0xffff, 0xffff, 0xffff, 0xffff, 0xf7df, 0xbebe, 0xe77f,
    0xd73e, 0xb69e, 0xb6be, 0xb69f, 0x9e3e, 0x6d3c, 0x4c9b, 0x4c9b, 0x549b, 0x8dfd, 0xc6de, 0xef9e, 0xffff, 0xffff, 0x753b, 0x3c1a,
    0x6d3c, 0x6d3c, 0x755c, 0x753c, 0x859c, 0xb6bf, 0xb6bf, 0xbedf, 0xbedf, 0xbedf, 0xbedf, 0xbedf, 0xbedf, 0xb6bf, 0xae7e, 0xbedf,
    0xbeff, 0x7d7c, 0x6d1c, 0x6d3c, 0x5cdb, 0x64fb, 0x5cfb, 0x54db, 0x54db, 0x5cdb, 0x5cdb, 0x5cdb, 0x4c9b, 0x1b99, 0x0b18, 0x1358,
    0x1338, 0x0af6, 0x0ad6, 0x33d8, 0x3bf9, 0x445a, 0x54dc, 0x54bb, 0x4c9b, 0x6d5c, 0x8ddc, 0x95fd, 0xbedf, 0xc71f, 0x9e3d, 0x1b58,
    0x1b79, 0x01d0, 0x016e, 0x01af, 0x5cda, 0xae9e, 0xe77e, 0xf7df, 0xd75f, 0xa65e, 0x3c3a, 0x3c1a, 0x3c1a, 0x3c1a, 0x3c1a, 0x445a,
    0xae7f, 0xbede, 0xf7df, 0xffff, 0xffff, 0x5cba, 0x33fa, 0x445a, 0x3c5b, 0x445b, 0x445a, 0x651c, 0x8dfe, 0x8ddd, 0x961e, 0x5cdc,
    0x3c1a, 0x3c5a, 0x3c3a, 0x3c3a, 0x7d9d, 0xd73e, 0xffff, 0xffff, 0x2ad2, 0x0254, 0x1273, 0x018e, 0x016d, 0x3bb7, 0x963e, 0xcf1f,
    0xc6ff, 0x8ddd, 0x3c1a, 0x3c3b, 0x4c7b, 0x8dfd, 0x5cdb, 0x54bb, 0x447a, 0x4c7b, 0x1b58, 0x23b9, 0x3bb7, 0x018e, 0x018e, 0x2b98,
    0x443a, 0x3c19, 0x018e, 0x0a11, 0x0a31, 0x014d, 0x2b97, 0x0a32, 0x4b94, 0x961d, 0x3c3a, 0x4c9b, 0x757c, 0x755c, 0x757d, 0x22f4,
    0x22b3, 0xb6ff, 0x6d3c, 0x341a, 0x549b, 0xa65e, 0xbede, 0xb6be, 0xb67d, 0x3af1, 0x5b0e, 0xfed4, 0xfef4, 0xff58, 0xff79, 0xff57,
    0xff79, 0xffdd, 0xffff, 0xffdd, 0xf77a, 0xffff, 0xffff, 0xffff, 0xffff, 0xffff, 0xffff, 0xffff, 0xffff, 0xffff, 0xffff, 0xffff,
    0xffff, 0xffff, 0xffff, 0xffff, 0xffff, 0xffff, 0xffff, 0xffff, 0xffff, 0xffff, 0xffff, 0xffff, 0xffff, 0xffff, 0xffff, 0xffff,
    0xffff, 0xffff, 0xffff, 0xffff, 0xffff, 0xffff, 0xffff, 0xffff, 0xffff, 0xffff, 0xffff, 0xffff, 0xffff, 0xffff, 0xffff, 0xffff,
    0xffff, 0xffff, 0xffff, 0xffff, 0xffff, 0xffff, 0xffff, 0xffff, 0xffff, 0xffff, 0xffff, 0xffff, 0xffff, 0xffff, 0xffff, 0xffff,
    0xffff, 0xffff, 0xffff, 0xffff, 0x9537, 0x4311, 0xffff, 0xffff, 0xffff, 0xffff, 0xffff, 0xffff, 0xffff, 0xffff, 0xffff, 0xffff,
    0xffdf, 0xef9f, 0xefbf, 0xe75e, 0xf7bf, 0xef9f, 0xbedf, 0xb6df, 0xb6bf, 0xb6be, 0xb6bf, 0xb6bf, 0xb6bf, 0xb6bf, 0xb6bf, 0xb6bf,
    0xb6be, 0xb6be, 0xbedf, 0x9e3e, 0x653d, 0x7d7c, 0xb6bf, 0xbedf, 0xb6bf, 0xc6de, 0xe77f, 0xffdf, 0xffff, 0xae5d, 0x4c7b, 0x64fc,
    0x8dbc, 0xae7e, 0xc6ff, 0xc71f, 0xb69e, 0x010c, 0x4b94, 0xbf1f, 0xbede, 0xffff, 0xf7df, 0x64fb, 0x445b, 0x4c7b, 0x3419, 0x016e,
    0x3334, 0xa6bf, 0xdf7e, 0xffff, 0xf7df, 0x755b, 0x6d3c, 0x961e, 0xbedf, 0xbebe, 0xbebf, 0xbedf, 0xb6bf, 0xcf1e, 0xefbf, 0xe77f,
    0xd73f, 0xf7df, 0xffff, 0xdf3e, 0xffff, 0xffff, 0xffff, 0xffff, 0xffff, 0xffff, 0xffff, 0xffff, 0xffff, 0xf7df, 0xbebe, 0xd73f,
    0xd73e, 0xb69e, 0xbebe, 0xbebe, 0xb6bf, 0x8dfe, 0x4c7b, 0x4c9b, 0x447b, 0x651b, 0xbedf, 0xdf5f, 0xffff, 0xffff, 0x8d9b, 0x447b,
    0x5cfc, 0x6d3c, 0x64fb, 0x9e5e, 0xa65e, 0x64fb, 0x7d7c, 0xbeff, 0xbedf, 0xbedf, 0xbedf, 0xbedf, 0xbebf, 0xbedf, 0xbedf, 0xbebf,
    0xb6df, 0xae9e, 0xb6df, 0x85bd, 0x54ba, 0xb6bf, 0x8e1e, 0x549b, 0x5cdb, 0x54db, 0x54db, 0x54db, 0x5cfb, 0x4c7a, 0x3c5a, 0x1b78,
    0x0ad7, 0x0af7, 0x0af6, 0x0a95, 0x0a94, 0x2b98, 0x5cfc, 0x5cdb, 0x5cdc, 0x5cdb, 0x4c9b, 0x6d3b, 0xc6ff, 0xc71f, 0x961d, 0x1358,
    0x1b79, 0x01f0, 0x016e, 0x018f, 0x5cba, 0xb6df, 0xd73e, 0xbede, 0xbedf, 0xae9e, 0x4439, 0x3c3a, 0x3c3a, 0x3c3a, 0x341a, 0x4c7a,
    0xae7e, 0xbebe, 0xf7df, 0xffff, 0xffff, 0x859c, 0x445a, 0x3c5a, 0x445a, 0x445b, 0x3c3a, 0x5cdb, 0x961e, 0x8dfd, 0x8dfe, 0x54dc,
    0x3c1a, 0x445a, 0x3c3b, 0x445a, 0x8dde, 0xd73e, 0xffff, 0xffff, 0x3b33, 0x0232, 0x1317, 0x0a32, 0x014c, 0x1210, 0x961e, 0xcf1f,
    0xd73f, 0x9e3d, 0x3c1a, 0x3c3b, 0x3c5a, 0x8dfd, 0x9e3e, 0x755c, 0x445b, 0x447b, 0x2bd9, 0x341a, 0x3c3a, 0x09af, 0x01af, 0x1b58,
    0x443a, 0x4419, 0x01af, 0x014d, 0x016e, 0x018e, 0x1ad5, 0x0a11, 0x7d5b, 0x85de, 0x23b9, 0x5cfc, 0x85bd, 0x7d7c, 0x4c9b, 0x01f2,
    0x2ad3, 0xb6df, 0x4c7a, 0x33d9, 0x85bd, 0xb6bf, 0xb69e, 0xd77f, 0x4333, 0x320d, 0xfef4, 0xfed4, 0xff37, 0xff78, 0xff57, 0xff57,
    0xff9a, 0xffff, 0xff79, 0xffbc, 0xffff, 0xffff, 0xffdd, 0xffff, 0xffff, 0xffff, 0xffff, 0xffff, 0xffff, 0xffff, 0xffff, 0xffff,
    0xffff, 0xffff, 0xffff, 0xffff, 0xffff, 0xffff, 0xffff, 0xffff, 0xffff, 0xffff, 0xffff, 0xffff, 0xffff, 0xffff, 0xffff, 0xffff,
    0xffff, 0xffff, 0xffff, 0xffff, 0xffff, 0xffff, 0xffff, 0xffff, 0xffff, 0xffff, 0xffff, 0xffff, 0xffff, 0xffff, 0xffff, 0xffff,
    0xffff, 0xffff, 0xffff, 0xffff, 0xffff, 0xffff, 0xffff, 0xffff, 0xffff, 0xffff, 0xffff, 0xffff, 0xffff, 0xffff, 0xffff, 0xffff,
    0xffff, 0xffff, 0xffff, 0xd6dc, 0x19ee, 0xcebc, 0xffff, 0xffff, 0xffff, 0xffff, 0xffff, 0xffff, 0xffff, 0xffff, 0xffff, 0xffff,
    0xf7df, 0xd73e, 0xf7df, 0xf7df, 0xcefe, 0xe77f, 0xcf1e, 0xb69e, 0xbebf, 0xb6be, 0xb6bf, 0xb6bf, 0xb6bf, 0xb6bf, 0xb6bf, 0xb6bf,
    0xb6be, 0xb6be, 0xbedf, 0x961e, 0x651c, 0x6d3c, 0x961d, 0xb69f, 0xbebf, 0xb69f, 0xc6de, 0xf7df, 0xffff, 0xdf5e, 0x7d7b, 0x54bb,
    0x5cfc, 0x95fd, 0xc6ff, 0xbeff, 0xbebe, 0x53b4, 0x32d1, 0x74f8, 0xc6ff, 0xef9f, 0xf7ff, 0x9e1c, 0x5cda, 0x3c3b, 0x33d9, 0x01af,
    0x09af, 0x6cfa, 0xdf5f, 0xffff, 0xf7df, 0x95fd, 0x755d, 0x95fd, 0xb6bf, 0xbebf, 0xbedf, 0xbedf, 0xbebf, 0xcf3f, 0xf7bf, 0xefbf,
    0xd71e, 0xf7df, 0xffff, 0xffff, 0xffff, 0xffff, 0xffff, 0xffff, 0xffff, 0xffff, 0xffff, 0xffff, 0xffff, 0xffff, 0xefbf, 0xdf5e,
    0xc6fe, 0xb6be, 0xb6be, 0xb6bf, 0xb6be, 0x961e, 0x4c9b, 0x4c9b, 0x4c9b, 0x5cdb, 0x95fd, 0xdf7f, 0xffff, 0xffff, 0xc6fd, 0x755b,
    0x4c9b, 0x6d3c, 0x64fc, 0x7d7c, 0x7d7c, 0x651c, 0x6d3d, 0x7d9c, 0xa65e, 0xbedf, 0xbebf, 0xbedf, 0xbedf, 0xb6df, 0xb6bf, 0xbebf,
    0xb6bf, 0xbedf, 0xbedf, 0xa65e, 0x961d, 0x8dfd, 0xae9f, 0x85dd, 0x54bb, 0x5cdb, 0x5cdb, 0x5cdb, 0x5cdb, 0x5cdb, 0x5cfc, 0x447b,
    0x3c1a, 0x3c1a, 0x3c3a, 0x4c7b, 0x4cbb, 0x5cdc, 0x5cdb, 0x5cdb, 0x5cfc, 0x54dc, 0x757c, 0xa67e, 0xcf1f, 0x9e1c, 0x2bb8, 0x23ba,
    0x1358, 0x01f1, 0x014d, 0x22b2, 0x8ddc, 0xbeff, 0xefbf, 0xcf1e, 0xbedf, 0xb6df, 0x7dbd, 0x447b, 0x445a, 0x54bb, 0x3c3a, 0x4c7a,
    0xa67e, 0xb6be, 0xf7df, 0xffff, 0xffdf, 0xe79f, 0x755c, 0x3c3a, 0x445b, 0x445b, 0x3c3a, 0x54db, 0x8dde, 0x7d9d, 0x95fd, 0x54db,
    0x3c3a, 0x445a, 0x443a, 0x445a, 0x7dbd, 0xd75f, 0xffff, 0xffdf, 0x9e1d, 0x1a72, 0x0a53, 0x1273, 0x012d, 0x1210, 0x961d, 0xcf1f,
    0xcf1f, 0x961d, 0x3c3a, 0x3c5b, 0x3c3a, 0x759d, 0x95fe, 0x7d7c, 0x447b, 0x3c5a, 0x3c1a, 0x33fa, 0x3419, 0x09af, 0x018e, 0x0a52,
    0x3c3a, 0x3c19, 0x01af, 0x016e, 0x018e, 0x018e, 0x016f, 0x0a11, 0x6d5c, 0x755d, 0x2bf9, 0x6d3c, 0x7d7d, 0x757d, 0x2315, 0x1a52,
    0x6cb9, 0x85dd, 0x2b98, 0x5cbb, 0x7d9d, 0xae9e, 0xbedf, 0x8518, 0x4b11, 0x940f, 0xfe93, 0xf6b5, 0xff58, 0xff78, 0xff78, 0xff58,
    0xff79, 0xff99, 0xff79, 0xffdd, 0xfffe, 0xffdd, 0xffdd, 0xffff, 0xffff, 0xffff, 0xffff, 0xffff, 0xffff, 0xffff, 0xffff, 0xffff,
    0xffff, 0xffff, 0xffff, 0xffff, 0xffff, 0xffff, 0xffff, 0xffff, 0xffff, 0xffff, 0xffff, 0xffff, 0xffff, 0xffff, 0xffff, 0xffff,
    0xffff, 0xffff, 0xffff, 0xffff, 0xffff, 0xffff, 0xffff, 0xffff, 0xffff, 0xffff, 0xffff, 0xffff, 0xffff, 0xffff, 0xffff, 0xffff,
    0xffff, 0xffff, 0xffff, 0xffff, 0xffff, 0xffff, 0xffff, 0xffff, 0xffff, 0xffff, 0xffff, 0xffff, 0xffff, 0xffff, 0xffff, 0xffff,
    0xffff, 0xffff, 0xffff, 0xcebc, 0x098e, 0xd6dd, 0xffff, 0xffff, 0xffff, 0xffff, 0xffff, 0xffff, 0xffff, 0xffff, 0xffff, 0xf7df,
    0xe77e, 0xc6dd, 0xe77f, 0xdf7f, 0xb69e, 0xbedf, 0xd75e, 0xefbf, 0xbebe, 0xb6be, 0xb6bf, 0xb6df, 0xb6bf, 0xbebf, 0xbebf, 0xbebf,
    0xbebf, 0xb6bf, 0xbebe, 0xae9e, 0x9e5e, 0x6d3c, 0x651b, 0x9e3e, 0xb6bf, 0xb69e, 0xb6be, 0xcf1e, 0xffdf, 0xffff, 0xae5c, 0x4c7a,
    0x54bc, 0x651b, 0xa65e, 0xbedf, 0xbebe, 0xcf7f, 0x32d1, 0x32b1, 0xbeff, 0xc6de, 0xef9f, 0xefbf, 0x755a, 0x2bda, 0x33f9, 0x01cf,
    0x014d, 0x64da, 0xdf7f, 0xffff, 0xf7df, 0x95fd, 0x445a, 0x755c, 0xb6df, 0xbebf, 0xbedf, 0xbedf, 0xbedf, 0xbeff, 0xbebe, 0xe77f,
    0xffff, 0xffff, 0xffff, 0xffdf, 0xf7bf, 0xf7ff, 0xffff, 0xffff, 0xffff, 0xffff, 0xffff, 0xffff, 0xffff, 0xffff, 0xffff, 0xd73e,
    0xb6be, 0xbebe, 0xbebe, 0xb6be, 0xbedf, 0xa67e, 0x4c7a, 0x447b, 0x4cbb, 0x447a, 0x651c, 0xcf1f, 0xef9f, 0xffff, 0xffff, 0xae5c,
    0x445a, 0x5cfc, 0x651c, 0x651c, 0x651c, 0x6d1c, 0x6d1c, 0x64fc, 0xa67e, 0xc6ff, 0xbebf, 0xbedf, 0xbedf, 0xbedf, 0xbebf, 0xbebf,
    0xbebf, 0xbebf, 0xb6bf, 0xbedf, 0xb6bf, 0x6d3b, 0xb6df, 0xae9e, 0x7d9c, 0x5cfb, 0x5cdb, 0x5cdb, 0x5cdb, 0x5cdc, 0x54db, 0x5cfb,
    0x5cfc, 0x5cfc, 0x5cfc, 0x5cdb, 0x5cdb, 0x5cdb, 0x5cdb, 0x5cdc, 0x5cdb, 0x54bb, 0x85bd, 0xc6ff, 0xc71f, 0x8dbc, 0x0b38, 0x23b9,
    0x1337, 0x0a52, 0x010c, 0x5c36, 0xc75f, 0xbebe, 0xffff, 0xd73f, 0xbebf, 0xbedf, 0x8dfe, 0x447b, 0x447a, 0x6d1c, 0x4c9b, 0x4c7a,
    0xa67e, 0xb6be, 0xf7df, 0xffff, 0xffdf, 0xdf7f, 0x6d3c, 0x341a, 0x445b, 0x445a, 0x3c5b, 0x447b, 0x3c3a, 0x6d3c, 0x8dfe, 0x4c9b,
    0x3c3a, 0x445b, 0x445b, 0x445b, 0x443a, 0xae7d, 0xefbf, 0xffff, 0xc71e, 0x2ad2, 0x01f1, 0x0a31, 0x014d, 0x09cf, 0x753b, 0xb6be,
    0xcf1f, 0xa67e, 0x5cdb, 0x443b, 0x341a, 0x445a, 0x8ddd, 0x8dfe, 0x5cfc, 0x3c1a, 0x3c3a, 0x341a, 0x3bf9, 0x01af, 0x016d, 0x018f,
    0x445a, 0x445a, 0x018e, 0x016d, 0x018e, 0x018e, 0x016d, 0x09f0, 0x6d3c, 0x6d5c, 0x3419, 0x755c, 0x4c9b, 0x6d5d, 0x1ab3, 0x5c58,
    0xaebf, 0x4c9b, 0x2398, 0x755c, 0x7d7c, 0x95fd, 0xae9f, 0x1a30, 0x838e, 0xff13, 0xfed5, 0xff37, 0xff58, 0xff58, 0xff58, 0xff58,
    0xff57, 0xff58, 0xfffe, 0xffff, 0xff9a, 0xff7a, 0xffff, 0xffbc, 0xff9c, 0xffff, 0xffff, 0xffff, 0xffff, 0xffff, 0xffff, 0xffff,
    0xffff, 0xffff, 0xffff, 0xffff, 0xffff, 0xffff, 0xffff, 0xffff, 0xffff, 0xffff, 0xffff, 0xffff, 0xffff, 0xffff, 0xffff, 0xffff,
    0xffff, 0xffff, 0xffff, 0xffff, 0xffff, 0xffff, 0xffff, 0xffff, 0xffff, 0xffff, 0xffff, 0xffff, 0xffff, 0xffff, 0xffff, 0xffff,
    0xffff, 0xffff, 0xffff, 0xffff, 0xffff, 0xffff, 0xffff, 0xffff, 0xffff, 0xffff, 0xffff, 0xffff, 0xffff, 0xffff, 0xffff, 0xffff,
    0xffff, 0xffff, 0xffff, 0xd71d, 0x012c, 0xd6dc, 0xffff, 0xffff, 0xffff, 0xffff, 0xffff, 0xffff, 0xffff, 0xffff, 0xffff, 0xcf1d,
    0xdf5e, 0xffff, 0xc6de, 0xcefe, 0xdf5f, 0xbebe, 0xc6fe, 0xdf5f, 0xbede, 0xb6bf, 0xb6bf, 0xb6bf, 0xb6df, 0xbebf, 0xbebf, 0xbebf,
    0xbebf, 0xb6df, 0xbebf, 0xb6df, 0x963e, 0x7d7d, 0x757d, 0x753c, 0x9e3e, 0xb6bf, 0xb69f, 0xbebe, 0xf7df, 0xffff, 0xdf7f, 0x651b,
    0x3c5b, 0x54bb, 0x95fd, 0xbeff, 0xb6be, 0xbeff, 0x3af1, 0x4333, 0xcf7f, 0xb6be, 0xdf5e, 0xf7df, 0x7d7b, 0x2bda, 0x3bf9, 0x01af,
    0x014d, 0x64b9, 0xdf9f, 0xffff, 0xf7df, 0x95fd, 0x343b, 0x54dc, 0x9e1e, 0xbebf, 0xbedf, 0xbedf, 0xbedf, 0xcf1e, 0xf7ff, 0xef9f,
    0xe77e, 0xffff, 0xffff, 0xd73e, 0xb69e, 0xe77f, 0xffff, 0xffff, 0xffff, 0xffff, 0xffff, 0xffff, 0xffff, 0xffff, 0xffff, 0xd71e,
    0xe79e, 0xe77f, 0xc6df, 0xb6bf, 0xbebf, 0xb6be, 0x8ddd, 0x6d5c, 0x54db, 0x447b, 0x755c, 0xae9e, 0xc6fe, 0xffff, 0xffff, 0xdf5e,
    0x7d9c, 0x54bb, 0x651c, 0x6d1c, 0x653c, 0x6d3c, 0x6d3c, 0x6d1c, 0x961d, 0xb6be, 0xbedf, 0xbebf, 0xbedf, 0xb6df, 0xbebf, 0xbebf,
    0xbebf, 0xb6bf, 0xb6df, 0xbebf, 0xb6bf, 0xaebe, 0xbebf, 0xb6be, 0xc6ff, 0x7d9c, 0x64fb, 0x5cfc, 0x5cdb, 0x5cdb, 0x5cdc, 0x5cdb,
    0x5cdb, 0x5cdb, 0x5cdb, 0x5cdb, 0x5cdb, 0x5cdb, 0x5cdc, 0x5cdc, 0x6d3c, 0x757d, 0x961e, 0xbeff, 0xc71f, 0x8ddc, 0x1378, 0x23b9,
    0x0b38, 0x0a74, 0x010d, 0x5c15, 0xc71f, 0xbebe, 0xffff, 0xd73f, 0xbede, 0xbedf, 0x8dde, 0x4c5a, 0x445a, 0x651c, 0x54bb, 0x4c9b,
    0xa69e, 0xb6be, 0xf7df, 0xffff, 0xffdf, 0xe79f, 0x8ddd, 0x5cfc, 0x445b, 0x445a, 0x445b, 0x445b, 0x3c3b, 0x757d, 0x6d3c, 0x3c3a,
    0x445b, 0x445b, 0x445a, 0x445b, 0x3c3a, 0x9e1d, 0xe79f, 0xffff, 0xffff, 0x4332, 0x014f, 0x01af, 0x014d, 0x018e, 0x33b9, 0x9e3e,
    0xcf3f, 0xae9e, 0x5cfc, 0x33fa, 0x2bfa, 0x3c3a, 0x85bd, 0x8ddd, 0x5cfb, 0x341a, 0x3c3a, 0x341a, 0x3c19, 0x1252, 0x018e, 0x01af,
    0x2398, 0x3c1a, 0x2336, 0x09d0, 0x016d, 0x018e, 0x016d, 0x0a10, 0x5cfc, 0x54dc, 0x341a, 0x6d5d, 0x549b, 0x5cdb, 0x1232, 0x64b9,
    0x8dfd, 0x2bd9, 0x445a, 0x757d, 0x7d7c, 0x85bc, 0x9e7f, 0x11f0, 0x83ae, 0xff14, 0xff37, 0xff57, 0xff58, 0xff58, 0xff58, 0xff57,
    0xff79, 0xffbb, 0xff9b, 0xff59, 0xff9c, 0xffbd, 0xffde, 0xff9b, 0xff9b, 0xffff, 0xffff, 0xffff, 0xffff, 0xffff, 0xffff, 0xffff,
    0xffff, 0xffff, 0xffff, 0xffff, 0xffff, 0xffff, 0xffff, 0xffff, 0xffff, 0xffff, 0xffff, 0xffff, 0xffff, 0xffff, 0xffff, 0xffff,
    0xffff, 0xffff, 0xffff, 0xffff, 0xffff, 0xffff, 0xffff, 0xffff, 0xffff, 0xffff, 0xffff, 0xffff, 0xffff, 0xffff, 0xffff, 0xffff,
    0xffff, 0xffff, 0xffff, 0xffff, 0xffff, 0xffff, 0xffff, 0xffff, 0xffff, 0xffff, 0xffff, 0xffff, 0xffff, 0xffff, 0xffff, 0xffff,
    0xffff, 0xffff, 0xc65a, 0x8cd6, 0x6c14, 0xe73d, 0xffff, 0xffff, 0xffff, 0xffff, 0xffff, 0xffff, 0xffff, 0xdf5e, 0xd71e, 0xf7df,
    0xe77e, 0xc6bd, 0xf7bf, 0xdf7f, 0xb67e, 0xf7df, 0xdf5f, 0xae7e, 0xb6df, 0xb6bf, 0xb6bf, 0xb6bf, 0xb6df, 0xb6df, 0xb6bf, 0xbebf,
    0xbebf, 0xbebf, 0xbebf, 0xb6bf, 0x8ddd, 0x9e3e, 0x85bd, 0x651c, 0x961d, 0xbedf, 0xbebf, 0xb6be, 0xc6fe, 0xffff, 0xf7df, 0x9e1c,
    0x4439, 0x4c9b, 0x4c9b, 0x9e5e, 0xc71f, 0xcf3f, 0x5c36, 0x2292, 0x6457, 0xae9e, 0xd71f, 0xf7ff, 0x859a, 0x2bda, 0x33f9, 0x01af,
    0x014d, 0x6cd9, 0xe79f, 0xffff, 0xf7df, 0x961d, 0x3c3a, 0x2bd9, 0x6d5c, 0xbedf, 0xbede, 0xbedf, 0xbedf, 0xbedf, 0xdf7f, 0xcf3f,
    0xd71e, 0xffff, 0xffdf, 0xc6de, 0xbebe, 0xefbf, 0xffff, 0xffff, 0xffff, 0xffff, 0xffff, 0xffff, 0xffff, 0xffff, 0xffff, 0xffff,
    0xffff, 0xefbf, 0xb6be, 0xbebf, 0xbebf, 0xbedf, 0xb6bf, 0x9e3e, 0x5cfc, 0x447b, 0x4c9b, 0x6d3c, 0xb69f, 0xdf7e, 0xffff, 0xffff,
    0xbebd, 0x5cdb, 0x653c, 0x6d1c, 0x6d1c, 0x6d3c, 0x6d3c, 0x6d3c, 0x64fc, 0x9e3e, 0xbeff, 0xb6be, 0xbebf, 0xbedf, 0xbedf, 0xbedf,
    0xbedf, 0xbedf, 0xbedf, 0xbedf, 0xbedf, 0xbedf, 0xbebf, 0xbebf, 0xb6bf, 0xbeff, 0x85bd, 0x54bb, 0x5cfb, 0x54db, 0x5cdb, 0x5cdc,
    0x5cdc, 0x5cdc, 0x5cdc, 0x5cdc, 0x5cdb, 0x5cdb, 0x5cfc, 0x54bb, 0x757d, 0x95fe, 0xae7e, 0xc6de, 0xc71f, 0x8ddc, 0x1358, 0x23b9,
    0x0ab5, 0x0a12, 0x012d, 0x5c36, 0xc71f, 0xbede, 0xffff, 0xd73f, 0xbedf, 0xbedf, 0x8dde, 0x5cdc, 0x4c7a, 0x64fc, 0x4c7b, 0x549a,
    0xae7e, 0xb6be, 0xf7df, 0xffff, 0xffff, 0xffff, 0xceff, 0x963e, 0x445a, 0x445b, 0x445b, 0x445a, 0x445b, 0x4c7b, 0x447a, 0x445b,
    0x445b, 0x445a, 0x445a, 0x445b, 0x3c3a, 0x9e1d, 0xef9f, 0xffff, 0xffff, 0x6c97, 0x01d1, 0x018f, 0x018e, 0x014d, 0x3356, 0x9e5e,
    0xcf1f, 0xae9e, 0x6d1c, 0x33f9, 0x2bd9, 0x3c1a, 0x7d9d, 0x85dd, 0x64fc, 0x341a, 0x3c3a, 0x341a, 0x341a, 0x3c3a, 0x09d0, 0x018e,
    0x2398, 0x2bda, 0x343a, 0x0a31, 0x014d, 0x018e, 0x014d, 0x0a10, 0x5cfc, 0x4c9b, 0x3c3a, 0x54bb, 0x54dc, 0x4c39, 0x014e, 0x7d3b,
    0x5cfb, 0x1b78, 0x757d, 0x7d7c, 0x7d9d, 0x7d7c, 0x5c37, 0x4aaf, 0xb48e, 0xfe51, 0xfef5, 0xff78, 0xff58, 0xff58, 0xff78, 0xff58,
    0xff79, 0xffdd, 0xff58, 0xff79, 0xffde, 0xff9a, 0xff9b, 0xffff, 0xffff, 0xffff, 0xffff, 0xffff, 0xffff, 0xffff, 0xffff, 0xffff,
    0xffff, 0xffff, 0xffff, 0xffff, 0xffff, 0xffff, 0xffff, 0xffff, 0xffff, 0xffff, 0xffff, 0xffff, 0xffff, 0xffff, 0xffff, 0xffff,
    0xffff, 0xffff, 0xffff, 0xffff, 0xffff, 0xffff, 0xffff, 0xffff, 0xffff, 0xffff, 0xffff, 0xffff, 0xffff, 0xffff, 0xffff, 0xffff,
    0xffff, 0xffff, 0xffff, 0xffff, 0xffff, 0xffff, 0xffff, 0xffff, 0xffff, 0xffff, 0xffff, 0xffff, 0xffff, 0xffff, 0xffff, 0xffff,
    0xffff, 0xffff, 0x6c14, 0x222f, 0xffff, 0xffff, 0xffff, 0xffff, 0xffff, 0xffff, 0xffff, 0xffff, 0xffff, 0xdf5e, 0xd71e, 0xffff,
    0xefbf, 0xc6fd, 0xe77f, 0xdf5e, 0xcf1e, 0xcf1e, 0xbedf, 0xb6bf, 0xb6bf, 0xb6bf, 0xb6bf, 0xb6df, 0xb6bf, 0xb6bf, 0xb6bf, 0xb6bf,
    0xb6bf, 0xbebf, 0xbebf, 0xbebf, 0xbedf, 0xb6bf, 0x7d7d, 0x6d1c, 0x757c, 0x8ddd, 0xa65e, 0xbedf, 0xb6be, 0xdf7f, 0xffff, 0xdf7f,
    0x7d7c, 0x3c3b, 0x445a, 0x6d3c, 0xb6be, 0xcf3f, 0x7dbc, 0x1293, 0x014d, 0x961d, 0xc71f, 0xefdf, 0x857a, 0x2bda, 0x33d9, 0x01af,
    0x014d, 0x5458, 0xdf5f, 0xffff, 0xf7df, 0xae7e, 0x54bb, 0x54bb, 0x757c, 0xbedf, 0xbede, 0xbedf, 0xbedf, 0xbedf, 0xbede, 0xcf3e,
    0xffff, 0xffff, 0xefbf, 0xbede, 0xbedf, 0xd73f, 0xefbf, 0xffff, 0xffff, 0xffff, 0xffff, 0xffff, 0xffff, 0xffff, 0xffff, 0xffff,
    0xd75e, 0xd71e, 0xe79f, 0xbede, 0xbebf, 0xbebf, 0xb6bf, 0xae9f, 0x64fb, 0x4c9a, 0x447b, 0x651c, 0xa63e, 0xcf1e, 0xffff, 0xffff,
    0xe79e, 0x5cbb, 0x651c, 0x6d1c, 0x6d1c, 0x6d3c, 0x6d3c, 0x6d3c, 0x6d3c, 0x7d7d, 0x8dbd, 0xb6bf, 0xbebf, 0xa67e, 0xb6bf, 0xbedf,
    0xbedf, 0xbedf, 0xbedf, 0xbedf, 0xbedf, 0xbebf, 0xbebf, 0xbedf, 0xb6bf, 0xbedf, 0xae9e, 0x757c, 0x54bb, 0x5cfc, 0x5cdb, 0x5cdc,
    0x5cdc, 0x5cdb, 0x5cdc, 0x5cdb, 0x5cdb, 0x5cdb, 0x5cdb, 0x757d, 0x85bd, 0xa65e, 0xc6df, 0xbede, 0xc6ff, 0x7d9c, 0x1358, 0x23b9,
    0x0a11, 0x018e, 0x014e, 0x5c36, 0xc73f, 0xbede, 0xffff, 0xd73f, 0xbedf, 0xbeff, 0x85bd, 0x757d, 0x757d, 0x651c, 0x5cfc, 0x651b,
    0xae7f, 0xbebe, 0xffff, 0xffff, 0xffff, 0xffff, 0xc6fe, 0x961e, 0x445a, 0x443a, 0x445a, 0x445a, 0x445a, 0x445b, 0x445b, 0x445b,
    0x445b, 0x445b, 0x445b, 0x445b, 0x3c3a, 0x9e3d, 0xdf5f, 0xf7df, 0xffff, 0x9e1d, 0x1252, 0x016d, 0x018e, 0x014d, 0x2af4, 0xa67e,
    0xcf1f, 0xb6be, 0x963e, 0x651c, 0x2bfa, 0x33fa, 0x7dbd, 0x85bd, 0x755d, 0x3c3b, 0x341a, 0x341a, 0x33fa, 0x3c1a, 0x09d0, 0x018e,
    0x1af6, 0x2bf9, 0x2bfa, 0x0a11, 0x014d, 0x018e, 0x014d, 0x0a10, 0x5cfc, 0x447b, 0x341a, 0x54bb, 0x54dc, 0x3bd7, 0x012d, 0x8dbc,
    0x4cbb, 0x2bd9, 0x85bd, 0x7d7d, 0x7d9d, 0x6cfb, 0x014c, 0xcd10, 0xfe50, 0xfe11, 0xff16, 0xff78, 0xff58, 0xff58, 0xff58, 0xff58,
    0xff58, 0xff57, 0xff57, 0xffbc, 0xffbc, 0xff57, 0xffbd, 0xffff, 0xffff, 0xffff, 0xffff, 0xffff, 0xffff, 0xffff, 0xffff, 0xffff,
    0xffff, 0xffff, 0xffff, 0xffff, 0xffff, 0xffff, 0xffff, 0xffff, 0xffff, 0xffff, 0xffff, 0xffff, 0xffff, 0xffff, 0xffff, 0xffff,
    0xffff, 0xffff, 0xffff, 0xffff, 0xffff, 0xffff, 0xffff, 0xffff, 0xffff, 0xffff, 0xffff, 0xffff, 0xffff, 0xffff, 0xffff, 0xffff,
    0xffff, 0xffff, 0xffff, 0xffff, 0xffff, 0xffff, 0xffff, 0xffff, 0xffff, 0xffff, 0xffff, 0xffff, 0xffff, 0xffff, 0xffff, 0xffff,
    0xffff, 0xffff, 0x7455, 0x32b1, 0xffff, 0xffff, 0xffff, 0xffff, 0xffff, 0xffff, 0xffff, 0xffff, 0xffff, 0xffff, 0xffff, 0xffff,
    0xffff, 0xffff, 0xbebe, 0xd71e, 0xffff, 0xbede, 0xb6be, 0xb6be, 0xb6bf, 0xb6bf, 0xb6bf, 0xb6df, 0xb6bf, 0xb6bf, 0xb6bf, 0xb6bf,
    0xb6bf, 0xbebf, 0xbebf, 0xbebf, 0xbebf, 0xae9f, 0x8ddc, 0x8dbd, 0x5cdc, 0x651c, 0x85bd, 0xae9e, 0xb6be, 0xcf1e, 0xf7df, 0xe77f,
    0x7d5c, 0x3c3a, 0x3c5a, 0x445a, 0x8ddd, 0xc6fe, 0xbede, 0x5c36, 0x014e, 0x755b, 0xc71f, 0xefdf, 0x7d9a, 0x23fa, 0x33f9, 0x01af,
    0x016e, 0x12b3, 0xc6dd, 0xffff, 0xf7df, 0xb69e, 0x651c, 0x755d, 0x85bd, 0xbedf, 0xbedf, 0xbedf, 0xbedf, 0xb6df, 0xcf1f, 0xf7df,
    0xffff, 0xe77f, 0xbebf, 0xbede, 0xc6df, 0xbebe, 0xdf5e, 0xffff, 0xffff, 0xffff, 0xffff, 0xffff, 0xffff, 0xffff, 0xffff, 0xffff,
    0xe77f, 0xef9f, 0xffff, 0xc6de, 0xb6bf, 0xbebf, 0xbebf, 0xb6be, 0xa67e, 0x651c, 0x447b, 0x5cfb, 0x95fe, 0xb6be, 0xef9e, 0xffff,
    0xffdf, 0xb69d, 0x5cfb, 0x64fc, 0x6d3c, 0x6d3c, 0x6d3c, 0x6d3c, 0x6d3d, 0x651c, 0x859d, 0xb6df, 0xa67e, 0x757d, 0xa65e, 0xc6ff,
    0xbedf, 0xbedf, 0xbedf, 0xbedf, 0xbedf, 0xbebf, 0xbebf, 0xbebf, 0xbedf, 0xbebe, 0xbeff, 0x961e, 0x961e, 0x8dfd, 0x549b, 0x5cdc,
    0x5cdc, 0x5cdb, 0x5cdb, 0x5cdb, 0x54dc, 0x5cdb, 0x6d3c, 0x7d9d, 0x8ddd, 0xc6ff, 0xc6df, 0xbede, 0xc6ff, 0x85bd, 0x1b99, 0x23ba,
    0x0a11, 0x018f, 0x014e, 0x5c37, 0xc73f, 0xbede, 0xffff, 0xd75f, 0xbedf, 0xbeff, 0x9e1e, 0x7d9d, 0x755d, 0x5cdc, 0x755d, 0x757c,
    0xae7f, 0xb6be, 0xd73e, 0xe77e, 0xffff, 0xffff, 0xcefe, 0x9e3e, 0x445a, 0x443a, 0x445a, 0x445a, 0x445a, 0x445b, 0x445b, 0x445b,
    0x445b, 0x445b, 0x447b, 0x447b, 0x3c3a, 0x9e3d, 0xc6ff, 0xd73e, 0xffff, 0xb6be, 0x43b6, 0x014d, 0x018e, 0x018e, 0x016e, 0x5c57,
    0xc71f, 0xbede, 0xae9e, 0x757d, 0x3c5a, 0x2bd9, 0x5cfb, 0x85dd, 0x755d, 0x445a, 0x341a, 0x33fa, 0x33fa, 0x341a, 0x09f0, 0x016e,
    0x01d0, 0x2bd9, 0x33fa, 0x0a11, 0x014d, 0x018e, 0x014d, 0x0a10, 0x5cfc, 0x3c5b, 0x23b9, 0x54dc, 0x4c7a, 0x1231, 0x1a72, 0x4c7a,
    0x3c3b, 0x3c1a, 0x7d9d, 0x7d9d, 0x7d9d, 0x649a, 0x09ae, 0xd550, 0xfe30, 0xfeb4, 0xff78, 0xff58, 0xff78, 0xff78, 0xff58, 0xff58,
    0xff57, 0xff58, 0xff78, 0xff58, 0xff57, 0xff9a, 0xffff, 0xffff, 0xffde, 0xffff, 0xfffe, 0xff9b, 0xffff, 0xffff, 0xffff, 0xffff,
    0xffff, 0xffff, 0xffff, 0xffff, 0xffff, 0xffff, 0xffff, 0xffff, 0xffff, 0xffff, 0xffff, 0xffff, 0xffff, 0xffff, 0xffff, 0xffff,
    0xffff, 0xffff, 0xffff, 0xffff, 0xffff, 0xffff, 0xffff, 0xffff, 0xffff, 0xffff, 0xffff, 0xffff, 0xffff, 0xffff, 0xffff, 0xffff,
    0xffff, 0xffff, 0xffff, 0xffff, 0xffff, 0xffff, 0xffff, 0xffff, 0xffff, 0xffff, 0xffff, 0xffff, 0xffff, 0xffff, 0xffff, 0xffff,
    0xffdf, 0xffff, 0x7455, 0x222f, 0xffff, 0xffff, 0xffff, 0xffff, 0xffff, 0xffff, 0xffff, 0xffff, 0xffff, 0xffff, 0xffff, 0xffff,
    0xffff, 0xffff, 0xffff, 0xe79f, 0xc6de, 0xbebf, 0xb6bf, 0xb6bf, 0xb6bf, 0xb6bf, 0xb6bf, 0xb6bf, 0xb6bf, 0xb6bf, 0xb6bf, 0xb6bf,
    0xb6bf, 0xbebf, 0xbebf, 0xbebf, 0xbebf, 0xbebe, 0xbeff, 0xa65e, 0x64fb, 0x6d1c, 0x6d3c, 0x7d7c, 0xc6ff, 0xbedf, 0xd73e, 0xffff,
    0xd73e, 0x6d3b, 0x341a, 0x445b, 0x5cba, 0xae7e, 0xdf7f, 0x74b7, 0x010e, 0x547a, 0xbedf, 0xefdf, 0x7d9b, 0x23ba, 0x2357, 0x01af,
    0x018e, 0x12b5, 0xbebe, 0xffff, 0xf7df, 0xb69e, 0x5cfb, 0x6d3c, 0x85bd, 0xbedf, 0xbedf, 0xbedf, 0xbedf, 0xbedf, 0xbedf, 0xef9f,
    0xdf5e, 0xd75f, 0xbeff, 0xbede, 0xbebe, 0xe79f, 0xefbf, 0xe77e, 0xffff, 0xffff, 0xffff, 0xffff, 0xffff, 0xffff, 0xffff, 0xffff,
    0xffff, 0xffff, 0xefbf, 0xbede, 0xb6be, 0xbede, 0xbebf, 0xb6bf, 0xbedf, 0x6d3c, 0x549b, 0x447b, 0x5cdb, 0x9e5e, 0xcefe, 0xf7df,
    0xffff, 0xffff, 0x7d7c, 0x651c, 0x6d3c, 0x6d3d, 0x6d3d, 0x6d3c, 0x6d3c, 0x6d3d, 0x6d5c, 0x7d9d, 0xa67e, 0x9e3e, 0xae9e, 0xbedf,
    0xbedf, 0xbedf, 0xbedf, 0xbedf, 0xbedf, 0xbedf, 0xbedf, 0xbedf, 0xb6df, 0xb6df, 0xb6bf, 0xbeff, 0x9e1d, 0x85bd, 0x9e5e, 0x5cdb,
    0x54bb, 0x5cdc, 0x5cdb, 0x5cdc, 0x54dc, 0x5cfb, 0x85be, 0x8dbd, 0x9e3d, 0xbedf, 0xbedf, 0xc6ff, 0xa67e, 0x651b, 0x23b9, 0x23b9,
    0x09f0, 0x018e, 0x012e, 0x5c37, 0xc71f, 0xbebe, 0xffff, 0xd75f, 0xbedf, 0xbedf, 0xc6ff, 0x95fd, 0x757d, 0x755d, 0x759c, 0xa67f,
    0xae9e, 0xb69f, 0xb69e, 0xd75f, 0xffff, 0xffff, 0xcefe, 0x9e3e, 0x445b, 0x3c3b, 0x445a, 0x445a, 0x445b, 0x445b, 0x445b, 0x445b,
    0x445b, 0x445b, 0x447b, 0x447b, 0x445b, 0x64fb, 0xb6be, 0xdf5f, 0xffff, 0xd75f, 0x5c57, 0x012d, 0x018e, 0x018e, 0x014d, 0x2af3,
    0xbeff, 0xc6ff, 0xc6fe, 0x85bd, 0x4c7b, 0x23f9, 0x23b9, 0x651c, 0x85bd, 0x757d, 0x3c3a, 0x33fa, 0x341a, 0x3419, 0x09f0, 0x016e,
    0x01af, 0x2bb8, 0x341a, 0x0a11, 0x014d, 0x018e, 0x014d, 0x0a10, 0x54dc, 0x3c5b, 0x1b78, 0x5cfc, 0x3bb7, 0x1210, 0x757d, 0x1316,
    0x1b99, 0x3c3a, 0x7d9d, 0x859d, 0x8dde, 0x5c99, 0x012d, 0xd571, 0xfe30, 0xfed5, 0xff78, 0xff58, 0xff78, 0xff78, 0xff78, 0xff57,
    0xff58, 0xfffd, 0xff9a, 0xff57, 0xffbb, 0xffde, 0xff9b, 0xff9b, 0xffde, 0xffdd, 0xffbc, 0xff99, 0xffff, 0xffff, 0xffff, 0xffff,
    0xffff, 0xffff, 0xffff, 0xffff, 0xffff, 0xffff, 0xffff, 0xffff, 0xffff, 0xffff, 0xffff, 0xffff, 0xffff, 0xffff, 0xffff, 0xffff,
    0xffff, 0xffff, 0xffff, 0xffff, 0xffff, 0xffff, 0xffff, 0xffff, 0xffff, 0xffff, 0xffff, 0xffff, 0xffff, 0xffff, 0xffff, 0xffff,
    0xffff, 0xffff, 0xffff, 0xffff, 0xffff, 0xffff, 0xffff, 0xffff, 0xffff, 0xffff, 0xffff, 0xffff, 0xffff, 0xffff, 0xffff, 0xffff,
    0xffff, 0xc65b, 0x63f4, 0x5b92, 0xffff, 0xffff, 0xffff, 0xffff, 0xffff, 0xffff, 0xffff, 0xffff, 0xffff, 0xffff, 0xffff, 0xf7df,
    0xef9f, 0xffff, 0xffff, 0xef9f, 0xb6be, 0xb6be, 0xb6be, 0xb6be, 0xb6bf, 0xb6bf, 0xb6bf, 0xb6bf, 0xb6bf, 0xb6bf, 0xb6bf, 0xb6bf,
    0xb6bf, 0xbebf, 0xbebf, 0xbebf, 0xbebf, 0xbebf, 0xbedf, 0x7d7c, 0x8ddd, 0x7d9d, 0x5cfb, 0x7d7c, 0xa65e, 0xae9e, 0xd73f, 0xf7df,
    0xf7ff, 0x961d, 0x445a, 0x3c3a, 0x3419, 0x7d9c, 0xcf3f, 0xa61c, 0x1a30, 0x1210, 0xae7d, 0xe7bf, 0x859a, 0x33d9, 0x2398, 0x0a11,
    0x016e, 0x1293, 0xae7d, 0xffff, 0xf7df, 0xbede, 0x5cfb, 0x6d3c, 0x85bd, 0xbedf, 0xbedf, 0xbedf, 0xbedf, 0xbedf, 0xbeff, 0xdf7f,
    0xd71e, 0xd73f, 0xcf3f, 0xf7df, 0xd71e, 0xcf1f, 0xd73e, 0xefbf, 0xffff, 0xffff, 0xffff, 0xffff, 0xffff, 0xffff, 0xffff, 0xffff,
    0xffff, 0xef9f, 0xbe9e, 0xdf9f, 0xcefe, 0xb6bf, 0xbede, 0xbedf, 0xb6df, 0x963e, 0x755c, 0x4cbb, 0x54db, 0x7d9d, 0xb67e, 0xefbf,
    0xffff, 0xffdf, 0xe77e, 0x859c, 0x651c, 0x6d3d, 0x6d3d, 0x6d3d, 0x6d3c, 0x6d3c, 0x6d3d, 0x6d3c, 0x7d9d, 0x85bd, 0xb6bf, 0xbedf,
    0xbedf, 0xbedf, 0xbedf, 0xbedf, 0xbedf, 0xbedf, 0xbedf, 0xbede, 0xbede, 0xbedf, 0xbedf, 0xbedf, 0x8ddc, 0x8dfd, 0xae7e, 0x7d7c,
    0x651b, 0x5cdc, 0x5cdc, 0x5cdb, 0x54db, 0x651c, 0x7d9d, 0x9e1d, 0xcf1f, 0xc6ff, 0xbede, 0xcf1f, 0x7d9c, 0x23b9, 0x2bda, 0x2bb9,
    0x09f0, 0x016d, 0x01b0, 0x753b, 0xbeff, 0xb6be, 0xffff, 0xd73f, 0xbedf, 0xbedf, 0xc6ff, 0x95fd, 0x7d7d, 0x7d9d, 0x95fd, 0xb69f,
    0xb69f, 0xb6bf, 0xb6be, 0xdf7f, 0xffff, 0xffff, 0xcf1e, 0x9e5e, 0x443a, 0x3c3b, 0x445b, 0x445b, 0x445b, 0x445b, 0x445b, 0x445b,
    0x445b, 0x447b, 0x447b, 0x447b, 0x445b, 0x54bb, 0xae7e, 0xdf3f, 0xffff, 0xf7bf, 0x9ddb, 0x01af, 0x018e, 0x01ae, 0x014d, 0x3334,
    0xa65f, 0xbeff, 0xbeff, 0x85bd, 0x4c9b, 0x2bfa, 0x2bd9, 0x54bc, 0x85be, 0x7d9d, 0x341a, 0x33fa, 0x341a, 0x3419, 0x09f0, 0x016e,
    0x01af, 0x2b98, 0x341a, 0x1293, 0x014d, 0x018e, 0x014d, 0x1252, 0x4cbc, 0x343a, 0x1b78, 0x54fc, 0x3397, 0x1230, 0x7dbd, 0x1af7,
    0x2bd9, 0x4c9b, 0x757d, 0x757d, 0x6d5c, 0x4374, 0x320c, 0xdd70, 0xfe31, 0xfeb5, 0xff78, 0xff58, 0xff78, 0xff58, 0xff58, 0xff57,
    0xff58, 0xff9b, 0xff79, 0xff58, 0xffdc, 0xffdd, 0xff78, 0xff9a, 0xffff, 0xff79, 0xff9a, 0xffff, 0xffff, 0xffff, 0xffff, 0xffff,
    0xffff, 0xffff, 0xffff, 0xffff, 0xffff, 0xffff, 0xffff, 0xffff, 0xffff, 0xffff, 0xffff, 0xffff, 0xffff, 0xffff, 0xffff, 0xffff,
    0xffff, 0xffff, 0xffff, 0xffff, 0xffff, 0xffff, 0xffff, 0xffff, 0xffff, 0xffff, 0xffff, 0xffff, 0xffff, 0xffff, 0xffff, 0xffff,
    0xffff, 0xffff, 0xffff, 0xffff, 0xffff, 0xffff, 0xffff, 0xffff, 0xffff, 0xffff, 0xffff, 0xffff, 0xffff, 0xffff, 0xffff, 0xffff,
    0xffff, 0x224f, 0x7cb6, 0xffff, 0xffff, 0xffff, 0xffff, 0xffff, 0xffff, 0xffff, 0xffff, 0xffff, 0xffff, 0xffff, 0xffff, 0xefbf,
    0xdf3e, 0xffff, 0xffff, 0xefbf, 0xae7e, 0xdf7f, 0xe79f, 0xb69e, 0xb6bf, 0xb6bf, 0xb6df, 0xb6bf, 0xb6bf, 0xb6bf, 0xb6bf, 0xb6bf,
    0xb6df, 0xbebf, 0xbebf, 0xbebf, 0xbebf, 0xb6df, 0xbedf, 0x9e3d, 0x7d9c, 0x6d5c, 0x6d3c, 0x6d3c, 0x64fb, 0xae7e, 0xbedf, 0xbebe,
    0xffff, 0xd73e, 0x651c, 0x3c3a, 0x3c3a, 0x4c7b, 0xae9d, 0xdf7f, 0x959a, 0x014d, 0x8dbb, 0xbedf, 0xc6ff, 0x8ddd, 0x2398, 0x0a11,
    0x016d, 0x01cf, 0x9ddc, 0xefbf, 0xffff, 0xe79f, 0x5cdb, 0x64fc, 0x85bd, 0xbedf, 0xbedf, 0xbedf, 0xbedf, 0xbedf, 0xbedf, 0xb6bf,
    0xf7ff, 0xdf5e, 0xb6be, 0xe77f, 0xcefe, 0xb69e, 0xefbf, 0xefbf, 0xef9f, 0xffff, 0xffff, 0xffff, 0xffff, 0xffff, 0xffff, 0xffff,
    0xffff, 0xffdf, 0xef9f, 0xefbf, 0xc71e, 0xb6bf, 0xbebe, 0xbedf, 0xbedf, 0xc71f, 0x961d, 0x54bc, 0x54bb, 0x54bb, 0x9e3e, 0xd73f,
    0xf7bf, 0xffff, 0xffff, 0x9e1c, 0x651c, 0x6d3d, 0x6d3c, 0x6d3c, 0x6d3c, 0x6d3d, 0x6d3d, 0x6d3c, 0x5cfc, 0x859d, 0xbeff, 0xbede,
    0xbedf, 0xbedf, 0xb6df, 0xbedf, 0xbedf, 0xbedf, 0xbedf, 0xbedf, 0xbedf, 0xbedf, 0xbedf, 0xbebe, 0xc71f, 0x8ddd, 0x64fb, 0xbf1f,
    0x8dfd, 0x549b, 0x5cdb, 0x5cdc, 0x5cdc, 0x5cdc, 0x859d, 0xb6bf, 0xc6ff, 0xc6de, 0xbedf, 0xc71f, 0x7d7c, 0x2bfa, 0x1b36, 0x1273,
    0x09f0, 0x016d, 0x01f1, 0x7d9d, 0xcf1f, 0xcf1e, 0xffff, 0xd73f, 0xbedf, 0xbedf, 0xc6ff, 0x95fd, 0x757c, 0x85bd, 0xae9f, 0xb6bf,
    0xa65e, 0xae7e, 0xbebe, 0xdf7f, 0xffff, 0xffff, 0xffdf, 0xcf1f, 0x6d3c, 0x445b, 0x445b, 0x445b, 0x445b, 0x445b, 0x445b, 0x445b,
    0x447b, 0x447b, 0x447b, 0x447b, 0x445b, 0x54bb, 0xae7e, 0xdf5e, 0xffff, 0xffff, 0xc6fe, 0x22b3, 0x014d, 0x01ae, 0x014d, 0x22b2,
    0x755c, 0xae9e, 0xc6ff, 0xb6bf, 0x653b, 0x23b9, 0x341a, 0x2bd9, 0x4c7a, 0x85de, 0x64fc, 0x33fa, 0x33fa, 0x33f9, 0x09f0, 0x016e,
    0x01af, 0x2bd8, 0x2bda, 0x3419, 0x1231, 0x014d, 0x014d, 0x1251, 0x447b, 0x33fa, 0x1b78, 0x54fc, 0x3bb7, 0x11f0, 0x755c, 0x0ab5,
    0x445a, 0x755c, 0x755c, 0x85fe, 0x3b76, 0x320c, 0xfe11, 0xfdaf, 0xfe32, 0xff16, 0xff78, 0xff58, 0xff58, 0xff58, 0xff58, 0xff57,
    0xff57, 0xff37, 0xff78, 0xfffe, 0xff9a, 0xff36, 0xffdd, 0xfffe, 0xff58, 0xffbb, 0xfffe, 0xffff, 0xffff, 0xffff, 0xffff, 0xffff,
    0xffff, 0xffff, 0xffff, 0xffff, 0xffff, 0xffff, 0xffff, 0xffff, 0xffff, 0xffff, 0xffff, 0xffff, 0xffff, 0xffff, 0xffff, 0xffff,
    0xffff, 0xffff, 0xffff, 0xffff, 0xffff, 0xffff, 0xffff, 0xffff, 0xffff, 0xffff, 0xffff, 0xffff, 0xffff, 0xffff, 0xffff, 0xffff,
    0xffff, 0xffff, 0xffff, 0xffff, 0xffff, 0xffff, 0xffff, 0xffff, 0xffff, 0xffff, 0xffff, 0xffff, 0xffff, 0xffff, 0xffff, 0xffff,
    0xffff, 0x3290, 0x84b6, 0xffff, 0xffff, 0xffff, 0xffff, 0xffff, 0xffff, 0xffff, 0xffff, 0xffff, 0xffff, 0xffff, 0xffff, 0xffff,
    0xffff, 0xffff, 0xe77e, 0xd73e, 0xdf5e, 0xd73e, 0xcf1e, 0xb6bf, 0xb6bf, 0xb6bf, 0xb6bf, 0xbebf, 0xb6bf, 0xb6bf, 0xb6bf, 0xb6bf,
    0xb6df, 0xbebf, 0xbebf, 0xbedf, 0xbedf, 0xbebf, 0xbebe, 0xbeff, 0xa65e, 0x7d9c, 0x6d1c, 0x6d3c, 0x6d3c, 0x8dfd, 0xae7e, 0xc6fe,
    0xffff, 0xef9f, 0x9e5d, 0x447b, 0x33f9, 0x3c3a, 0x961d, 0xcf3f, 0x9dbb, 0x00ec, 0x4c17, 0xae9f, 0xcf1f, 0x9e1d, 0x1b78, 0x0a11,
    0x016d, 0x018e, 0x64ba, 0xcf3e, 0xffff, 0xe79f, 0x64fb, 0x447b, 0x5cfc, 0x8ddd, 0xbede, 0xbedf, 0xbeff, 0xbeff, 0xbeff, 0xbedf,
    0xd73e, 0xc71f, 0xbebf, 0xb69f, 0xc71e, 0xd73e, 0xdf5f, 0xd75e, 0xe79f, 0xffff, 0xffff, 0xffff, 0xffff, 0xffff, 0xffff, 0xffff,
    0xffff, 0xffff, 0xffff, 0xd71e, 0xc6fe, 0xd73f, 0xbede, 0xbede, 0xbede, 0xbeff, 0x95fd, 0x54bb, 0x54bb, 0x4cbb, 0x85de, 0x9e3e,
    0xc6fe, 0xffff, 0xffff, 0xf7df, 0x859c, 0x653c, 0x6d3c, 0x6d3d, 0x6d1d, 0x6d3c, 0x6d3c, 0x6d3c, 0x653d, 0x6d3d, 0x7d9c, 0xb6df,
    0xbedf, 0xbebf, 0xb6df, 0xbedf, 0xbedf, 0xbedf, 0xbedf, 0xbedf, 0xbedf, 0xbedf, 0xbedf, 0xbedf, 0xbebf, 0xb69f, 0x9e3d, 0x859d,
    0x6d3c, 0x85dd, 0x6d5d, 0x54dc, 0x6d3c, 0x7dbd, 0x757d, 0xb6be, 0xc6ff, 0xc6ff, 0xbedf, 0xd75f, 0x859c, 0x33fa, 0x22f5, 0x014e,
    0x018e, 0x016e, 0x1ad4, 0x85bc, 0xefbf, 0xffff, 0xffff, 0xd73f, 0xbedf, 0xbedf, 0xc6ff, 0xa65e, 0x7d9d, 0x85bd, 0xb6bf, 0xbebf,
    0xa67e, 0xa65e, 0xbebe, 0xdf7f, 0xffff, 0xffff, 0xffff, 0xdf5f, 0x963e, 0x4c7a, 0x445b, 0x447b, 0x445b, 0x445b, 0x445b, 0x447b,
    0x447b, 0x447b, 0x447b, 0x447b, 0x445b, 0x54bb, 0xb69e, 0xbebe, 0xefbf, 0xffff, 0xc71e, 0x3376, 0x012c, 0x018e, 0x018e, 0x016d,
    0x43d8, 0xa67e, 0xbedf, 0xc6ff, 0x9e3d, 0x4c9b, 0x2bfa, 0x23da, 0x445a, 0x85de, 0x757d, 0x2bf9, 0x33fa, 0x33fa, 0x1293, 0x018e,
    0x018e, 0x1ad4, 0x2bb9, 0x3c5b, 0x1272, 0x014d, 0x018e, 0x016d, 0x2356, 0x2bfa, 0x2399, 0x443a, 0x1a93, 0x2b14, 0x549a, 0x0295,
    0x4c7a, 0x6d3c, 0x753c, 0x8e1f, 0x3b96, 0x3a2c, 0xfdf0, 0xfd8e, 0xfe93, 0xff78, 0xff57, 0xff58, 0xff58, 0xff58, 0xff58, 0xff58,
    0xff57, 0xff57, 0xff58, 0xff9a, 0xff79, 0xff9b, 0xff9b, 0xff9a, 0xff79, 0xffdd, 0xfffe, 0xffff, 0xffff, 0xffff, 0xffff, 0xffff,
    0xffff, 0xffff, 0xffff, 0xffff, 0xffff, 0xffff, 0xffff, 0xffff, 0xffff, 0xffff, 0xffff, 0xffff, 0xffff, 0xffff, 0xffff, 0xffff,
    0xffff, 0xffff, 0xffff, 0xffff, 0xffff, 0xffff, 0xffff, 0xffff, 0xffff, 0xffff, 0xffff, 0xffff, 0xffff, 0xffff, 0xffff, 0xffff,
    0xffff, 0xffff, 0xffff, 0xffff, 0xffff, 0xffff, 0xffff, 0xffff, 0xffff, 0xffff, 0xffff, 0xffff, 0xffff, 0xffff, 0xffff, 0xffff,
    0xffff, 0x2a90, 0x84b6, 0xffff, 0xffff, 0xffff, 0xffff, 0xffff, 0xffff, 0xffff, 0xffff, 0xffff, 0xffff, 0xffff, 0xffff, 0xffff,
    0xffff, 0xffff, 0xc6de, 0xc6fe, 0xffff, 0xc6fe, 0xae9e, 0xbedf, 0xb6bf, 0xb6bf, 0xb6bf, 0xb6bf, 0xb6df, 0xb6bf, 0xb6bf, 0xb6bf,
    0xb6bf, 0xbedf, 0xbebf, 0xbedf, 0xbedf, 0xbedf, 0xbebf, 0xb6be, 0xbeff, 0x961d, 0x651b, 0x6d3c, 0x6d3c, 0x54db, 0x961d, 0xc6ff,
    0xcefe, 0xffff, 0xe79f, 0x85bc, 0x33f9, 0x341a, 0x4c7a, 0x8dbc, 0xae3d, 0x32d1, 0x09cf, 0x859b, 0xc73f, 0x9e3d, 0x23b9, 0x0a11,
    0x016d, 0x01ae, 0x549a, 0xcf1f, 0xffff, 0xdf5e, 0x64fb, 0x447b, 0x64fc, 0x85bd, 0xbedf, 0xbedf, 0xbedf, 0xbedf, 0xbedf, 0xbede,
    0xbebe, 0xbedf, 0xbede, 0xb6be, 0xd73f, 0xefbf, 0xcefe, 0xf7bf, 0xffff, 0xffff, 0xffff, 0xffff, 0xffff, 0xffff, 0xffff, 0xffff,
    0xffff, 0xffff, 0xffff, 0xdf5e, 0xef9f, 0xffff, 0xc6fe, 0xbebf, 0xbede, 0xbeff, 0xa65d, 0x64fb, 0x54dc, 0x445a, 0x651b, 0x961e,
    0xcf1f, 0xffff, 0xffff, 0xffff, 0x7d7c, 0x653c, 0x6d3d, 0x6d1d, 0x6d3c, 0x653c, 0x6d3d, 0x6d1d, 0x6d3c, 0x653d, 0x651c, 0x85bd,
    0xae9e, 0xbedf, 0xbedf, 0xbedf, 0xbedf, 0xbedf, 0xbedf, 0xbedf, 0xbedf, 0xbedf, 0xbedf, 0xbedf, 0xbebe, 0xbeff, 0xa65e, 0x5cdb,
    0x5cdb, 0xbeff, 0x85dd, 0x4c9b, 0x6d5c, 0x95fe, 0x8dbd, 0xbebf, 0xc6ff, 0xc6df, 0xc6ff, 0x961d, 0x5cdb, 0x3c3a, 0x2315, 0x016e,
    0x01ae, 0x016e, 0x2356, 0x85dd, 0xe79f, 0xffff, 0xe77e, 0xc6de, 0xbedf, 0xc6de, 0xc6ff, 0xae9f, 0x9e5e, 0xa65e, 0xb69f, 0xbebe,
    0xae9f, 0x7d7c, 0xb69f, 0xe77f, 0xffff, 0xffff, 0xffff, 0xd73f, 0x9e3e, 0x549b, 0x445b, 0x447b, 0x447b, 0x447b, 0x447b, 0x447b,
    0x447b, 0x447b, 0x447b, 0x447b, 0x447b, 0x4c7b, 0x85dd, 0xb69e, 0xe79e, 0xffff, 0xe77e, 0x8d9b, 0x22b3, 0x016e, 0x018e, 0x018e,
    0x3b97, 0xa67e, 0xc6ff, 0xbedf, 0xae7e, 0x64fb, 0x33fa, 0x2bd9, 0x447a, 0x8dfe, 0x757d, 0x3c5a, 0x2bf9, 0x341a, 0x1b36, 0x018e,
    0x018d, 0x016e, 0x1ad5, 0x343b, 0x1252, 0x014d, 0x018e, 0x014d, 0x1af5, 0x1b99, 0x2399, 0x33b8, 0x09cf, 0x757d, 0x33f9, 0x2b98,
    0x64fc, 0x651c, 0x6d1c, 0x8e3f, 0x43b6, 0x3a2c, 0xfdf0, 0xfd8e, 0xfe94, 0xff78, 0xff58, 0xff58, 0xff58, 0xff58, 0xff58, 0xff58,
    0xff57, 0xff58, 0xff57, 0xff57, 0xff58, 0xfffd, 0xff79, 0xff58, 0xffff, 0xff9c, 0xff58, 0xfffe, 0xffff, 0xffff, 0xffff, 0xffff,
    0xffff, 0xffff, 0xffff, 0xffff, 0xffff, 0xffff, 0xffff, 0xffff, 0xffff, 0xffff, 0xffff, 0xffff, 0xffff, 0xffff, 0xffff, 0xffff,
    0xffff, 0xffff, 0xffff, 0xffff, 0xffff, 0xffff, 0xffff, 0xffff, 0xffff, 0xffff, 0xffff, 0xffff, 0xffff, 0xffff, 0xffff, 0xffff,
    0xffff, 0xffff, 0xffff, 0xffff, 0xffff, 0xffff, 0xffff, 0xffff, 0xffff, 0xffff, 0xffff, 0xffff, 0xffff, 0xffff, 0xffff, 0xffff,
    0xffff, 0x220e, 0x7c75, 0xffff, 0xffff, 0xffff, 0xffff, 0xffff, 0xffff, 0xffff, 0xffff, 0xffff, 0xffff, 0xffff, 0xffff, 0xffff,
    0xffff, 0xffff, 0xffff, 0xef9f, 0xc6de, 0xd73f, 0xd75f, 0xb6be, 0xbebf, 0xb6bf, 0xb6bf, 0xb6bf, 0xb6bf, 0xb6bf, 0xb6bf, 0xb6bf,
    0xb6bf, 0xb6df, 0xbedf, 0xbedf, 0xbedf, 0xb6df, 0xbebf, 0xbebf, 0xb6bf, 0xb6bf, 0xa65e, 0x64fb, 0x6d1c, 0x64fc, 0x6d3c, 0x7d9c,
    0xae9e, 0xefbf, 0xffff, 0xc6fe, 0x445a, 0x2bd9, 0x23b9, 0x5cdb, 0xcf3f, 0xae5d, 0x012c, 0x74f9, 0xaebf, 0xae9e, 0x549a, 0x01d0,
    0x016d, 0x01ae, 0x3bd7, 0xc6fe, 0xffff, 0xf7df, 0x6d1b, 0x447b, 0x54dc, 0x757c, 0xbedf, 0xbeff, 0xbedf, 0xbedf, 0xbedf, 0xbedf,
    0xbedf, 0xbedf, 0xbedf, 0xbedf, 0xbebe, 0xb6be, 0xf7ff, 0xefbf, 0xd73e, 0xffff, 0xffff, 0xffff, 0xffff, 0xffff, 0xffff, 0xffff,
    0xffff, 0xffff, 0xffff, 0xffff, 0xf7df, 0xef9f, 0xbebe, 0xbebf, 0xbedf, 0xb6be, 0xbeff, 0x85dd, 0x54bb, 0x447a, 0x4c9a, 0x7d9d,
    0xbede, 0xe77f, 0xffff, 0xffff, 0xcf1e, 0x859d, 0x651c, 0x653c, 0x653c, 0x6d3d, 0x6d1d, 0x6d3c, 0x6d3c, 0x6d3c, 0x653d, 0x6d3d,
    0xb69e, 0xbedf, 0xb6df, 0xbedf, 0xbedf, 0xbedf, 0xbedf, 0xbedf, 0xbedf, 0xbedf, 0xbedf, 0xbedf, 0xbede, 0xbede, 0xb6bf, 0xa67e,
    0x8ddd, 0x9e1e, 0x85dd, 0x8dfe, 0x8e1e, 0x961d, 0xc6df, 0xc6ff, 0xc6ff, 0xc6df, 0xc71f, 0x5cdb, 0x33f9, 0x447b, 0x22f4, 0x014d,
    0x01af, 0x016e, 0x5438, 0x9e5e, 0xd71e, 0xffff, 0xf7df, 0xcf1f, 0xbedf, 0xc6ff, 0xc6ff, 0xae9e, 0xae9e, 0xb69e, 0xae9f, 0xbedf,
    0xae7e, 0x755c, 0xb6bf, 0xdf7f, 0xffff, 0xffff, 0xffff, 0xe79f, 0xae9e, 0x4c9b, 0x445b, 0x445b, 0x445b, 0x447b, 0x447b, 0x447b,
    0x447b, 0x447b, 0x447b, 0x447b, 0x4c9b, 0x3c3a, 0x5cdb, 0xb6bf, 0xe79e, 0xffff, 0xffff, 0xdf9f, 0x3bb6, 0x016d, 0x018e, 0x018e,
    0x018f, 0x4c38, 0xa67e, 0xbedf, 0xb6bf, 0x7d9c, 0x33fa, 0x2bda, 0x3c3a, 0x651c, 0x85dd, 0x7dbd, 0x3c1a, 0x2bfa, 0x2bfa, 0x1ab4,
    0x018e, 0x016e, 0x0a11, 0x3c5b, 0x1272, 0x012d, 0x018e, 0x016d, 0x12b4, 0x23b9, 0x341a, 0x33b8, 0x11f0, 0x653c, 0x33f9, 0x4c9b,
    0x6d3c, 0x651c, 0x6d3c, 0x961e, 0x3375, 0x31eb, 0xfe10, 0xfd8e, 0xfe94, 0xff78, 0xff58, 0xff58, 0xff58, 0xff58, 0xff58, 0xff57,
    0xff57, 0xff58, 0xff58, 0xff58, 0xff58, 0xff57, 0xff9a, 0xfffd, 0xff9b, 0xff58, 0xffbc, 0xfffe, 0xffde, 0xffff, 0xffff, 0xffff,
    0xffff, 0xffff, 0xffff, 0xffff, 0xffff, 0xffff, 0xffff, 0xffff, 0xffff, 0xffff, 0xffff, 0xffff, 0xffff, 0xffff, 0xffff, 0xffff,
    0xffff, 0xffff, 0xffff, 0xffff, 0xffff, 0xffff, 0xffff, 0xffff, 0xffff, 0xffff, 0xffff, 0xffff, 0xffff, 0xffff, 0xffff, 0xffff,
    0xffff, 0xffff, 0xffff, 0xffff, 0xffff, 0xffff, 0xffff, 0xffff, 0xffff, 0xffff, 0xffff, 0xffff, 0xffff, 0xffff, 0xffff, 0xffff,
    0xffff, 0xb5f9, 0xd6db, 0xffff, 0xffff, 0xffff, 0xffff, 0xffff, 0xffff, 0xffff, 0xffff, 0xffff, 0xffff, 0xffff, 0xffff, 0xffff,
    0xffff, 0xffff, 0xffff, 0xe79f, 0xbebe, 0xef9f, 0xffff, 0xbebe, 0xbebf, 0xb6df, 0xb6bf, 0xb6bf, 0xb6bf, 0xb6bf, 0xb6bf, 0xb6bf,
    0xb6bf, 0xb6bf, 0xbedf, 0xb6df, 0xbedf, 0xbedf, 0xbebf, 0xbebf, 0xbebf, 0xb6bf, 0xae7e, 0x8dfd, 0x757c, 0x651c, 0x64fc, 0x64fb,
    0xb6be, 0xcf1e, 0xef9f, 0xd73e, 0x54ba, 0x33f9, 0x1b58, 0x3c19, 0x85dd, 0x8d9c, 0x016d, 0x3bb7, 0x6d3c, 0x961d, 0x6d5c, 0x1293,
    0x018e, 0x018f, 0x01f1, 0xb65b, 0xffff, 0xf7df, 0x6d1b, 0x449b, 0x447b, 0x54db, 0xbedf, 0xc6ff, 0xbeff, 0xbeff, 0xbedf, 0xbedf,
    0xbedf, 0xbedf, 0xbedf, 0xbedf, 0xc6fe, 0xf7df, 0xffff, 0xf7df, 0xef9f, 0xffff, 0xffff, 0xffff, 0xffff, 0xffff, 0xffff, 0xffff,
    0xffff, 0xffff, 0xffff, 0xffff, 0xe79e, 0xbebd, 0xdf7f, 0xc6fe, 0xb6bf, 0xbebf, 0xbedf, 0x8ddd, 0x5cdb, 0x4c9b, 0x343a, 0x549b,
    0x8dfd, 0xae5e, 0xffdf, 0xffff, 0xffff, 0xdf7f, 0x95fd, 0x64fc, 0x6d3d, 0x6d3d, 0x653c, 0x653c, 0x651d, 0x6d1d, 0x653c, 0x651c,
    0x961e, 0xbeff, 0xbedf, 0xb6df, 0xbedf, 0xb6df, 0xbedf, 0xbede, 0xbedf, 0xbedf, 0xbedf, 0xbedf, 0xbedf, 0xbebf, 0xbebf, 0xbedf,
    0xbeff, 0x85bd, 0x8ddd, 0xb6bf, 0xa65e, 0xae5d, 0xc6ff, 0xc6ff, 0xc6ff, 0xc6df, 0xc6ff, 0x64fb, 0x341a, 0x3c3b, 0x33b8, 0x09f0,
    0x018e, 0x014e, 0x855a, 0xbedf, 0xd73e, 0xffff, 0xffff, 0xdf5f, 0xbede, 0xc6ff, 0xc6ff, 0xb69f, 0xae7e, 0xae9f, 0xb69f, 0xbedf,
    0xae9e, 0x757c, 0xb6df, 0xc6fe, 0xcefe, 0xf7df, 0xffff, 0xe79f, 0xae9e, 0x54bb, 0x447b, 0x447b, 0x447b, 0x447b, 0x447b, 0x447b,
    0x447b, 0x447b, 0x447b, 0x449b, 0x4c7b, 0x3c5b, 0x651b, 0xb6bf, 0xe77f, 0xffff, 0xffff, 0xdf5e, 0x5438, 0x016e, 0x018e, 0x018e,
    0x016d, 0x2316, 0x85dd, 0xc6ff, 0xc6ff, 0x963e, 0x2bb9, 0x2bfa, 0x2bfa, 0x2bf9, 0x54dc, 0x8dde, 0x449b, 0x23da, 0x343b, 0x2336,
    0x016e, 0x018d, 0x0a31, 0x341a, 0x33d8, 0x1231, 0x014d, 0x018e, 0x01f1, 0x12f6, 0x449c, 0x33b8, 0x1210, 0x4c9b, 0x1b36, 0x5cfc,
    0x651c, 0x755d, 0x85be, 0x1a50, 0x632e, 0xccef, 0xfdcf, 0xfd8e, 0xfe94, 0xff78, 0xff57, 0xff58, 0xff58, 0xff58, 0xff58, 0xff57,
    0xff58, 0xff57, 0xff57, 0xff57, 0xff57, 0xff57, 0xff78, 0xff9a, 0xff57, 0xffbb, 0xffdd, 0xff7a, 0xff7a, 0xffff, 0xffde, 0xffbc,
    0xffff, 0xffff, 0xffff, 0xffff, 0xffff, 0xffff, 0xffff, 0xffff, 0xffff, 0xffff, 0xffff, 0xffff, 0xffff, 0xffff, 0xffff, 0xffff,
    0xffff, 0xffff, 0xffff, 0xffff, 0xffff, 0xffff, 0xffff, 0xffff, 0xffff, 0xffff, 0xffff, 0xffff, 0xffff, 0xffff, 0xffff, 0xffff,
    0xffff, 0xffff, 0xffff, 0xffff, 0xffff, 0xffff, 0xffff, 0xffff, 0xffff, 0xffff, 0xffff, 0xffff, 0xffff, 0xffff, 0xffff, 0xffff,
    0xffff, 0xffff, 0xffff, 0xffff, 0xffff, 0xffff, 0xffff, 0xffff, 0xffff, 0xffff, 0xffff, 0xffff, 0xffff, 0xffff, 0xffff, 0xffff,
    0xffff, 0xffff, 0xcefe, 0xc6de, 0xffff, 0xef9f, 0xcefe, 0xbedf, 0xbede, 0xbede, 0xbebf, 0xb6bf, 0xb6de, 0xb6bf, 0xb6bf, 0xb6bf,
    0xb6bf, 0xbebf, 0xb6bf, 0xb6bf, 0xbebf, 0xbebf, 0xbebf, 0xbebf, 0xbedf, 0xbedf, 0xb6bf, 0x9e1e, 0x755c, 0x6d3c, 0x6d3c, 0x651c,
    0x753c, 0x9e3d, 0xc6ff, 0xcf1e, 0xb6be, 0x4c7a, 0x1b57, 0x1337, 0x4c9b, 0x85bd, 0x6499, 0x01cf, 0x5417, 0x9e3e, 0x8e1e, 0x4418,
    0x016e, 0x01af, 0x014e, 0xae1a, 0xffff, 0xf7df, 0x6d1b, 0x447b, 0x447b, 0x54db, 0xbede, 0xc6ff, 0xbedf, 0xbedf, 0xbedf, 0xbedf,
    0xbedf, 0xbedf, 0xbedf, 0xbede, 0xc6fe, 0xe79f, 0xe75e, 0xffff, 0xffff, 0xf7df, 0xf7df, 0xffff, 0xffff, 0xffff, 0xffff, 0xffff,
    0xffff, 0xffff, 0xffff, 0xffff, 0xffff, 0xf7bf, 0xffff, 0xcf1e, 0xb6be, 0xbedf, 0xbedf, 0xbedf, 0x8e1d, 0x64fc, 0x3c5b, 0x549b,
    0x85de, 0xae5e, 0xd73e, 0xf7df, 0xffff, 0xf7df, 0xbebe, 0x963e, 0x6d3c, 0x653d, 0x6d3c, 0x6d3c, 0x6d1d, 0x653c, 0x653d, 0x651c,
    0x755c, 0x85bd, 0xae9e, 0xbedf, 0xb6bf, 0xb6bf, 0xbedf, 0xbedf, 0xbedf, 0xbedf, 0xbedf, 0xbedf, 0xbebf, 0xbebf, 0xb6bf, 0xb6be,
    0xb6be, 0xbedf, 0xbedf, 0x7d5b, 0x85bc, 0xc6ff, 0xc6df, 0xc6df, 0xbeff, 0xbedf, 0xc71f, 0x64db, 0x33fa, 0x443a, 0x33d8, 0x0a11,
    0x018e, 0x016e, 0x8d7a, 0xbeff, 0xdf5e, 0xffff, 0xdf3e, 0xbedf, 0xc6ff, 0xc6df, 0xc6ff, 0xb69f, 0xae9e, 0xae9f, 0xb69f, 0xbedf,
    0xaebf, 0x757c, 0xb6bf, 0xbede, 0xbede, 0xf7df, 0xffff, 0xe77f, 0xbede, 0xa65e, 0x54db, 0x445b, 0x447b, 0x447b, 0x447b, 0x447b,
    0x447b, 0x4c7b, 0x447b, 0x4c7b, 0x4c7b, 0x447b, 0x6d3c, 0xbedf, 0xbebe, 0xe77e, 0xffff, 0xdf7e, 0x4c38, 0x018f, 0x018e, 0x018e,
    0x016d, 0x2315, 0x8dfe, 0xc6ff, 0xc6df, 0x9e3e, 0x4c7a, 0x33fa, 0x341a, 0x33fa, 0x3c3a, 0x85bd, 0x4c9a, 0x2bfa, 0x343a, 0x1af4,
    0x016d, 0x016d, 0x0a31, 0x341a, 0x343b, 0x1293, 0x014d, 0x018e, 0x018e, 0x12b5, 0x447c, 0x2b77, 0x09f0, 0x4c7b, 0x0a94, 0x5cbb,
    0x651c, 0x757d, 0x85de, 0x09ae, 0xac2e, 0xfe30, 0xfdaf, 0xfd8e, 0xfe94, 0xff78, 0xff57, 0xff58, 0xff58, 0xff58, 0xff58, 0xff58,
    0xff58, 0xff58, 0xff58, 0xff58, 0xff58, 0xff58, 0xff57, 0xff57, 0xff57, 0xffdc, 0xff9a, 0xff58, 0xffdc, 0xffff, 0xff9b, 0xff9a,
    0xffff, 0xffff, 0xffff, 0xffff, 0xffff, 0xffff, 0xffff, 0xffff, 0xffff, 0xffff, 0xffff, 0xffff, 0xffff, 0xffff, 0xffff, 0xffff,
    0xffff, 0xffff, 0xffff, 0xffff, 0xffff, 0xffff, 0xffff, 0xffff, 0xffff, 0xffff, 0xffff, 0xffff, 0xffff, 0xffff, 0xffff, 0xffff,
    0xffff, 0xffff, 0xffff, 0xffff, 0xffff, 0xffff, 0xffff, 0xffff, 0xffff, 0xffff, 0xffff, 0xffff, 0xffff, 0xffff, 0xffff, 0xffff,
    0xffff, 0xffff, 0xffff, 0xffff, 0xffff, 0xffff, 0xffff, 0xffff, 0xffff, 0xffff, 0xffff, 0xffff, 0xffff, 0xffff, 0xffff, 0xffff,
    0xffff, 0xffff, 0xef9f, 0xef9f, 0xffff, 0xf7df, 0xd73f, 0xb6bf, 0xd73f, 0xefbf, 0xbebf, 0xb6bf, 0xb6bf, 0xb6bf, 0xb6bf, 0xb6bf,
    0xb6bf, 0xb6bf, 0xb6bf, 0xb6bf, 0xb6bf, 0xb6bf, 0xbebf, 0xbebf, 0xbebf, 0xbedf, 0xb6be, 0x961d, 0x7d9d, 0x6d3c, 0x6d3c, 0x651c,
    0x443a, 0x755c, 0xbedf, 0xc6ff, 0xc6ff, 0x6d3b, 0x23b9, 0x1358, 0x3c3a, 0x7d9d, 0x755c, 0x018e, 0x4bd6, 0x963e, 0x95fd, 0x3bf9,
    0x0190, 0x09ae, 0x014d, 0xadfa, 0xffff, 0xf7df, 0x6d1b, 0x447b, 0x447b, 0x54db, 0xbedf, 0xc6ff, 0xbeff, 0xbedf, 0xbedf, 0xbedf,
    0xbedf, 0xbedf, 0xbedf, 0xbedf, 0xbedf, 0xb6be, 0xbe9e, 0xf7df, 0xffff, 0xd73e, 0xd71e, 0xffff, 0xffff, 0xffff, 0xffff, 0xffff,
    0xffff, 0xffff, 0xffff, 0xffff, 0xffff, 0xffff, 0xe77f, 0xb6be, 0xb6bf, 0xbedf, 0xbede, 0xc6ff, 0x9e1d, 0x651c, 0x4c9b, 0x3c5a,
    0x54bb, 0xa65e, 0xae7e, 0xefbf, 0xffff, 0xffdf, 0xd75e, 0xa65e, 0x6d1c, 0x6d3d, 0x6d3d, 0x6d3d, 0x651d, 0x653c, 0x6d1c, 0x651c,
    0x651c, 0x64fc, 0x6d3c, 0xae9f, 0xbeff, 0xbede, 0xb6de, 0xb6df, 0xbedf, 0xbedf, 0xbedf, 0xb6df, 0xbedf, 0xbebf, 0xbebf, 0xb6be,
    0xb6be, 0xb6bf, 0xb6bf, 0xae9e, 0xae9e, 0xbedf, 0xbede, 0xbede, 0xc6ff, 0xbedf, 0x64fb, 0x445a, 0x3c1a, 0x445b, 0x22f4, 0x016e,
    0x01ce, 0x012d, 0x8d7a, 0xc71f, 0xdf5e, 0xffff, 0xdf7f, 0xd75e, 0xe7bf, 0xd73f, 0xbedf, 0xb6bf, 0xb6bf, 0xb6bf, 0xb69e, 0xbedf,
    0xb6bf, 0x757c, 0xb6bf, 0xbedf, 0xc6fe, 0xf7df, 0xffff, 0xf7df, 0xdf7f, 0xbebf, 0x5cdb, 0x445b, 0x4c7b, 0x447b, 0x447b, 0x447b,
    0x447b, 0x447b, 0x4c7b, 0x447b, 0x4c9b, 0x4c9b, 0x755c, 0xbedf, 0xb69e, 0xe77f, 0xffff, 0xefbf, 0x859c, 0x2316, 0x0a10, 0x016e,
    0x016e, 0x0a10, 0x751b, 0xae9e, 0xbeff, 0xae7e, 0x651c, 0x33fa, 0x341a, 0x33f9, 0x445a, 0x7dbe, 0x7d9d, 0x5cdb, 0x2c1b, 0x2315,
    0x014d, 0x016d, 0x01af, 0x2bb8, 0x341b, 0x12b4, 0x016d, 0x018e, 0x016d, 0x1af5, 0x2bfa, 0x0a11, 0x2b77, 0x445a, 0x0a32, 0x5cbb,
    0x651c, 0x7d9d, 0x85dd, 0x09ce, 0xa42e, 0xfdef, 0xfd8f, 0xfd8f, 0xfe93, 0xff78, 0xff58, 0xff58, 0xff58, 0xff58, 0xff58, 0xff58,
    0xff58, 0xff58, 0xff58, 0xff58, 0xff58, 0xff58, 0xff58, 0xff58, 0xff57, 0xff57, 0xff7a, 0xffff, 0xfffe, 0xff9a, 0xffbb, 0xffff,
    0xffbb, 0xffbc, 0xffff, 0xffff, 0xffff, 0xffff, 0xffff, 0xffff, 0xffff, 0xffff, 0xffff, 0xffff, 0xffff, 0xffff, 0xffff, 0xffff,
    0xffff, 0xffff, 0xffff, 0xffff, 0xffff, 0xffff, 0xffff, 0xffff, 0xffff, 0xffff, 0xffff, 0xffff, 0xffff, 0xffff, 0xffff, 0xffff,
    0xffff, 0xffff, 0xffff, 0xffff, 0xffff, 0xffff, 0xffff, 0xffff, 0xffff, 0xffff, 0xffff, 0xffff, 0xffff, 0xffff, 0xffff, 0xffff,
    0xffff, 0xffff, 0xffff, 0xffff, 0xffff, 0xffff, 0xffff, 0xffff, 0xffff, 0xffff, 0xffff, 0xffff, 0xffff, 0xffff, 0xffff, 0xffff,
    0xffff, 0xffff, 0xffff, 0xffff, 0xffff, 0xffff, 0xe77e, 0xb6be, 0xcf1f, 0xcefe, 0xb6be, 0xbebe, 0xbedf, 0xbede, 0xb6bf, 0xb6bf,
    0xb6bf, 0xb6bf, 0xb6bf, 0xb6bf, 0xb6bf, 0xbebf, 0xbebf, 0xbebf, 0xbebf, 0xb6df, 0xb6bf, 0xc71f, 0x9e3e, 0x6d3c, 0x6d3c, 0x6d1c,
    0x447b, 0x4c7a, 0x95fd, 0xcf3f, 0xcf1f, 0xc6ff, 0x4c7a, 0x1358, 0x0ab5, 0x3c1a, 0x753c, 0x016e, 0x4bd5, 0x963e, 0x8dfd, 0x4cbb,
    0x0a53, 0x01ae, 0x014d, 0xadf9, 0xffff, 0xf7df, 0x6d1b, 0x447b, 0x4c7b, 0x54bb, 0xa67e, 0xa67e, 0xae9e, 0xbedf, 0xbedf, 0xbedf,
    0xbedf, 0xbedf, 0xbede, 0xbedf, 0xbedf, 0xbede, 0xefdf, 0xffff, 0xf7bf, 0xcf3e, 0xdf5f, 0xffff, 0xffff, 0xffff, 0xffff, 0xffff,
    0xffff, 0xffff, 0xffff, 0xffff, 0xffff, 0xffff, 0xe79f, 0xc6fe, 0xcf1f, 0xbebf, 0xb6df, 0xbedf, 0xae7e, 0x7d9d, 0x64fc, 0x447b,
    0x449b, 0x7d7d, 0xa65e, 0xef9f, 0xffff, 0xffff, 0xef9e, 0xbebe, 0x8ddd, 0x6d5c, 0x651d, 0x653d, 0x653c, 0x6d3c, 0x653c, 0x651c,
    0x651c, 0x653c, 0x651c, 0x7d7d, 0x7d9d, 0x8dfd, 0xbedf, 0xb6bf, 0xbedf, 0xbedf, 0xb6df, 0xb6df, 0xb6df, 0xbebf, 0xbebf, 0xb6bf,
    0xb6be, 0xb6bf, 0xb6df, 0xbedf, 0xbedf, 0xbebe, 0xd71f, 0xd73f, 0xc6df, 0xb6df, 0x445a, 0x3c1a, 0x3c3a, 0x445b, 0x2315, 0x016e,
    0x01cf, 0x2315, 0x95fc, 0xc6ff, 0xdf5e, 0xffff, 0xffff, 0xffff, 0xd73e, 0xbede, 0xc6df, 0xbedf, 0xbede, 0xbedf, 0xbedf, 0xbedf,
    0xbedf, 0x961d, 0xbedf, 0xbedf, 0xc6de, 0xf7ff, 0xffff, 0xffff, 0xe79f, 0xb6be, 0x5cdb, 0x447b, 0x4c9b, 0x447b, 0x447b, 0x447b,
    0x447b, 0x4c7b, 0x4c7b, 0x449b, 0x447b, 0x4c9b, 0x6d3c, 0xb6bf, 0xb6bf, 0xd73f, 0xffff, 0xf7df, 0xbebd, 0x7d5c, 0x2ad3, 0x014d,
    0x018e, 0x014d, 0x2b36, 0x6d5c, 0xc71f, 0x9e5e, 0x5cdc, 0x2bfa, 0x341a, 0x33fa, 0x341a, 0x443a, 0x7d9d, 0x5cdb, 0x343b, 0x2336,
    0x014d, 0x018e, 0x014d, 0x0a32, 0x341a, 0x12b4, 0x018e, 0x018e, 0x014d, 0x1b16, 0x23ba, 0x1231, 0x549c, 0x441a, 0x0a32, 0x54bb,
    0x651c, 0x7d9d, 0x85dd, 0x09ce, 0xa42e, 0xfdef, 0xfdae, 0xfdcf, 0xfdd0, 0xfe73, 0xff78, 0xff58, 0xff58, 0xff58, 0xff58, 0xff58,
    0xff58, 0xff58, 0xff58, 0xff58, 0xff58, 0xff58, 0xff58, 0xff57, 0xff58, 0xff57, 0xff58, 0xff79, 0xff37, 0xff58, 0xffdd, 0xffbc,
    0xff99, 0xffdd, 0xffff, 0xffff, 0xffff, 0xffff, 0xffff, 0xffff, 0xffff, 0xffff, 0xffff, 0xffff, 0xffff, 0xffff, 0xffff, 0xffff,
    0xffff, 0xffff, 0xffff, 0xffff, 0xffff, 0xffff, 0xffff, 0xffff, 0xffff, 0xffff, 0xffff, 0xffff, 0xffff, 0xffff, 0xffff, 0xffff,
    0xffff, 0xffff, 0xffff, 0xffff, 0xffff, 0xffff, 0xffff, 0xffff, 0xffff, 0xffff, 0xffff, 0xffff, 0xffff, 0xffff, 0xffff, 0xffff,
    0xffff, 0xffff, 0xffff, 0xffff, 0xffff, 0xffff, 0xffff, 0xffff, 0xffff, 0xffff, 0xffff, 0xffff, 0xffff, 0xffff, 0xffff, 0xffff,
    0xffff, 0xffff, 0xffff, 0xffff, 0xffff, 0xffff, 0xf7df, 0xe79f, 0xc6fe, 0xdf5e, 0xefbf, 0xdf5f, 0xc71f, 0xb6be, 0xb6bf, 0xb6bf,
    0xb6bf, 0xbebf, 0xb6bf, 0xb6bf, 0xbebf, 0xbebf, 0xbebf, 0xbebf, 0xbebf, 0xb6be, 0xb6df, 0xae7e, 0x85bd, 0x6d3c, 0x6d3c, 0x6d3c,
    0x5d1c, 0x3c5a, 0x5cdb, 0x95fc, 0xbede, 0xcf3f, 0x755c, 0x33fa, 0x1b78, 0x343a, 0x757d, 0x22b2, 0x53f6, 0x9e7f, 0x8ddd, 0x653c,
    0x12d4, 0x018e, 0x014d, 0xb61a, 0xffff, 0xffff, 0x6d1b, 0x447b, 0x4c9b, 0x54bb, 0x8ddd, 0x85bd, 0x9e1e, 0xbeff, 0xbedf, 0xbedf,
    0xbedf, 0xbedf, 0xbedf, 0xbedf, 0xbedf, 0xbede, 0xdf7f, 0xffdf, 0xe75e, 0xefbf, 0xefbf, 0xcf1d, 0xf7df, 0xffff, 0xffff, 0xffff,
    0xffff, 0xffff, 0xffff, 0xffff, 0xffff, 0xffff, 0xffff, 0xffff, 0xe79f, 0xb6bf, 0xbede, 0xbebf, 0xbedf, 0x8ddd, 0x755c, 0x54bc,
    0x3c3a, 0x5cdc, 0x961d, 0xc6de, 0xf7df, 0xffff, 0xffff, 0xef9f, 0xbebe, 0x95fd, 0x7d9d, 0x6d3d, 0x6d3c, 0x653c, 0x651c, 0x651c,
    0x651c, 0x651c, 0x651c, 0x651c, 0x64fc, 0x653c, 0x9e3e, 0xbedf, 0xbedf, 0xbedf, 0xbebf, 0xbebf, 0xb6df, 0xbebf, 0xbebf, 0xbebf,
    0xbebf, 0xbebe, 0xbedf, 0xbedf, 0xbede, 0xbebe, 0xe79f, 0xe79f, 0xbedf, 0xbedf, 0x4c7a, 0x3c3a, 0x3c3a, 0x445b, 0x2315, 0x016d,
    0x09f0, 0x445b, 0x9e3e, 0xbedf, 0xdf5f, 0xffff, 0xffff, 0xf7df, 0xdf5f, 0xd73f, 0xbedf, 0xbedf, 0xbedf, 0xc6df, 0xc6ff, 0xbedf,
    0xc6df, 0xbeff, 0xbedf, 0xbede, 0xc6de, 0xefbf, 0xffff, 0xffff, 0xffff, 0xb6be, 0x8dfd, 0x85dd, 0x4c9b, 0x447b, 0x447b, 0x447b,
    0x447b, 0x54bb, 0x54dc, 0x4c7b, 0x7dbd, 0x757d, 0x6d3c, 0xae9e, 0xbedf, 0xbede, 0xffdf, 0xffff, 0xdf5e, 0xa65f, 0x3b33, 0x014d,
    0x018e, 0x016d, 0x1a94, 0x755c, 0xc71f, 0xa67e, 0x6d3c, 0x33fa, 0x33fa, 0x33fa, 0x2bf9, 0x445a, 0x757d, 0x64fb, 0x651c, 0x3376,
    0x012d, 0x018e, 0x016d, 0x01cf, 0x2bd9, 0x2bb9, 0x09cf, 0x016e, 0x016d, 0x1293, 0x2b98, 0x1252, 0x4c9b, 0x441a, 0x0a11, 0x54bb,
    0x651d, 0x7d9d, 0x85de, 0x09ce, 0xa42e, 0xfdef, 0xfdaf, 0xfdcf, 0xfdae, 0xfe32, 0xff77, 0xff58, 0xff58, 0xff58, 0xff58, 0xff58,
    0xff58, 0xff58, 0xff58, 0xff58, 0xff58, 0xff58, 0xff58, 0xff58, 0xff57, 0xff57, 0xff57, 0xff57, 0xff9a, 0xffdc, 0xffde, 0xff58,
    0xffbd, 0xffff, 0xffff, 0xffff, 0xffff, 0xffff, 0xffff, 0xffff, 0xffff, 0xffff, 0xffff, 0xffff, 0xffff, 0xffff, 0xffff, 0xffff,
    0xffff, 0xffff, 0xffff, 0xffff, 0xffff, 0xffff, 0xffff, 0xffff, 0xffff, 0xffff, 0xffff, 0xffff, 0xffff, 0xffff, 0xffff, 0xffff,
    0xffff, 0xffff, 0xffff, 0xffff, 0xffff, 0xffff, 0xffff, 0xffff, 0xffff, 0xffff, 0xffff, 0xffff, 0xffff, 0xffff, 0xffff, 0xffff,
    0xffff, 0xffff, 0xffff, 0xffff, 0xffff, 0xffff, 0xffff, 0xffff, 0xffff, 0xffff, 0xffff, 0xffff, 0xffff, 0xffff, 0xffff, 0xffff,
    0xffff, 0xffff, 0xffff, 0xffff, 0xffff, 0xffff, 0xffff, 0xffdf, 0xc6de, 0xe77f, 0xffff, 0xd73f, 0xd75f, 0xcf1f, 0xc6df, 0xb6be,
    0xb6bf, 0xbebf, 0xb6df, 0xb6bf, 0xbebf, 0xbebf, 0xbedf, 0xbebf, 0xbebf, 0xb6bf, 0xb6df, 0x9e3e, 0x757c, 0x6d3c, 0x6d5c, 0x755c,
    0x6d3c, 0x64fc, 0x4c9b, 0x33f9, 0x9e1d, 0xcf3f, 0xb6bf, 0x653c, 0x1316, 0x1b16, 0x6d5d, 0x755c, 0x43b6, 0x53f7, 0x8e1e, 0x759d,
    0x2b56, 0x016e, 0x014d, 0xadda, 0xffff, 0xf7ff, 0x859c, 0x447b, 0x4c9b, 0x54bb, 0x85de, 0x85bd, 0x95fd, 0xbedf, 0xbedf, 0xbedf,
    0xbedf, 0xbedf, 0xbedf, 0xbedf, 0xbede, 0xbedf, 0xbebe, 0xefbf, 0xffff, 0xffff, 0xf7df, 0xd73e, 0xf7df, 0xffff, 0xffff, 0xffff,
    0xffff, 0xffff, 0xffff, 0xffff, 0xffff, 0xffff, 0xffff, 0xf7df, 0xc6fe, 0xbedf, 0xbede, 0xbebf, 0xbebf, 0xae9f, 0x961d, 0x54db,
    0x447b, 0x54dc, 0x755c, 0xa67e, 0xcf1e, 0xffff, 0xffff, 0xffff, 0xf7df, 0xc6ff, 0x9e5e, 0x651c, 0x6d3d, 0x653d, 0x653c, 0x651c,
    0x651c, 0x651c, 0x651c, 0x653c, 0x6d3c, 0x64fc, 0x961d, 0xbedf, 0xb6bf, 0xbedf, 0xbebf, 0xbebf, 0xbebf, 0xbebf, 0xbebf, 0xbedf,
    0xb6df, 0xbedf, 0xbedf, 0xbebf, 0xcf1e, 0xf7df, 0xe79f, 0xc6de, 0xc6ff, 0x9e3d, 0x443a, 0x3c3b, 0x3c3a, 0x445b, 0x2315, 0x016d,
    0x09cf, 0x64fb, 0xae9e, 0xbebe, 0xdf5f, 0xffff, 0xffff, 0xf7bf, 0xef9f, 0xdf5f, 0xbebe, 0xc6df, 0xbedf, 0xbedf, 0xbedf, 0xbedf,
    0xbedf, 0xbedf, 0xbedf, 0xbedf, 0xbede, 0xcf1e, 0xffff, 0xffff, 0xffdf, 0xbede, 0xb6bf, 0x961e, 0x549b, 0x4c7b, 0x447b, 0x447b,
    0x447b, 0x4cbb, 0x54dc, 0x4c7b, 0x6d5c, 0x757c, 0xae7e, 0xbedf, 0xb6be, 0xc6de, 0xffff, 0xffff, 0xe79e, 0xbefe, 0x32f2, 0x010c,
    0x018e, 0x016e, 0x014d, 0x7d5b, 0xc6ff, 0xc71f, 0x961e, 0x3c3a, 0x33f9, 0x341a, 0x2bd9, 0x651c, 0x7d9d, 0x5cfb, 0x6d5d, 0x3356,
    0x09af, 0x018e, 0x016e, 0x01ae, 0x2b98, 0x341a, 0x01cf, 0x016d, 0x018e, 0x018e, 0x1252, 0x1252, 0x4cbc, 0x4419, 0x0a11, 0x3c5a,
    0x3c5b, 0x7d9d, 0x85de, 0x09ce, 0xa42e, 0xfe10, 0xfdaf, 0xfdcf, 0xfdaf, 0xfe52, 0xff78, 0xff58, 0xff57, 0xff58, 0xff58, 0xff58,
    0xff58, 0xff58, 0xff58, 0xff58, 0xff58, 0xff58, 0xff58, 0xff58, 0xff57, 0xff57, 0xff58, 0xff58, 0xffdc, 0xff9b, 0xff58, 0xffdd,
    0xffde, 0xfffe, 0xffff, 0xffff, 0xffff, 0xffff, 0xffff, 0xffff, 0xffff, 0xffff, 0xffff, 0xffff, 0xffff, 0xffff, 0xffff, 0xffff,
    0xffff, 0xffff, 0xffff, 0xffff, 0xffff, 0xffff, 0xffff, 0xffff, 0xffff, 0xffff, 0xffff, 0xffff, 0xffff, 0xffff, 0xffff, 0xffff,
    0xffff, 0xffff, 0xffff, 0xffff, 0xffff, 0xffff, 0xffff, 0xffff, 0xffff, 0xffff, 0xffff, 0xffff, 0xffff, 0xffff, 0xffff, 0xffff,
    0xffff, 0xffff, 0xffff, 0xffff, 0xffff, 0xffff, 0xffff, 0xffff, 0xffff, 0xffff, 0xffff, 0xffff, 0xffff, 0xffff, 0xffff, 0xffff,
    0xffff, 0xffff, 0xffff, 0xffff, 0xffff, 0xffff, 0xcefd, 0xefbf, 0xffff, 0xffff, 0xffff, 0xffff, 0xffff, 0xffff, 0xdf7f, 0xb69f,
    0xb6bf, 0xb6be, 0xb6be, 0xb6bf, 0xbedf, 0xbebf, 0xb6df, 0xbedf, 0xbebf, 0xb6be, 0xb6bf, 0xbedf, 0xa67e, 0x961d, 0x757c, 0x755c,
    0x753c, 0x755d, 0x54db, 0x447b, 0x443a, 0xa65d, 0xdf7f, 0x9e3d, 0x2bd8, 0x0a73, 0x547a, 0x755d, 0x22f4, 0x2ad3, 0x8e1e, 0x8dfe,
    0x4c18, 0x018e, 0x014d, 0x8d5a, 0xd75f, 0xffff, 0xae7d, 0x445a, 0x4c9b, 0x54bb, 0x85dd, 0x85bd, 0x8ddd, 0xbedf, 0xbeff, 0xbeff,
    0xbedf, 0xbedf, 0xbedf, 0xbede, 0xbedf, 0xbede, 0xd73e, 0xf7ff, 0xffff, 0xffff, 0xffff, 0xffff, 0xffff, 0xffff, 0xffff, 0xffff,
    0xffff, 0xffff, 0xffff, 0xffff, 0xffff, 0xffff, 0xffff, 0xf7df, 0xbede, 0xb6df, 0xbedf, 0xbebf, 0xb6bf, 0xbeff, 0x8dfd, 0x6d3c,
    0x755d, 0x5cdb, 0x54fc, 0x651c, 0x9e1d, 0xffff, 0xffff, 0xffff, 0xf7df, 0xc6fe, 0xae9e, 0x961e, 0x6d3c, 0x651c, 0x651c, 0x651c,
    0x651c, 0x651c, 0x651c, 0x651c, 0x651c, 0x651c, 0x6d5c, 0x6d5c, 0x859c, 0xbedf, 0xbedf, 0xb6df, 0xbebf, 0xbebf, 0xbebf, 0xbedf,
    0xb6df, 0xbedf, 0xbedf, 0xbede, 0xc6fe, 0xf7df, 0xe79f, 0xc6de, 0xbeff, 0x7d7c, 0x3c1a, 0x3c3a, 0x3c3a, 0x3c7b, 0x2315, 0x016e,
    0x09ce, 0xae5d, 0xc6ff, 0xcf1f, 0xf7df, 0xffff, 0xffff, 0xffff, 0xf7bf, 0xd73f, 0xbede, 0xbede, 0xbede, 0xbedf, 0xc6df, 0xbedf,
    0xbedf, 0xbedf, 0xbedf, 0xbedf, 0xbeff, 0xf7df, 0xffff, 0xffff, 0xffff, 0xd73e, 0xb69e, 0x9e1e, 0x8dde, 0x6d3c, 0x445b, 0x447b,
    0x445b, 0x3c5b, 0x3c3b, 0x651b, 0x5cfc, 0x64fc, 0xb6bf, 0xb6de, 0xb6be, 0xc6df, 0xffff, 0xffff, 0xffff, 0xd77f, 0x6498, 0x11ef,
    0x016d, 0x018e, 0x016e, 0x64ba, 0xc73f, 0xbedf, 0xbedf, 0x651b, 0x2bb9, 0x341a, 0x2bd9, 0x757c, 0x963e, 0x5cdb, 0x651d, 0x4c7a,
    0x3bd8, 0x01ae, 0x018e, 0x016d, 0x2b57, 0x343a, 0x1272, 0x016d, 0x018e, 0x018e, 0x014d, 0x1210, 0x4c9b, 0x3c19, 0x0a31, 0x343a,
    0x3c1b, 0x7dbd, 0x8dfe, 0x11ce, 0xac4e, 0xfe0f, 0xfdaf, 0xfdcf, 0xfdcf, 0xfe10, 0xfeb4, 0xff57, 0xff78, 0xff57, 0xff58, 0xff58,
    0xff58, 0xff58, 0xff58, 0xff58, 0xff58, 0xff58, 0xff58, 0xff58, 0xff58, 0xff57, 0xff57, 0xff58, 0xff57, 0xff58, 0xffdd, 0xffbc,
    0xff58, 0xffbd, 0xffff, 0xffbb, 0xfffe, 0xffff, 0xffff, 0xffff, 0xffff, 0xffff, 0xffff, 0xffff, 0xffff, 0xffff, 0xffff, 0xffff,
    0xffff, 0xffff, 0xffff, 0xffff, 0xffff, 0xffff, 0xffff, 0xffff, 0xffff, 0xffff, 0xffff, 0xffff, 0xffff, 0xffff, 0xffff, 0xffff,
    0xffff, 0xffff, 0xffff, 0xffff, 0xffff, 0xffff, 0xffff, 0xffff, 0xffff, 0xffff, 0xffff, 0xffff, 0xffff, 0xffff, 0xffff, 0xffff,
    0xffff, 0xffff, 0xffff, 0xffff, 0xffff, 0xffff, 0xffff, 0xffff, 0xffff, 0xffff, 0xffff, 0xffff, 0xffff, 0xffff, 0xffff, 0xffff,
    0xffff, 0xffff, 0xffff, 0xffff, 0xffff, 0xffff, 0xf7df, 0xffff, 0xffff, 0xffff, 0xffff, 0xffff, 0xffff, 0xffff, 0xe79f, 0xbede,
    0xc71f, 0xe77f, 0xdf5e, 0xbebe, 0xb6bf, 0xb6bf, 0xbebe, 0xbedf, 0xbebf, 0xb6bf, 0xbebf, 0xbebe, 0xbedf, 0xb6bf, 0x755c, 0x6d5d,
    0x755c, 0x755c, 0x5cdb, 0x3c5b, 0x3c3a, 0x755c, 0xbebe, 0xbebf, 0x757d, 0x1af5, 0x0211, 0x651c, 0x2af4, 0x3314, 0x8e1e, 0x85bd,
    0x5cfb, 0x1272, 0x012c, 0x7d3a, 0xcf1f, 0xffff, 0xb69e, 0x4c9b, 0x4c9b, 0x54bb, 0x859d, 0x7dbd, 0x8dfd, 0xbedf, 0xbeff, 0xbeff,
    0xbedf, 0xbedf, 0xbedf, 0xbefe, 0xbebe, 0xc6de, 0xf7ff, 0xffff, 0xffff, 0xffff, 0xf7bf, 0xc6dd, 0xf7df, 0xffff, 0xffff, 0xffff,
    0xffff, 0xffff, 0xffff, 0xffff, 0xffff, 0xffff, 0xffff, 0xf7df, 0xc6fe, 0xc6fe, 0xbedf, 0xbedf, 0xbebf, 0xbedf, 0xa65e, 0x961d,
    0x7d7d, 0x5cdc, 0x5cfc, 0x5cfc, 0x85bd, 0xb6be, 0xefbf, 0xffff, 0xffff, 0xf7bf, 0xb6be, 0xae9f, 0x755c, 0x6d3c, 0x651c, 0x651c,
    0x651c, 0x6d1c, 0x653c, 0x6d3c, 0x755c, 0x6d5c, 0x8ddd, 0xa67e, 0xae7e, 0xbedf, 0xbedf, 0xbedf, 0xbedf, 0xbebf, 0xbebf, 0xbedf,
    0xb6bf, 0xb6bf, 0xb6be, 0xd73e, 0xf7df, 0xf7bf, 0xcf1e, 0xc6ff, 0xae7e, 0x4c9b, 0x3c5b, 0x3c3a, 0x3c3a, 0x447b, 0x2315, 0x016e,
    0x09cf, 0xa63d, 0xc6ff, 0xd71e, 0xd73e, 0xe77f, 0xffff, 0xffff, 0xffff, 0xe79f, 0xbebe, 0xd73f, 0xe79f, 0xdf5f, 0xbedf, 0xbedf,
    0xbedf, 0xbedf, 0xbeff, 0xbeff, 0xc6fe, 0xe77e, 0xefbf, 0xffff, 0xffff, 0xdf3e, 0xae7e, 0xae7e, 0xb6be, 0x8dfd, 0x4c7b, 0x4cbb,
    0x4c9b, 0x4c9b, 0x445a, 0x8dfd, 0xae9f, 0x9e1d, 0xb6be, 0xb6be, 0xb6be, 0xb6be, 0xdf5e, 0xffff, 0xffff, 0xdf5e, 0xb6df, 0x3b34,
    0x012d, 0x018e, 0x016e, 0x4c39, 0x8dfd, 0xbedf, 0xc71f, 0x757b, 0x2bda, 0x341a, 0x2bd9, 0x7d5c, 0xa65e, 0x6d3c, 0x5cfb, 0x5d1c,
    0x4c5a, 0x018e, 0x018e, 0x014d, 0x2336, 0x343b, 0x3397, 0x018e, 0x016e, 0x016e, 0x018e, 0x016d, 0x3bd8, 0x3c19, 0x09f0, 0x3c3a,
    0x3c3a, 0x85bd, 0x8dfe, 0x098d, 0x9c2e, 0xfe30, 0xfdcf, 0xfdcf, 0xfdcf, 0xfdcf, 0xfdf0, 0xff57, 0xff58, 0xff57, 0xff58, 0xff58,
    0xff58, 0xff58, 0xff58, 0xff58, 0xff58, 0xff58, 0xff58, 0xff58, 0xff58, 0xff57, 0xff57, 0xff57, 0xff57, 0xff78, 0xffbc, 0xff58,
    0xff78, 0xffdc, 0xffbc, 0xff58, 0xffdd, 0xffff, 0xffff, 0xffff, 0xffff, 0xffff, 0xffff, 0xffff, 0xffff, 0xffff, 0xffff, 0xffff,
    0xffff, 0xffff, 0xffff, 0xffff, 0xffff, 0xffff, 0xffff, 0xffff, 0xffff, 0xffff, 0xffff, 0xffff, 0xffff, 0xffff, 0xffff, 0xffff,
    0xffff, 0xffff, 0xffff, 0xffff, 0xffff, 0xffff, 0xffff, 0xffff, 0xffff, 0xffff, 0xffff, 0xffff, 0xffff, 0xffff, 0xffff, 0xffff,
    0xffff, 0xffff, 0xffff, 0xffff, 0xffff, 0xffff, 0xffff, 0xffff, 0xffff, 0xffff, 0xffff, 0xffff, 0xffff, 0xffff, 0xffff, 0xffff,
    0xffff, 0xffff, 0xffff, 0xffff, 0xffff, 0xffff, 0xffff, 0xffff, 0xffff, 0xffff, 0xffff, 0xffff, 0xffff, 0xffff, 0xffff, 0xefbf,
    0xcf1e, 0xffff, 0xffff, 0xbebd, 0xb6bf, 0xb6be, 0xbede, 0xbede, 0xb6df, 0xbedf, 0xbebf, 0xb6df, 0xb6bf, 0xb6bf, 0x9e3d, 0x757d,
    0x755c, 0x7d7c, 0x5cfc, 0x3c5b, 0x447b, 0x3c3a, 0x755c, 0xbede, 0x9e3e, 0x1ad5, 0x0232, 0x653c, 0x2b14, 0x3334, 0x8e1e, 0x85bd,
    0x64fc, 0x1252, 0x012c, 0x7d3a, 0xcf1f, 0xffff, 0xbebe, 0x5cfc, 0x4cbb, 0x4cbc, 0x651c, 0x85bd, 0x8ddd, 0xbedf, 0xbedf, 0xbeff,
    0xbeff, 0xbeff, 0xbedf, 0xd73e, 0xffff, 0xefbf, 0xbede, 0xef9f, 0xffff, 0xe77f, 0xdf7f, 0xef9f, 0xffff, 0xffff, 0xffff, 0xffff,
    0xffff, 0xffff, 0xffff, 0xffff, 0xffff, 0xffff, 0xffff, 0xf7df, 0xdf7f, 0xf7df, 0xcf1e, 0xb6bf, 0xbedf, 0xbedf, 0xbeff, 0xae9e,
    0x757d, 0x5cfc, 0x5d1c, 0x5cfc, 0x757d, 0x9e3e, 0xefbf, 0xffff, 0xffff, 0xffff, 0xdf5f, 0xae9e, 0xb6bf, 0x8dfd, 0x64fc, 0x6d3d,
    0x651c, 0x6d5c, 0x759d, 0x8dfd, 0xbedf, 0xb6bf, 0xbedf, 0xbedf, 0xbedf, 0xbedf, 0xbedf, 0xbedf, 0xbedf, 0xbedf, 0xbedf, 0xbebf,
    0xbede, 0xc6fe, 0xc6de, 0xe77e, 0xffff, 0xffff, 0xef9f, 0xc6ff, 0xae7e, 0x3c3a, 0x3c5a, 0x445b, 0x3c3a, 0x447b, 0x2336, 0x014d,
    0x1231, 0xae9e, 0xc6fe, 0xffdf, 0xe77f, 0xd73f, 0xffff, 0xffff, 0xe77f, 0xd73e, 0xefbf, 0xcf1e, 0xffff, 0xefbf, 0xbede, 0xbedf,
    0xbedf, 0xbedf, 0xbedf, 0xd73f, 0xe79f, 0xae9e, 0xdf7f, 0xffff, 0xffff, 0xdf5e, 0xbede, 0xae9e, 0xae7e, 0xae9e, 0xa67e, 0xa65e,
    0xa65f, 0xa65e, 0x9e7f, 0xae7e, 0xb69e, 0xb6be, 0xb6bf, 0xb6bf, 0xb6be, 0xb6be, 0xd75f, 0xffff, 0xffff, 0xffdf, 0xc6fe, 0x64da,
    0x0a31, 0x018e, 0x01ae, 0x1293, 0x3c39, 0xc71f, 0xb6df, 0xb6bf, 0x5cfb, 0x33fa, 0x2bfa, 0x757c, 0xbedf, 0xae9f, 0x8ddd, 0x5cdc,
    0x4c59, 0x016d, 0x018e, 0x018e, 0x2356, 0x343b, 0x33f9, 0x09f0, 0x018e, 0x018e, 0x018e, 0x016d, 0x3bd8, 0x445a, 0x22d4, 0x3c5b,
    0x3c5b, 0x85dd, 0x8dfd, 0x3354, 0x2a4f, 0xb46f, 0xfe10, 0xfdcf, 0xfdd0, 0xfdd0, 0xfdf0, 0xf611, 0xfef6, 0xff78, 0xff58, 0xff58,
    0xff58, 0xff78, 0xff58, 0xff58, 0xff58, 0xff58, 0xff58, 0xff58, 0xff58, 0xff58, 0xff58, 0xff57, 0xff57, 0xff57, 0xff57, 0xff58,
    0xfffd, 0xff59, 0xff79, 0xfffe, 0xff9a, 0xfffe, 0xffff, 0xffff, 0xffff, 0xffff, 0xffff, 0xffff, 0xffff, 0xffff, 0xffff, 0xffff,
    0xffff, 0xffff, 0xffff, 0xffff, 0xffff, 0xffff, 0xffff, 0xffff, 0xffff, 0xffff, 0xffff, 0xffff, 0xffff, 0xffff, 0xffff, 0xffff,
    0xffff, 0xffff, 0xffff, 0xffff, 0xffff, 0xffff, 0xffff, 0xffff, 0xffff, 0xffff, 0xffff, 0xffff, 0xffff, 0xffff, 0xffff, 0xffff,
    0xffff, 0xffff, 0xffff, 0xffff, 0xffff, 0xffff, 0xffff, 0xffff, 0xffff, 0xffff, 0xffff, 0xffff, 0xffff, 0xffff, 0xffff, 0xffff,
    0xffff, 0xffff, 0xffff, 0xffff, 0xffff, 0xffff, 0xffff, 0xffff, 0xffff, 0xffff, 0xffff, 0xffff, 0xffff, 0xffff, 0xffff, 0xffdf,
    0xe75e, 0xf7df, 0xffff, 0xf7df, 0xf7df, 0xf7df, 0xf7df, 0xdf5f, 0xb69e, 0xb6be, 0xb6be, 0xb6be, 0xb69e, 0xb6be, 0xb6bf, 0x753b,
    0x651c, 0x6d3c, 0x54db, 0x2bf9, 0x445a, 0x651c, 0x4c7a, 0x753b, 0x9e3e, 0x2b97, 0x01d2, 0x3bf9, 0x1293, 0x2ad3, 0x85fe, 0x7d9c,
    0x4cbb, 0x12f6, 0x0212, 0x7d3a, 0xc6ff, 0xffff, 0xc6de, 0x755c, 0x445b, 0x447b, 0x5cdb, 0x9e5e, 0xb69e, 0xbebe, 0xbebe, 0xbede,
    0xbede, 0xbede, 0xbedf, 0xc6fe, 0xe77e, 0xffff, 0xdf5e, 0xf7bf, 0xf7bf, 0xdf5f, 0xe79f, 0xffff, 0xef9f, 0xefbf, 0xffff, 0xffff,
    0xffff, 0xffff, 0xffff, 0xffff, 0xffff, 0xffff, 0xffff, 0xffff, 0xffff, 0xdf5e, 0xdf7f, 0xd73e, 0xb69e, 0xb6be, 0xb6be, 0x9e3e,
    0x7d7c, 0x54db, 0x54db, 0x5cdb, 0x5cfb, 0x6d3c, 0xcf1e, 0xf7df, 0xffff, 0xffff, 0xffff, 0xdf5e, 0xae7e, 0xa65e, 0x961e, 0x755c,
    0x85dd, 0x757d, 0x64fb, 0xa65e, 0xb6bf, 0xb6be, 0xb6be, 0xb6be, 0xb6bf, 0xb6be, 0xb6be, 0xb6be, 0xb6be, 0xb6be, 0xb6be, 0xb69e,
    0xe77f, 0xffff, 0xffff, 0xffff, 0xefbf, 0xcf1e, 0xc6de, 0xbedf, 0xa65d, 0x33f9, 0x341a, 0x33fa, 0x33f9, 0x3c3a, 0x1ab4, 0x01d0,
    0x2b57, 0xae7e, 0xc6de, 0xffff, 0xf7df, 0xefbf, 0xffff, 0xf7df, 0xd71e, 0xcf1e, 0xcf1e, 0xc6de, 0xf7ff, 0xef9f, 0xbebe, 0xbede,
    0xbede, 0xbede, 0xbebe, 0xbede, 0xbede, 0xcf1f, 0xf7df, 0xffff, 0xffff, 0xf7df, 0xd75f, 0xae7e, 0xa67e, 0xa67e, 0xae7e, 0xae7e,
    0xa67e, 0xa67e, 0xae7e, 0xae7e, 0xae7e, 0xae7e, 0xae9e, 0xae9e, 0xb69e, 0xb69e, 0xb69e, 0xcf1d, 0xffff, 0xffdf, 0xe79f, 0x757c,
    0x01f1, 0x00ec, 0x010c, 0x016e, 0x5cfb, 0xa67e, 0xbebf, 0xbeff, 0x5cda, 0x23b9, 0x2399, 0x6d1b, 0xb69e, 0xae9e, 0x961d, 0x4c9a,
    0x443a, 0x1a93, 0x01af, 0x010d, 0x1b16, 0x2bfa, 0x445b, 0x09f0, 0x010c, 0x014d, 0x014d, 0x012d, 0x2b77, 0x3c3b, 0x3c1a, 0x33fa,
    0x33fa, 0x85bd, 0x961d, 0x7dfe, 0x01d0, 0x6b0c, 0xfe10, 0xf5af, 0xfdcf, 0xfdcf, 0xfdcf, 0xfdaf, 0xfe11, 0xfeb4, 0xff57, 0xff57,
    0xff57, 0xff57, 0xff57, 0xff57, 0xff57, 0xff57, 0xff57, 0xff57, 0xff57, 0xff57, 0xff57, 0xff57, 0xff57, 0xff57, 0xff57, 0xff57,
    0xff79, 0xff37, 0xff58, 0xff9b, 0xff78, 0xff9b, 0xffdd, 0xffff, 0xffff, 0xffff, 0xffff, 0xffff, 0xffff, 0xffff, 0xffff, 0xffff,
    0xffff, 0xffff, 0xffff, 0xffff, 0xffff, 0xffff, 0xffff, 0xffff, 0xffff, 0xffff, 0xffff, 0xffff, 0xffff, 0xffff, 0xffff, 0xffff,
    0xffff, 0xffff, 0xffff, 0xffff, 0xffff, 0xffff, 0xffff, 0xffff, 0xffff, 0xffff, 0xffff, 0xffff, 0xffff, 0xffff, 0xffff, 0xffff,
    0xffff, 0xffff, 0xffff, 0xffff, 0xffff, 0xffff, 0xffff, 0xffff, 0xffff, 0xffff, 0xffff, 0xffff, 0xffff, 0xffff, 0xffff, 0xffff,
    0xffff, 0xffff, 0xffff, 0xffff, 0xffff, 0xffff, 0xffff, 0xffff, 0xffff, 0xffff, 0xffff, 0xffff, 0xffff, 0xffff, 0xffff, 0xffff,
    0xffff, 0xffff, 0xffff, 0xffff, 0xffff, 0xffff, 0xffff, 0xf7df, 0xdf7e, 0xe79f, 0xe77f, 0xe77f, 0xe77f, 0xe77f, 0xdf7f, 0xc6fd,
    0xc6fd, 0xc6fd, 0xbefd, 0xb69c, 0xbebd, 0xcf1e, 0xbebd, 0xcefd, 0xdf5e, 0xb69d, 0x959a, 0x9dba, 0x9dba, 0xae1b, 0xcf3e, 0xcf1e,
    0xb69d, 0xa63c, 0xa61b, 0xcf1d, 0xef9f, 0xffff, 0xef9f, 0xcf1e, 0xb69d, 0xb6bd, 0xbebd, 0xdf7f, 0xefbf, 0xe79f, 0xe79f, 0xe79f,
    0xe79f, 0xe79f, 0xe79f, 0xe77f, 0xe77e, 0xffff, 0xffff, 0xffff, 0xef9e, 0xffff, 0xffff, 0xffff, 0xf7bf, 0xf7df, 0xffff, 0xffff,
    0xffff, 0xffff, 0xffff, 0xffff, 0xffff, 0xffff, 0xffff, 0xffff, 0xffff, 0xefbf, 0xffff, 0xf7df, 0xe77f, 0xe79f, 0xe77f, 0xe79f,
    0xd73e, 0xbebd, 0xbedd, 0xbedd, 0xbedd, 0xc6fd, 0xd75e, 0xf7df, 0xffff, 0xffff, 0xffff, 0xf7df, 0xdf5e, 0xdf7f, 0xdf7f, 0xcf1e,
    0xdf7f, 0xd73e, 0xc6dd, 0xdf7f, 0xdf7f, 0xe79f, 0xe79f, 0xe77f, 0xe79f, 0xe79f, 0xe79f, 0xe79f, 0xe79f, 0xe79f, 0xe79f, 0xe79f,
    0xf7df, 0xffff, 0xffff, 0xffff, 0xf7bf, 0xe77e, 0xe77e, 0xe79f, 0xdf5e, 0xb69c, 0xb6bd, 0xb69c, 0xbe9c, 0xbebd, 0xae1b, 0xae3b,
    0xbebd, 0xe77f, 0xef9f, 0xffff, 0xffff, 0xffff, 0xffff, 0xf7df, 0xefbf, 0xefbf, 0xe77f, 0xef9f, 0xffff, 0xf7df, 0xe79f, 0xe79f,
    0xe79f, 0xe79f, 0xe79f, 0xe79f, 0xdf7e, 0xf7df, 0xffff, 0xffff, 0xffff, 0xffff, 0xefbf, 0xdf7e, 0xdf7f, 0xdf5e, 0xdf5e, 0xdf7e,
    0xdf7e, 0xdf7e, 0xdf5e, 0xdf7e, 0xe77f, 0xdf7e, 0xe77e, 0xe77f, 0xe77f, 0xe77f, 0xdf7e, 0xe79f, 0xffff, 0xffff, 0xffff, 0xcefd,
    0x9d99, 0x9d78, 0x9578, 0xa5b9, 0xcf3e, 0xd73e, 0xe79f, 0xe79f, 0xc6bd, 0xae7c, 0xae7c, 0xcefd, 0xe77f, 0xe77f, 0xd73e, 0xbebd,
    0xbebd, 0xbefe, 0xa5fa, 0xa5b9, 0xa63b, 0xae7c, 0xc71e, 0xb65b, 0xa5d9, 0xae1a, 0xb61a, 0xae1a, 0xbe9c, 0xb69d, 0xb69c, 0xb69c,
    0xb67c, 0xd71e, 0xdf5e, 0xcf1e, 0xa5b9, 0xc638, 0xff39, 0xff39, 0xff39, 0xff39, 0xff39, 0xff59, 0xff39, 0xff7a, 0xffbc, 0xffbc,
    0xffdc, 0xffdc, 0xffdc, 0xffdc, 0xffdc, 0xffbc, 0xffbc, 0xffbc, 0xffbc, 0xffdc, 0xffbc, 0xffbc, 0xffbc, 0xffbc, 0xffbc, 0xffbc,
    0xffbb, 0xffbc, 0xffbc, 0xffbc, 0xffdc, 0xffbc, 0xffdd, 0xffff, 0xffff, 0xffff, 0xffff, 0xffff, 0xffff, 0xffff, 0xffff, 0xffff,
    0xffff, 0xffff, 0xffff, 0xffff, 0xffff, 0xffff, 0xffff, 0xffff, 0xffff, 0xffff, 0xffff, 0xffff, 0xffff, 0xffff, 0xffff, 0xffff,
    0xffff, 0xffff, 0xffff, 0xffff, 0xffff, 0xffff, 0xffff, 0xffff, 0xffff, 0xffff, 0xffff, 0xffff, 0xffff, 0xffff, 0xffff, 0xffff,
    0xffff, 0xffff, 0xffff, 0xffff, 0xffff, 0xffff, 0xffff, 0xffff, 0xffff, 0xffff, 0xffff, 0xffff, 0xffff, 0xffff, 0xffff, 0xffff,
    0xffff, 0xffff, 0xffff, 0xffff, 0xffff, 0xffff, 0xffff, 0xffff, 0xffff, 0xffff, 0xffff, 0xffff, 0xffff, 0xffff, 0xffff, 0xffff,
    0xffff, 0xffff, 0xffff, 0xffff, 0xffff, 0xffff, 0xffff, 0xffff, 0xffff, 0xffff, 0xffff, 0xffff, 0xffff, 0xffff, 0xffff, 0xffff,
    0xffff, 0xffff, 0xffff, 0xffff, 0xffff, 0xffff, 0xffff, 0xffff, 0xffff, 0xffff, 0xffff, 0xffff, 0xffff, 0xffff, 0xffff, 0xffff,
    0xffff, 0xffff, 0xffff, 0xffff, 0xffff, 0xffff, 0xffff, 0xffff, 0xffff, 0xffff, 0xffff, 0xffff, 0xffff, 0xffff, 0xffff, 0xffff,
    0xffff, 0xffff, 0xffff, 0xffff, 0xffff, 0xffff, 0xffff, 0xffff, 0xffff, 0xffff, 0xffff, 0xffff, 0xffff, 0xffff, 0xffff, 0xffff,
    0xffff, 0xffff, 0xffff, 0xffff, 0xffff, 0xffff, 0xffff, 0xffff, 0xffff, 0xffff, 0xffff, 0xffff, 0xffff, 0xffff, 0xffff, 0xffff,
    0xffff, 0xffff, 0xffff, 0xffff, 0xffff, 0xffff, 0xffff, 0xffff, 0xffff, 0xffff, 0xffff, 0xffff, 0xffff, 0xffff, 0xffff, 0xffff,
    0xffff, 0xffff, 0xffff, 0xffff, 0xffff, 0xffff, 0xffff, 0xffff, 0xffff, 0xffff, 0xffff, 0xffff, 0xffff, 0xffff, 0xffff, 0xffff,
    0xffff, 0xffff, 0xffff, 0xffff, 0xffff, 0xffff, 0xffff, 0xffff, 0xffff, 0xffff, 0xffff, 0xffff, 0xffff, 0xffff, 0xffff, 0xffff,
    0xffff, 0xffff, 0xffff, 0xffff, 0xffff, 0xffff, 0xffff, 0xffff, 0xffff, 0xffff, 0xffff, 0xffff, 0xffff, 0xffff, 0xffff, 0xffff,
    0xffff, 0xffff, 0xffff, 0xffff, 0xffff, 0xffff, 0xffff, 0xffff, 0xffff, 0xffff, 0xffff, 0xffff, 0xffff, 0xffff, 0xffff, 0xffff,
    0xffff, 0xffff, 0xffff, 0xffff, 0xffff, 0xffff, 0xffff, 0xffff, 0xffff, 0xffff, 0xffff, 0xffff, 0xffff, 0xffff, 0xffff, 0xffff,
    0xffff, 0xffff, 0xffff, 0xffff, 0xffff, 0xffff, 0xffff, 0xffff, 0xffff, 0xffff, 0xffff, 0xffff, 0xffff, 0xffff, 0xffff, 0xffff,
    0xffff, 0xffff, 0xffff, 0xffff, 0xffff, 0xffff, 0xffff, 0xffff, 0xffff, 0xffff, 0xffff, 0xffff, 0xffff, 0xffff, 0xffff, 0xffff,
    0xffff, 0xffff, 0xffff, 0xffff, 0xffff, 0xffff, 0xffff, 0xffff, 0xffff, 0xffff, 0xffff, 0xffff, 0xffff, 0xffff, 0xffff, 0xffff,
    0xffff, 0xffff, 0xffff, 0xffff, 0xffff, 0xffff, 0xffff, 0xffff, 0xffff, 0xffff, 0xffff, 0xffff, 0xffff, 0xffff, 0xffff, 0xffff,
    0xffff, 0xffff, 0xffff, 0xffff, 0xffff, 0xffff, 0xffff, 0xffff, 0xffff, 0xffff, 0xffff, 0xffff, 0xffff, 0xffff, 0xffff, 0xffff,
    0xffff, 0xffff, 0xffff, 0xffff, 0xffff, 0xffff, 0xffff, 0xffff, 0xffff, 0xffff, 0xffff, 0xffff, 0xffff, 0xffff, 0xffff, 0xffff,
    0xffff, 0xffff, 0xffff, 0xffff, 0xffff, 0xffff, 0xffff, 0xffff, 0xffff, 0xffff, 0xffff, 0xffff, 0xffff, 0xffff, 0xffff, 0xffff,
    0xffff, 0xffff, 0xffff, 0xffff, 0xffff, 0xffff, 0xffff, 0xffff, 0xffff, 0xffff, 0xffff, 0xffff, 0xffff, 0xffff, 0xffff, 0xffff,
    0xffff, 0xffff, 0xffff, 0xffff, 0xffff, 0xffff, 0xffff, 0xffff, 0xffff, 0xffff, 0xffff, 0xffff, 0xffff, 0xffff, 0xffff, 0xffff,
    0xffff, 0xffff, 0xffff, 0xffff, 0xffff, 0xffff, 0xffff, 0xffff, 0xffff, 0xffff, 0xffff, 0xffff, 0xffff, 0xffff, 0xffff, 0xffff,
    0xffff, 0xffff, 0xffff, 0xffff, 0xffff, 0xffff, 0xffff, 0xffff, 0xffff, 0xffff, 0xffff, 0xffff, 0xffff, 0xffff, 0xffff, 0xffff,
    0xffff, 0xffff, 0xffff, 0xffff, 0xffff, 0xffff, 0xffff, 0xffff, 0xffff, 0xffff, 0xffff, 0xffff, 0xffff, 0xffff, 0xffff, 0xffff,
    0xffff, 0xffff, 0xffff, 0xffff, 0xffff, 0xffff, 0xffff, 0xffff, 0xffff, 0xffff, 0xffff, 0xffff, 0xffff, 0xffff, 0xffff, 0xffff,
    0xffff, 0xffff, 0xffff, 0xffff, 0xffff, 0xffff, 0xffff, 0xffff, 0xffff, 0xffff, 0xffff, 0xffff, 0xffff, 0xffff, 0xffff, 0xffff,
    0xffff, 0xffff, 0xffff, 0xffff, 0xffff, 0xffff, 0xffff, 0xffff, 0xffff, 0xffff, 0xffff, 0xffff, 0xffff, 0xffff, 0xffff, 0xffff,
    0xffff, 0xffff, 0xffff, 0xffff, 0xffff, 0xffff, 0xffff, 0xffff, 0xffff, 0xffff, 0xffff, 0xffff, 0xffff, 0xffff, 0xffff, 0xffff,
    0xffff, 0xffff, 0xffff, 0xffff, 0xffff, 0xffff, 0xffff, 0xffff, 0xffff, 0xffff, 0xffff, 0xffff, 0xffff, 0xffff, 0xffff, 0xffff,
    0xffff, 0xffff, 0xffff, 0xffff, 0xffff, 0xffff, 0xffff, 0xffff, 0xffff, 0xffff, 0xffff, 0xffff, 0xffff, 0xffff, 0xffff, 0xffff,
    0xffff, 0xffff, 0xffff, 0xffff, 0xffff, 0xffff, 0xffff, 0xffff, 0xffff, 0xffff, 0xffff, 0xffff, 0xffff, 0xffff, 0xffff, 0xffff,
    0xffff, 0xffff, 0xffff, 0xffff, 0xffff, 0xffff, 0xffff, 0xffff, 0xffff, 0xffff, 0xffff, 0xffff, 0xffff, 0xffff, 0xffff, 0xffff,
    0xffff, 0xffff, 0xffff, 0xffff, 0xffff, 0xffff, 0xffff, 0xffff, 0xffff, 0xffff, 0xffff, 0xffff, 0xffff, 0xffff, 0xffff, 0xffff,
    0xffff, 0xffff, 0xffff, 0xffff, 0xffff, 0xffff, 0xffff, 0xffff, 0xffff, 0xffff, 0xffff, 0xffff, 0xffff, 0xffff, 0xffff, 0xffff,
    0xffff, 0xffff, 0xffff, 0xffff, 0xffff, 0xffff, 0xffff, 0xffff, 0xffff, 0xffff, 0xffff, 0xffff, 0xffff, 0xffff, 0xffff, 0xffff,
    0xffff, 0xffff, 0xffff, 0xffff, 0xffff, 0xffff, 0xffff, 0xffff, 0xffff, 0xffff, 0xffff, 0xffff, 0xffff, 0xffff, 0xffff, 0xffff,
    0xffff, 0xffff, 0xffff, 0xffff, 0xffff, 0xffff, 0xffff, 0xffff, 0xffff, 0xffff, 0xffff, 0xffff, 0xffff, 0xffff, 0xffff, 0xffff,
    0xffff, 0xffff, 0xffff, 0xffff, 0xffff, 0xffff, 0xffff, 0xffff, 0xffff, 0xffff, 0xffff, 0xffff, 0xffff, 0xffff, 0xffff, 0xffff,
    0xffff, 0xffff, 0xffff, 0xffff, 0xffff, 0xffff, 0xffff, 0xffff, 0xffff, 0xffff, 0xffff, 0xffff, 0xffff, 0xffff, 0xffff, 0xffff,
    0xffff, 0xffff, 0xffff, 0xffff, 0xffff, 0xffff, 0xffff, 0xffff, 0xffff, 0xffff, 0xffff, 0xffff, 0xffff, 0xffff, 0xffff, 0xffff,
    0xffff, 0xffff, 0xffff, 0xffff, 0xffff, 0xffff, 0xffff, 0xffff, 0xffff, 0xffff, 0xffff, 0xffff, 0xffff, 0xffff, 0xffff, 0xffff,
    0xffff, 0xffff, 0xffff, 0xffff, 0xffff, 0xffff, 0xffff, 0xffff, 0xffff, 0xffff, 0xffff, 0xffff, 0xffff, 0xffff, 0xffff, 0xffff,
    0xffff, 0xffff, 0xffff, 0xffff, 0xffff, 0xffff, 0xffff, 0xffff, 0xffff, 0xffff, 0xffff, 0xffff, 0xffff, 0xffff, 0xffff, 0xffff,
    0xffff, 0xffff, 0xffff, 0xffff, 0xffff, 0xffff, 0xffff, 0xffff, 0xffff, 0xffff, 0xffff, 0xffff, 0xffff, 0xffff, 0xffff, 0xffff,
    0xffff, 0xffff, 0xffff, 0xffff, 0xffff, 0xffff, 0xffff, 0xffff, 0xffff, 0xffff, 0xffff, 0xffff, 0xffff, 0xffff, 0xffff, 0xffff,
    0xffff, 0xffff, 0xffff, 0xffff, 0xffff, 0xffff, 0xffff, 0xffff, 0xffff, 0xffff, 0xffff, 0xffff, 0xffff, 0xffff, 0xffff, 0xffff,
    0xffff, 0xffff, 0xffff, 0xffff, 0xffff, 0xffff, 0xffff, 0xffff, 0xffff, 0xffff, 0xffff, 0xffff, 0xffff, 0xffff, 0xffff, 0xffff,
    0xffff, 0xffff, 0xffff, 0xffff, 0xffff, 0xffff, 0xffff, 0xffff, 0xffff, 0xffff, 0xffff, 0xffff, 0xffff, 0xffff, 0xffff, 0xffff,
    0xffff, 0xffff, 0xffff, 0xffff, 0xffff, 0xffff, 0xffff, 0xffff, 0xffff, 0xffff, 0xffff, 0xffff, 0xffff, 0xffff, 0xffff, 0xffff,
    0xffff, 0xffff, 0xffff, 0xffff, 0xffff, 0xffff, 0xffff, 0xffff, 0xffff, 0xffff, 0xffff, 0xffff, 0xffff, 0xffff, 0xffff, 0xffff,
    0xffff, 0xffff, 0xffff, 0xffff, 0xffff, 0xffff, 0xffff, 0xffff, 0xffff, 0xffff, 0xffff, 0xffff, 0xffff, 0xffff, 0xffff, 0xffff,
    0xffff, 0xffff, 0xffff, 0xffff, 0xffff, 0xffff, 0xffff, 0xffff, 0xffff, 0xffff, 0xffff, 0xffff, 0xffff, 0xffff, 0xffff, 0xffff,
    0xffff, 0xffff, 0xffff, 0xffff, 0xffff, 0xffff, 0xffff, 0xffff, 0xffff, 0xffff, 0xffff, 0xffff, 0xffff, 0xffff, 0xffff, 0xffff,
    0xffff, 0xffff, 0xffff, 0xffff, 0xffff, 0xffff, 0xffff, 0xffff, 0xffff, 0xffff, 0xffff, 0xffff, 0xffff, 0xffff, 0xffff, 0xffff,
    0xffff, 0xffff, 0xffff, 0xffff, 0xffff, 0xffff, 0xffff, 0xffff, 0xffff, 0xffff, 0xffff, 0xffff, 0xffff, 0xffff, 0xffff, 0xffff,
    0xffff, 0xffff, 0xffff, 0xffff, 0xffff, 0xffff, 0xffff, 0xffff, 0xffff, 0xffff, 0xffff, 0xffff, 0xffff, 0xffff, 0xffff, 0xffff,
    0xffff, 0xffff, 0xffff, 0xffff, 0xffff, 0xffff, 0xffff, 0xffff, 0xffff, 0xffff, 0xffff, 0xffff, 0xffff, 0xffff, 0xffff, 0xffff,
    0xffff, 0xffff, 0xffff, 0xffff, 0xffff, 0xffff, 0xffff, 0xffff, 0xffff, 0xffff, 0xffff, 0xffff, 0xffff, 0xffff, 0xffff, 0xffff,
};

#endif // ABOUT_IMAGE_H
